Date,Open,High,Low,Close,Volume
1996-01-01,4.579047618214953,4.603617764590452,4.548892873059091,4.595799922943115,104121369
1996-01-02,4.584632019821143,4.606968625499883,4.52655606941768,4.560060977935791,168743308
1996-01-03,4.634888998840789,4.845972208904804,4.584631787768701,4.5946831703186035,209323879
1996-01-04,4.55112565780484,4.565644418930275,4.490816177517172,4.552242279052734,216900264
1996-01-05,4.534372960972739,4.534372960972739,4.481881620473414,4.520970821380615,166708467
1996-01-08,4.512037566359698,4.515387729250302,4.2953700325070345,4.340043544769287,186974245
1996-01-09,4.211607074539462,4.288668573123235,4.07088502651127,4.214957237243652,388766555
1996-01-10,4.13231083425994,4.231709229545145,4.087637327785983,4.10662317276001,276606655
1996-01-11,4.065300356299673,4.255163575974412,4.059716056214367,4.235060214996338,409645726
1996-01-12,4.26633067255525,4.2987192481777186,4.162464622313023,4.190385818481445,374687924
1996-01-15,4.178100007082398,4.199319983414509,4.123375134687591,4.146828651428223,199981539
1996-01-16,4.132309975716651,4.176983472909084,4.118907837062168,4.154646873474121,217247573
1996-01-17,4.1323112159288735,4.13789551662486,3.9547337950096093,3.9893553256988525,299629901
1996-01-18,3.8877223968807466,3.9513817381112477,3.837464299970562,3.878787040710449,377502810
1996-01-19,3.825179661678476,3.8732039268463674,3.784973536025527,3.8106606006622314,324535340
1996-01-22,3.8229470911538908,3.925696270753435,3.8195960329073695,3.8754384517669678,338613971
1996-01-23,3.88884012971931,3.9055927340373273,3.5068806916040023,3.7112627029418945,354919302
1996-01-24,3.6788735530185694,3.7012104566109434,3.5292170447561286,3.58394193649292,351185727
1996-01-25,3.5761244278469326,3.591760112656393,3.411949140702376,3.43316912651062,360855771
1996-01-26,3.43316912651062,3.43316912651062,3.43316912651062,3.43316912651062,0
1996-01-29,3.417532587841036,3.7358326493309897,3.39631320027506,3.703443765640259,652902286
1996-01-30,3.8195959136981688,4.221659049686843,3.763754391549307,4.036263465881348,1061936020
1996-01-31,3.9982899465059694,4.149063363828442,3.8475162308609323,3.9480321407318115,731560842
1996-02-01,3.908942406922447,4.13231083425994,3.8977744032071695,4.10662317276001,640422958
1996-02-02,4.216073055833915,4.601383458603719,4.216073055833915,4.552242279052734,818725675
1996-02-05,4.80241512308046,5.030250627915096,4.658342925945451,4.930851936340332,1222482548
1996-02-06,5.049237036321116,5.13746772383544,4.413754492219263,4.51762056350708,1242315590
1996-02-07,4.267448429389316,4.646057671009938,4.22277492128221,4.601384162902832,895441820
1996-02-08,4.6482908868489,5.084976046265709,4.601383840864497,5.003446578979492,821653997
1996-02-09,5.182141405484235,5.405509250617168,5.00568061093631,5.293825626373291,994440377
1996-02-12,5.1598039620119565,5.249150966226134,4.891761756079262,4.962122917175293,971599188
1996-02-13,4.9140992365336995,5.453533575900111,4.871659568598235,5.26032018661499,1019034918
1996-02-14,5.394341104799457,5.4714026006486645,5.2234649135938485,5.263670444488525,622459505
1996-02-15,5.137467833608779,5.3049938548533895,5.092794029061838,5.17990779876709,699136437
1996-02-16,5.092793655775234,5.14305145846487,5.049236774115198,5.0883259773254395,495646793
1996-02-19,5.18214133397808,5.253619425287237,5.109546919556742,5.1397013664245605,518231701
1996-02-20,5.137468189998689,5.158687875727302,4.802415527621485,4.868309020996094,639131752
1996-02-21,4.868309020996094,4.868309020996094,4.868309020996094,4.868309020996094,0
1996-02-22,4.981109030200618,5.159803314527847,4.937552154828151,5.125181198120117,613558303
1996-02-23,5.115130666692039,5.126298670418455,4.985576930975463,5.070457458496094,546094871
1996-02-26,5.1262986697686515,5.232398881672136,5.049237176814615,5.081625461578369,544960514
1996-02-27,5.11066175568829,5.137466628775339,4.937552071537312,5.023548603057861,542491536
1996-02-28,5.120714542180252,5.177672665762072,5.0369509461883055,5.04811954498291,427826248
1996-02-29,5.003447314305566,5.021316539930373,4.701900440144739,4.732055187225342,697898447
1996-03-01,4.768910660435238,4.829219853792764,4.658343358462556,4.758858680725098,723172202
1996-03-04,4.780077354000777,4.802414251890117,4.654991322465488,4.709716796875,673407539
1996-03-05,4.709716796875,4.709716796875,4.709716796875,4.709716796875,0
1996-03-06,4.791246497395406,4.909631622198482,4.748806535736849,4.8772430419921875,543855566
1996-03-07,4.9453726875749755,5.0313692673796355,4.897348108243613,4.920801639556885,854410306
1996-03-08,4.858257503303547,4.914099313828728,4.796831690719397,4.895113468170166,646827174
1996-03-11,4.824751810046996,4.925267721358448,4.805765965133308,4.9107489585876465,631091821
1996-03-12,4.9029311074935595,5.31616186062041,4.880594205211206,5.163154602050781,803011329
1996-03-13,5.025783701333317,5.098378709469412,4.9643569953521585,5.074923992156982,577715422
1996-03-14,5.07045755384676,5.124065524019027,5.03695175210201,5.073807716369629,597611484
1996-03-15,5.047004122289597,5.062639805403858,4.8694258160264825,4.907398700714111,622444100
1996-03-18,4.857139686651619,4.86942460748734,4.66615988248234,4.6840291023254395,667319823
1996-03-19,4.668395501247646,4.7532757503190775,4.299838165790955,4.395886421203613,1037292464
1996-03-20,4.395886421203613,4.395886421203613,4.395886421203613,4.395886421203613,0
1996-03-21,4.579047984573205,4.759975575016187,4.579047984573205,4.710834980010986,670459612
1996-03-22,4.622604181350937,4.622604181350937,4.433857869821974,4.51985502243042,674824785
1996-03-25,4.577932268205161,4.603619343144681,4.428275112542775,4.493052005767822,457166882
1996-03-26,4.467363382088789,4.556710697462178,4.322173957316708,4.464012622833252,532380354
1996-03-27,4.623720336007891,4.689613817183525,4.602500355885182,4.622603416442871,377229724
1996-03-28,4.634888269184416,4.706366347118218,4.619252588797662,4.682912826538086,359409115
1996-03-29,4.677329421326121,4.707484168562052,4.605851623490902,4.620370388031006,325958187
1996-04-01,4.640473078253945,4.679562880159014,4.601383872993998,4.663926601409912,247509698
1996-04-02,4.673978293071562,4.735404396366502,4.6293047905227445,4.676211833953857,367425238
1996-04-03,4.781194818539639,4.833686758305635,4.70413303410064,4.715301036834717,297032084
1996-04-04,4.668394052877457,4.675095272254835,4.610318409327098,4.659459590911865,241840713
1996-04-05,4.659459590911865,4.659459590911865,4.659459590911865,4.659459590911865,0
1996-04-08,4.718653754511927,4.762210653862984,4.688499299308685,4.737639904022217,228109392
1996-04-09,4.796832060450965,4.851556955453421,4.718652744051077,4.743223190307617,320184170
1996-04-10,4.802414352121698,4.823634330978828,4.722001816364285,4.740988254547119,285103129
1996-04-11,4.696315479890616,4.7242366817185,4.665044115696266,4.691847801208496,216484333
1996-04-12,4.691848198645652,4.8582576090709475,4.670628214720885,4.820285320281982,341108156
1996-04-15,4.914099532452122,5.042536657006332,4.904048149305252,4.9442548751831055,476612002
1996-04-16,4.958774114795482,5.0201999360041265,4.91410000379319,4.955423355102539,388937409
1996-04-17,5.0927949471293985,5.221231188806444,5.044770374842221,5.166506290435791,410008440
1996-04-18,5.3273315077138035,5.478104956520054,5.286008454113626,5.450184345245361,686239778
1996-04-19,5.494856907218343,5.595371920219828,5.4401308271104565,5.484804630279541,657928468
1996-04-22,5.539531292669979,5.550699298355196,5.282658212231311,5.3105788230896,577856867
1996-04-23,5.261436961579917,5.332915048740624,5.193309633496794,5.274839401245117,570256675
1996-04-24,5.5194262792527855,5.765131877263723,5.499322920391507,5.7025885581970215,534899747
1996-04-25,5.740562095783973,5.863414921661132,5.316162400900474,5.412210941314697,620220200
1996-04-26,5.405507737838386,5.527243605968285,5.271486948936484,5.460233211517334,632532875
1996-04-29,5.405510349700939,5.433431559761621,5.31057930945616,5.415562629699707,421084526
1996-04-30,5.405508964412696,5.584204185689984,5.372004356229637,5.464702129364014,429361131
1996-05-01,5.963929247567784,6.028705809197723,5.9025028479888375,5.942708969116211,495470338
1996-05-02,5.8969186524523245,5.9773314968379365,5.80757164422453,5.947176456451416,506967956
1996-05-03,5.895801786082053,5.930424505347604,5.785235093601116,5.812039375305176,493527926
1996-05-06,5.673551740148018,5.704823108527892,5.456884807838544,5.485922336578369,591063023
1996-05-07,5.478104363109472,5.594255668573679,5.456884676973498,5.552933216094971,548608662
1996-05-08,5.450181678516442,5.662381442260879,5.383170692967444,5.583085536956787,785659868
1996-05-09,5.478102104247099,5.593136442484351,5.416675717464079,5.446830749511719,609397594
1996-05-10,5.316160759348979,5.420027109703522,5.2837724814908995,5.389872074127197,606288615
1996-05-13,5.461351839542895,5.537297016789497,5.430080471454646,5.503791809082031,398370778
1996-05-14,5.49485694387332,5.693654325172926,5.466935742125746,5.656798362731934,651015892
1996-05-15,5.567452124676851,5.718225561065577,5.45130081619675,5.669084072113037,917242481
1996-05-16,5.73497736952578,5.818740983481309,5.663500469833889,5.701472759246826,688543503
1996-05-17,5.584203648810937,5.651214052024803,5.557399368196373,5.58867073059082,565289312
1996-05-20,5.517194073158357,5.526128834703397,5.396575090622906,5.413327693939209,326115037
1996-05-21,5.380938672970133,5.450182916336051,5.349666713506273,5.394340515136719,456241191
1996-05-22,5.450182268514906,5.47698594966213,5.406625391683129,5.423377990722656,319336904
1996-05-23,5.387639785362591,5.409976388648414,5.35190074278918,5.378705024719238,294687746
1996-05-24,5.675303521839176,5.691645315149324,5.64495403169907,5.674136161804199,236779521
1996-05-27,5.626277979791609,5.626277979791609,5.497877719259105,5.507215976715088,385864842
1996-05-28,5.39282118686138,5.39282118686138,5.265587700706319,5.3286213874816895,545547298
1996-05-29,5.440680456925356,5.707987201604125,5.440680456925356,5.632114410400391,514643772
1996-05-30,5.6729694574586,5.689311250861215,5.49320785926053,5.529394149780273,528103408
1996-05-31,5.608767240984225,5.614604039989421,5.511883860573615,5.56441068649292,445949352
1996-06-03,5.672970374456319,5.754679354677108,5.6379514383175815,5.734836101531982,488962489
1996-06-04,5.835220991287009,5.87023867660353,5.550405079601031,5.653125286102295,719201952
1996-06-05,5.7196603734446,5.7196603734446,5.566746802183001,5.616939544677734,333800656
1996-06-06,5.695145957364046,5.813041197372938,5.672968614229489,5.709153652191162,331038987
1996-06-07,5.62861106499988,5.731331243586737,5.620440170048182,5.704484462738037,223961286
1996-06-10,5.684642138271865,5.7079874696794795,5.626277874368127,5.653125286102295,181533533
1996-06-11,5.626279051763492,5.661297367997998,5.577253658471158,5.60876989364624,245694726
1996-06-12,5.696314129871816,5.753510400177564,5.651957571361571,5.693978786468506,200355457
1996-06-13,5.684641426239716,5.7161576508719065,5.653124578017801,5.6718010902404785,116946606
1996-06-14,5.69631461982577,5.743005902165663,5.677637483300066,5.731332302093506,122670207
1996-06-17,5.748841955540255,5.748841955540255,5.639118211975687,5.653125286102295,107843741
1996-06-18,5.626275967509599,5.626275967509599,5.441846228203946,5.508381366729736,191150360
1996-06-19,5.509548392567006,5.53289434087963,5.300605959065719,5.3437957763671875,239238694
1996-06-20,5.299440352073075,5.3753131412818425,5.2410760924450175,5.351967811584473,284643785
1996-06-21,5.320450983000851,5.355468661787778,5.173373302352488,5.2037224769592285,353062318
1996-06-24,5.161701657993866,5.2060585364632495,5.079992061785131,5.159367561340332,307595608
1996-06-25,5.182711843331996,5.206057482062635,4.94925607961529,5.050808906555176,349199902
1996-06-26,5.08232602286531,5.08232602286531,4.929413396797816,4.953926086425781,296123198
1996-06-27,4.908401884737556,5.089329582004184,4.847703220536292,5.042638301849365,538798574
1996-06-28,5.089329653109369,5.176875726674081,4.938751129942147,4.98660945892334,759474427
1996-07-01,4.927077859014324,5.0823255009724875,4.820855279482939,4.873383045196533,553501802
1996-07-02,4.8768855381511775,4.923576508326061,4.739146724032708,4.770663261413574,568077589
1996-07-03,4.7041270541929325,4.714632980029203,4.400635348264771,4.4508280754089355,645479950
1996-07-04,4.3714552072755195,4.571059781984245,4.30025090797539,4.434488296508789,806775714
1996-07-05,4.476508548598284,4.517363651795109,4.308421190449164,4.3679518699646,595286753
1996-07-08,4.457832405736559,4.832528757345678,4.3551122136443245,4.401803493499756,347866683
1996-07-09,4.366785494488423,4.832529439906396,4.015434733181201,4.185857772827148,541834730
1996-07-10,4.03878001073817,4.201032138513862,4.017769401430196,4.11465311050415,479966058
1996-07-11,4.16718031461773,4.260562249769705,4.098311067289307,4.125158786773682,458245222
1996-07-12,4.0971426914074645,4.1076479928148135,3.9348912373649294,3.9710772037506104,688976239
1996-07-15,3.9453973539674707,4.388962930676584,3.8776951575763845,4.19169282913208,1448889005
1996-07-16,4.669110692312159,5.069486847966633,4.669110692312159,5.062483310699463,858611628
1996-07-17,4.879220524745755,5.346131529022733,4.79984595957768,5.1523637771606445,1115459465
1996-07-18,5.228236530515593,5.410331604034836,5.228236530515593,5.400993347167969,848594275
1996-07-19,5.4500183265482,5.671801131311322,5.4500183265482,5.668299674987793,393554662
1996-07-22,5.486205248464511,5.7826941706001564,5.238742338400212,5.584256649017334,405630663
1996-07-23,5.789696793077989,5.864402847817471,5.517720608183116,5.632114410400391,488003187
1996-07-24,5.4873715921629245,5.4873715921629245,5.069486324680837,5.083493709564209,447774126
1996-07-25,5.037970966215661,5.112676096410127,4.83019550081067,4.854708194732666,593621628
1996-07-26,4.832528671306225,4.935248861569605,4.725139041345581,4.857041358947754,534079089
1996-07-29,4.922409548479199,5.095166359483628,4.893227418775572,4.953926086425781,442365624
1996-07-30,4.881553840878167,4.902565071451027,4.706462019608419,4.823190212249756,411938248
1996-07-31,4.855874708067061,5.0601486938816755,4.617750085658151,4.991279125213623,419615464
1996-08-01,5.088162113951756,5.136020441247533,4.869881708993579,4.900230884552002,573738171
1996-08-02,4.8838897308607985,4.936416569346197,4.797510697226014,4.833696365356445,363985756
1996-08-05,4.8231897560379355,4.853539239151432,4.740313136845199,4.758989334106445,229500029
1996-08-06,4.739146267048509,4.890892451125395,4.695956757442426,4.808015823364258,330688876
1996-08-07,4.826693092061368,4.937584822669338,4.797510959229299,4.915406227111816,305888471
1996-08-08,4.946921331818496,4.977270504186117,4.79750956600086,4.819687843322754,287014731
1996-08-09,4.8278594792858165,4.888557833336254,4.785837949598032,4.858208656311035,237997904
1996-08-12,4.879219638535502,4.915405301830488,4.834863079360005,4.857041358947754,193398067
1996-08-13,4.8442018624348915,4.924744410651013,4.827860067843308,4.885056972503662,196437024
1996-08-14,4.801012347177979,4.890892829408399,4.801012347177979,4.818521499633789,172025941
1996-08-15,4.818521499633789,4.818521499633789,4.818521499633789,4.818521499633789,0
1996-08-16,4.820855595995428,4.853540116340275,4.77533198668724,4.818521499633789,151178980
1996-08-19,4.797511083469541,4.809184061622625,4.578063272243454,4.604910373687744,224927590
1996-08-20,4.558218864540286,4.750819876815935,4.53253912451041,4.6551032066345215,352114219
1996-08-21,4.781167186453117,4.888556480407715,4.750818017827158,4.888556480407715,308818193
1996-08-22,5.04263834080796,5.076489908925309,4.894394538504398,4.923576354980469,469709230
1996-08-23,4.925910671319046,5.036802382528391,4.902565343291153,4.983107566833496,350177410
1996-08-26,4.937584748452863,4.981940691721556,4.865213097532535,4.885056972503662,279394933
1996-08-27,4.879219012624049,4.908401136219329,4.809182414867077,4.845368385314941,301803385
1996-08-28,4.8558744896366886,4.99011122885525,4.8558744896366886,4.980772972106934,171898501
1996-08-29,4.994778769683843,5.006451742077855,4.923574822900474,4.934080123901367,174203626
1996-08-30,4.928245292584863,4.953925965193039,4.9048996517522525,4.938751220703125,122273882
1996-09-02,4.9515911979734755,4.9831080486275505,4.928245555893542,4.9655985832214355,118106171
1996-09-03,4.983108099999511,5.0169590475182275,4.81151801868665,4.840700149536133,276108098
1996-09-04,4.815019623443241,4.858208511830817,4.788171903579333,4.846536159515381,135678901
1996-09-05,4.866379397654329,4.931747189560125,4.866379397654329,4.918907165527344,143526971
1996-09-06,4.938750581159443,4.945754428399698,4.8582080527680755,4.878052234649658,111851802
1996-09-09,4.876885817184354,4.87922022551897,4.820855963820004,4.840700149536133,108053807
1996-09-10,4.83603069983955,4.83603069983955,4.768329116729128,4.797510623931885,144573101
1996-09-11,4.78817298522689,4.853541103831649,4.718136672949072,4.746151447296143,124726054
1996-09-12,4.7158019669560405,4.743816115946782,4.634092057698622,4.711132526397705,271684106
1996-09-13,4.737979800256699,4.747317745101008,4.658604618823594,4.6702775955200195,181943862
1996-09-16,4.64693175674849,4.64693175674849,4.468337839948066,4.503356456756592,209209043
1996-09-17,4.506857063070617,4.622417572537896,4.50102119966048,4.5710577964782715,177238381
1996-09-18,4.552382198792186,4.844201638464931,4.546546333814148,4.794009208679199,203848156
1996-09-19,4.8080159076095494,4.845368930237987,4.5990725152304375,4.621251106262207,245822166
1996-09-20,4.613080671100894,4.691288180294204,4.575727644742968,4.595571517944336,159067662
1996-09-23,4.576896856776478,4.599074522101244,4.4858492920820465,4.536041736602783,163084127
1996-09-24,4.552380975720104,4.62008316481488,4.540708625310216,4.5710577964782715,132116180
1996-09-25,4.620083914748287,4.692455554626096,4.587400330552006,4.6037421226501465,148154028
1996-09-26,4.58039793565877,4.596739731828473,4.4940195138532655,4.531372547149658,131553203
1996-09-27,4.5278688870000385,4.5278688870000385,4.369119163524333,4.392465114593506,258151647
1996-09-30,4.365616699141311,4.480010157439049,4.328263994056065,4.460165977478027,248744886
1996-10-01,4.4823441054726105,4.502188284779165,4.4018025229169995,4.448493480682373,186225010
1996-10-02,4.448493480682373,4.448493480682373,4.448493480682373,4.448493480682373,0
1996-10-03,4.494017683996232,4.550046587537313,4.395966323312318,4.42864990234375,152664847
1996-10-04,4.453164163460974,4.4881827862149875,4.348109542378608,4.451996803283691,180091079
1996-10-07,4.462501597607028,4.462501597607028,4.213871091830284,4.365617275238037,272128046
1996-10-08,4.3446064374922715,4.435653962160101,4.238383857687535,4.384293556213379,196707309
1996-10-09,4.435653685987851,4.48234464941932,4.371453572295226,4.441490173339844,175357589
1996-10-10,4.428651051958702,4.575727819368805,4.407639817933068,4.560553073883057,194458201
1996-10-11,4.581562723081287,4.634090166385607,4.508024676608977,4.554715633392334,218296503
1996-10-14,4.511526817507242,4.529035967935755,4.401803099163733,4.4204792976379395,161673883
1996-10-15,4.392464907470044,4.470672405607652,4.336435375853699,4.407639026641846,162204650
1996-10-16,4.483512031702688,4.5045232615571615,4.385461288620895,4.400635719299316,139300441
1996-10-17,4.378457879200234,4.55238172844902,4.338769823398529,4.513861656188965,280674936
1996-10-18,4.540708003413232,4.622416939450027,4.477675261987091,4.5477118492126465,449426646
1996-10-21,4.5477118492126465,4.5477118492126465,4.5477118492126465,4.5477118492126465,0
1996-10-22,4.5815634230505875,4.797509715781015,4.5815634230505875,4.709964275360107,404608341
1996-10-23,4.953925688705659,5.012289008042653,4.8792196422107805,4.984274864196777,321409556
1996-10-24,5.018125589743353,5.157031757799595,4.869881789290283,4.918907165527344,664698198
1996-10-25,4.901398755103769,5.02513019795426,4.892060809499213,4.994781017303467,307185279
1996-10-28,5.019293135934611,5.042638464972353,4.914238531675035,4.938751220703125,198911602
1996-10-29,4.915406495133126,5.042639403926095,4.810351559517154,4.8617119789123535,255387177
1996-10-30,4.8617119789123535,4.8617119789123535,4.8617119789123535,4.8617119789123535,0
1996-10-31,4.775331920019516,4.775331920019516,4.659771390706546,4.715801239013672,174959864
1996-11-01,4.749651935254242,5.0426383987263,4.5628877464315165,4.593236923217773,176580174
1996-11-04,4.552382152198284,4.552382152198284,4.3609488212358976,4.4053053855896,219855194
1996-11-05,4.392464977058635,4.450828605724716,4.295580655052501,4.322427749633789,171643620
1996-11-06,4.229047361963118,4.324764359014479,4.112319750249563,4.271069526672363,375113658
1996-11-07,4.328264258334278,4.350442535512282,4.272235041387938,4.3305983543396,197698821
1996-11-08,4.353944423837648,4.391297446709084,4.213871211659461,4.369119167327881,156443236
1996-11-11,4.266399277039528,4.341105016223439,4.2208753551730505,4.282741069793701,160514318
1996-11-12,4.282741069793701,4.282741069793701,4.282741069793701,4.282741069793701,0
1996-11-13,4.248889463441435,4.383126176377043,4.248889463441435,4.35861349105835,91577621
1996-11-14,4.342271827491753,4.3656171536776345,4.280406120688986,4.301417350769043,79014267
1996-11-15,4.287409816499398,4.386628547781265,4.2734024331872105,4.356279373168945,89604400
1996-11-18,4.377291039323792,4.487014773360036,4.377291039323792,4.475341796875,160543727
1996-11-19,4.485847631013633,4.504523831767004,4.376122963895298,4.419312477111816,147561641
1996-11-20,4.42398061369089,4.42398061369089,4.251223235310755,4.268732070922852,116320609
1996-11-21,4.261730443211776,4.309589403670709,4.152006382922752,4.194028854370117,209685193
1996-11-22,4.14850516902999,4.218541794091596,4.123991851386534,4.15200662612915,232072639
1996-11-25,4.137997133331709,4.442656796209784,4.056288194726847,4.350441932678223,357273443
1996-11-26,4.426316989308034,4.5442116350209805,4.273403409620846,4.421647548675537,398213928
1996-11-27,4.27223512479842,4.27223512479842,4.137997787517271,4.239551544189453,222453012
1996-11-28,4.248888631893153,4.294412537769628,4.190524705963398,4.217372417449951,130021121
1996-11-29,4.246554997502351,4.2792392058692394,4.209202908233198,4.232548236846924,100735104
1996-12-02,4.208035175497319,4.271068564255093,4.182355437209506,4.222042560577393,73168828
1996-12-03,4.202198892377634,4.351610049640544,4.195195044637359,4.255893707275391,200186004
1996-12-04,4.225545103501309,4.225545103501309,4.134497253124395,4.1963629722595215,134967477
1996-12-05,4.157841323670625,4.316591009971532,4.1263247959793015,4.268732070922852,189137926
1996-12-06,4.289745148781475,4.317760233236991,4.248890661728395,4.275737762451172,111482086
1996-12-09,4.248888827827401,4.308420116087629,4.245386748910207,4.268732070922852,81383813
1996-12-10,4.248890497860757,4.258228755054143,4.168347951619084,4.19519567489624,109884183
1996-12-11,4.212703993838817,4.489348639105519,4.212703993838817,4.4881815910339355,204542775
1996-12-12,4.529037189553704,4.560553419390042,4.372622153347755,4.390130996704102,242914851
1996-12-13,4.367951227361503,4.412308092028277,4.325929705801187,4.391296863555908,126536824
1996-12-16,4.419311023572775,4.575725985231245,4.419311023572775,4.5477118492126465,198617510
1996-12-17,4.540709589279198,4.578062615135771,4.440323799981971,4.4870147705078125,168830135
1996-12-18,4.552381306270035,4.63992768223866,4.520865084849471,4.553549289703369,197738033
1996-12-19,4.540710566971075,4.610747193737346,4.499856075887378,4.555885314941406,133691676
1996-12-20,4.61307993329327,4.797509691950972,4.61307993329327,4.762491703033447,359023994
1996-12-23,4.784670556578954,4.784670556578954,4.659771457592943,4.691287994384766,208125102
1996-12-24,4.678448635712118,4.715801663415237,4.6340917594172195,4.681950092315674,152832900
1996-12-25,4.681950092315674,4.681950092315674,4.681950092315674,4.681950092315674,0
1996-12-26,4.762492100744143,4.920074155314414,4.762492100744143,4.896728515625,144718746
1996-12-27,4.896728515625,4.896728515625,4.896728515625,4.896728515625,0
1996-12-30,4.896728515625,4.896728515625,4.896728515625,4.896728515625,0
1996-12-31,4.920073846851589,4.925910334356739,4.788171536516976,4.824357509613037,104373449
1997-01-01,4.890892976893289,5.147693783390713,4.890892976893289,5.122014045715332,282841417
1997-01-02,5.134853940849799,5.136021300972988,4.986610118026305,5.000617504119873,208595650
1997-01-03,4.962096597138409,5.071820323718056,4.962096597138409,5.0589799880981445,196512647
1997-01-06,5.089330172057327,5.112675503046517,5.007620890005371,5.026297092437744,131549002
1997-01-07,5.021628412838581,5.099835923701904,4.991278922377256,5.061315536499023,192860298
1997-01-08,5.1815451006942395,5.251582029443659,5.1010031782734755,5.144192695617676,270772419
1997-01-09,5.106838721752862,5.1803767817904545,5.074154515924254,5.132518768310547,201638261
1997-01-10,5.217731360192888,5.238742285299828,5.165203891528071,5.196720123291016,203125529
1997-01-13,5.136021102931608,5.206058342493768,5.101003106740313,5.188548564910889,167282648
1997-01-14,5.229403420428709,5.4978772059395,5.173373880924112,5.395156383514404,215142711
1997-01-15,5.486204388372458,5.773355007171631,5.452353441119821,5.773355007171631,367418236
1997-01-16,6.178399243823978,6.178399243823978,5.544568296110052,5.62977933883667,426196135
1997-01-17,5.439512429258201,5.7663507550394835,5.439512429258201,5.688143253326416,364585144
1997-01-20,5.696313680191858,5.707986031159112,5.446516140365903,5.4850358963012695,215271551
1997-01-21,5.451186086344256,5.5328950450689325,5.325119321308334,5.377647399902344,227253722
1997-01-22,5.532893942416,5.754676693876016,5.532893942416,5.745338439941406,292349010
1997-01-23,5.745338439941406,5.745338439941406,5.745338439941406,5.745338439941406,0
1997-01-24,5.883079910940425,6.096691877264745,5.883079910940425,6.048833847045898,520318358
1997-01-27,6.186569607368147,6.420025346630168,6.1515513088378055,6.263610363006592,516657606
1997-01-28,6.39084543219464,6.44687497864454,6.24843746932685,6.425863742828369,335030243
1997-01-29,6.723518860534858,6.723518860534858,6.263611460038693,6.402517318725586,503528474
1997-01-30,6.2799534771398156,6.501736289142514,6.268280500637648,6.395514011383057,592714143
1997-01-31,6.269447496731686,6.373335682365458,6.163225214572603,6.251938343048096,512306436
1997-02-03,6.05817081028347,6.180734883928598,5.8363879929671265,5.907591342926025,386045499
1997-02-04,5.897085600261332,6.25427215905422,5.873740273254572,6.158555507659912,487395396
1997-02-05,6.3383168409151756,6.394347006519579,6.100192222737713,6.141047954559326,367611497
1997-02-06,6.141047257463012,6.310301977188514,6.0593370502746255,6.240265369415283,445404581
1997-02-07,6.268281337302537,6.430532552031591,6.209917694181051,6.388510704040527,454092915
1997-02-10,6.390844807155414,6.408353337170072,6.254273034887,6.365164756774902,322994855
1997-02-11,6.325476190326258,6.465548763626254,6.303297601570931,6.417690753936768,253800477
1997-02-12,6.420026016314439,6.49589879651473,6.340651156459958,6.3931779861450195,251775440
1997-02-13,6.355827347749149,6.418860433851021,6.3173075788351225,6.3698344230651855,202465921
1997-02-14,6.349987805682954,6.42002439233313,6.344151007735756,6.396678447723389,144386842
1997-02-17,6.478389411819104,6.5367530388232815,6.385006860304828,6.423527240753174,233793781
1997-02-18,6.431699025199783,6.431699025199783,6.215751787958411,6.2624430656433105,250776926
1997-02-19,6.305633976755335,6.387344202595013,6.22042291747143,6.3698344230651855,290382791
1997-02-20,6.349991152335933,6.3850088405269645,6.271783630931284,6.3068013191223145,209330882
1997-02-21,6.256607018140948,6.288123865070995,6.1959086677001185,6.216919898986816,200382065
1997-02-24,6.170228603626041,6.174898043744435,5.954282587894306,5.98346471786499,239367535
1997-02-25,5.953114130925458,6.276450350313969,5.907590216108292,6.104860305786133,513271340
1997-02-26,6.067507610641623,6.1982431866035395,6.0324893086921,6.159722805023193,257479435
1997-02-27,6.188905998726274,6.320808333727803,6.184236558413059,6.296295642852783,279361322
1997-02-28,6.799392346488002,6.9803207048730895,6.676828256299971,6.857756614685059,165116166
1997-03-03,7.1694190293537465,7.318830513834595,7.085374718564026,7.125062465667725,335152081
1997-03-04,7.155411505138983,7.235953737743702,7.060862198859435,7.1880950927734375,292860171
1997-03-05,7.423885615690526,7.4694095405298535,6.961644077637637,7.095880508422852,627047348
1997-03-06,6.9826531567372525,7.073700994578603,6.921954806039586,7.02000617980957,417566619
1997-03-07,7.02000617980957,7.02000617980957,7.02000617980957,7.02000617980957,0
1997-03-10,6.87292847078412,6.87292847078412,6.64414217181274,6.681495189666748,383942037
1997-03-11,6.630135123318053,6.7001723504025135,6.256606779209083,6.32547664642334,567678463
1997-03-12,6.557765539079991,6.626634794418516,6.4106887714426515,6.507572174072266,436392744
1997-03-13,6.570603691724691,6.579941945580301,6.382671878521413,6.422358989715576,278082720
1997-03-14,6.349988352635711,6.653480046397723,6.321972967255121,6.551926612854004,679037311
1997-03-17,6.5822769833990336,6.6768262715779825,6.5040694859088255,6.642975330352783,474945478
1997-03-18,6.6418084137220506,6.837911785842172,6.62079780583003,6.730522155761719,463348428
1997-03-19,6.8624249682948415,6.8927738341902725,6.560099304222076,6.591616153717041,355162979
1997-03-20,6.54842532622514,6.722349452726644,6.472552556725648,6.6359710693359375,430199995
1997-03-21,6.723519552384585,6.791220825153637,6.68266444367994,6.736358642578125,297467621
1997-03-24,6.736358642578125,6.736358642578125,6.736358642578125,6.736358642578125,0
1997-03-25,6.787719368480816,6.816901499899878,6.67799562691958,6.736358642578125,318629681
1997-03-26,6.811062728439163,6.90794735176985,6.783047965214705,6.809895992279053,417441980
1997-03-27,6.781883579997275,6.833244313563722,6.735192911067607,6.8075642585754395,223496340
1997-03-28,6.80756425857544,6.80756425857544,6.80756425857544,6.8075642585754395,0
1997-03-31,6.331311167244313,6.331311167244313,6.127038189386394,6.135209083557129,3646747
1997-04-01,5.657794818993753,6.208749513217246,5.602932634520045,6.095524311065674,479214021
1997-04-02,6.300963811255654,6.346487108086787,6.12237020944681,6.198243618011475,369832596
1997-04-03,6.208747120926728,6.297460220569058,6.14454732734603,6.254271030426025,291468133
1997-04-04,6.160890569778485,6.250771050312894,6.117701369441766,6.2274250984191895,195533739
1997-04-07,6.204078150919855,6.208746965926257,6.123535947445603,6.164391040802002,177526872
1997-04-08,6.164391040802002,6.164391040802002,6.164391040802002,6.164391040802002,0
1997-04-09,6.3476551417953875,6.4235279273698955,6.306800037294731,6.402517318725586,352918072
1997-04-10,6.314971387817109,6.3441535183328845,5.982297469578398,6.21225118637085,344044880
1997-04-11,5.999806654722353,6.325477661544858,5.989301661384018,6.251938343048096,283048683
1997-04-14,6.251938343048096,6.251938343048096,6.251938343048096,6.251938343048096,0
1997-04-15,6.250770678658989,6.2892904368907985,6.153886044163135,6.1994099617004395,189804536
1997-04-16,6.1994099617004395,6.1994099617004395,6.1994099617004395,6.1994099617004395,0
1997-04-17,6.279952934038851,6.556597277420646,6.251937543420568,6.529749870300293,360463647
1997-04-18,6.529749870300293,6.529749870300293,6.529749870300293,6.529749870300293,0
1997-04-21,6.571773921246449,6.987324216725086,6.562435663312896,6.984990119934082,407274780
1997-04-22,7.1437361063305715,7.423883097166931,6.93479369057095,7.070198059082031,726681706
1997-04-23,7.237119742155969,7.260465692027224,7.132064838504318,7.157744884490967,382890306
1997-04-24,7.1869268669837405,7.207938096731721,7.076035789866329,7.111053466796875,280897606
1997-04-25,7.07253625879144,7.146074965817568,7.05736119913232,7.130899906158447,242518527
1997-04-28,7.120393025495634,7.181091382604438,7.085374718564026,7.125062465667725,173475397
1997-04-29,7.098211643602179,7.13673201553163,7.07603430585532,7.123892307281494,156500655
1997-04-30,7.295483531817374,7.34801098481077,7.213774576220767,7.230116367340088,339969597
1997-05-01,7.230116367340088,7.230116367340088,7.230116367340088,7.230116367340088,0
1997-05-02,7.167083164754438,7.189261756780332,7.114556331764589,7.128563404083252,163351611
1997-05-05,7.031680512649886,7.062029379370287,6.963977995370212,6.983821868896484,257829546
1997-05-06,7.003663929298791,7.097046480862042,6.981485963046056,7.069031715393066,198544687
1997-05-07,7.097047152945925,7.097047152945925,7.0083340323546155,7.022341728210449,138215100
1997-05-08,7.024674477799981,7.059692775341489,6.989656180258472,7.046853065490723,99379477
1997-05-09,7.062028972086811,7.071367228290629,7.01533769106772,7.031680107116699,85274238
1997-05-12,7.027011659905131,7.044520191222223,6.819235897710605,6.8379130363464355,273476670
1997-05-13,6.828573992359093,6.875265278860448,6.807563381125836,6.832076072692871,166270129
1997-05-14,6.835576030497519,6.931293302733384,6.727019670622629,6.911449432373047,357819615
1997-05-15,6.8694263750269355,6.921953194054091,6.846081052838249,6.867091655731201,195812427
1997-05-16,7.124944235680501,7.17349600590612,7.115234530073043,7.155289173126221,116368224
1997-05-19,7.234185627141185,7.309440057805123,7.177137380181106,7.213551044464111,161148717
1997-05-20,7.215978642785868,7.253605533105313,7.190489208012967,7.212337017059326,64619137
1997-05-21,7.209908454900648,7.209908454900648,7.077605146524186,7.100667476654053,153425287
1997-05-22,7.115236007038049,7.124945714661026,6.979291022187156,7.036339282989502,246214290
1997-05-23,7.015701026709884,7.148003655025059,6.957438926196151,7.046045303344727,333323105
1997-05-26,7.0217721676236895,7.069110063890705,6.979289772736719,6.99506950378418,142541061
1997-05-27,7.022986904000681,7.098241990167963,6.850628920107606,6.910104274749756,338209243
1997-05-28,6.942875568434647,6.9877857105335,6.842131703853203,6.859124660491943,145064655
1997-05-29,6.843345306637206,7.190489655302898,6.819069745596406,7.143151760101318,507298460
1997-05-30,7.186847192210615,7.340998316161068,7.1431509280519405,7.308225631713867,479755992
1997-06-02,7.367700477652985,7.427175812968628,7.296087040901753,7.393189907073975,327784362
1997-06-03,7.404115691174391,7.5473425948084305,7.3070128045740015,7.364060401916504,361266100
1997-06-04,7.428389594813384,7.46116292218478,7.344638706114188,7.373769760131836,174758201
1997-06-05,7.43810228341398,7.6529432881910635,7.411398324839879,7.543701648712158,594454891
1997-06-06,7.5740465304579025,7.604390817682956,7.464805540197405,7.480584621429443,271443230
1997-06-09,7.428390522852909,7.570404185766857,7.391977511328576,7.498790740966797,324115207
1997-06-10,7.574047394688618,7.6468747298388555,7.520640768703471,7.612888813018799,306291798
1997-06-11,7.707563096852691,7.780391072288133,7.672363308595432,7.7027082443237305,283600456
1997-06-12,7.705136859073889,7.888419087792797,7.695427152109717,7.865357398986816,410819296
1997-06-13,7.913906077625484,7.974595942209015,7.7803901911668705,7.838651657104492,309634650
1997-06-16,7.790101143877898,7.816804455137671,7.60439119192059,7.655370712280273,269447602
1997-06-17,7.743977613370277,7.8410805105842805,7.723343028864578,7.764612197875977,271997805
1997-06-18,7.913908722957502,7.9976609456406145,7.825302295110208,7.859288215637207,239045434
1997-06-19,7.792530047032814,8.350873212347818,7.757330251913131,8.299894332885742,579468774
1997-06-20,8.400635161207775,8.872800128662897,8.387283832677564,8.732000350952148,712670296
1997-06-23,8.82425244741154,9.023313131384278,8.818183717860258,8.861879348754883,374255188
1997-06-24,8.860663495404859,9.030593708415985,8.816967229023442,8.95412540435791,306394030
1997-06-25,9.200524611691886,9.319475955871736,8.884939095245283,8.946842193603516,703592639
1997-06-26,8.939558941639685,9.46755702487804,8.547505149247323,9.217516899108887,1176069141
1997-06-27,9.147116905675652,9.18838606823241,8.945628538946684,8.97354507446289,399355288
1997-06-30,8.86066482257958,8.97961618403552,8.776913254548706,8.941987991333008,403447375
1997-07-01,9.030595171654213,9.074291445115792,8.787837592527211,8.877657890319824,442137352
1997-07-02,8.992966692488537,9.149544924129598,8.933490048844137,8.98568344116211,352633783
1997-07-03,8.939557042684006,9.018453723527843,8.838812558995874,8.866729736328125,225940109
1997-07-04,8.891008492068833,8.915284701891576,8.659175162481613,8.71379566192627,309913338
1997-07-07,8.690731607367935,8.86673117577942,8.674952528012524,8.747779846191406,275138993
1997-07-08,8.728361016010973,8.781767641019819,8.593630578133517,8.642182350158691,308917624
1997-07-09,8.836384162892852,8.904356613124198,8.812108612028927,8.871583938598633,215082492
1997-07-10,8.9334906863878,9.030594226627167,8.848525899225436,8.910429000854492,345238055
1997-07-11,8.797547887944019,8.812113745697918,8.673741663443652,8.708941459655762,242305660
1997-07-14,8.644606266822116,8.690730271139529,8.350869289080302,8.401848793029785,317003769
1997-07-15,8.466180922053411,8.530511762978826,8.387284228436126,8.43947696685791,270226247
1997-07-16,8.569356532161255,8.639755479284569,8.474680722074517,8.515949249267578,295184902
1997-07-17,8.520803235429778,8.557217553510103,8.437052314002015,8.496527671813965,195743805
1997-07-18,8.496527671813965,8.496527671813965,8.496527671813965,8.496527671813965,0
1997-07-21,8.375146368996724,8.39699482444984,8.308388424383168,8.378787994384766,112578631
1997-07-22,8.423699982872852,8.433410337603663,8.320527707022144,8.358155250549316,163882378
1997-07-23,8.447973780627281,8.775696725343137,8.441905701790052,8.742924690246582,406262261
1997-07-24,8.812112044633572,8.858236063148016,8.569354496120162,8.617905616760254,328082656
1997-07-25,8.569354765889507,8.603340681095004,8.400637119868884,8.51716136932373,302769689
1997-07-28,8.545077517842214,8.593629934669627,8.472250837914022,8.536581039428711,154803320
1997-07-29,8.520799930731929,8.617903444410135,8.497738899944272,8.603338241577148,241113885
1997-07-30,8.662814311581638,8.708938322384206,8.55842818762713,8.579063415527344,136464549
1997-07-31,8.599699526190015,8.761133929134143,8.562072631401561,8.739285469055176,245046322
1997-08-01,8.762345679602769,8.853379178688446,8.727145247247911,8.830317497253418,302729077
1997-08-04,8.860663470476439,8.89586325853015,8.782980642961245,8.808470726013184,208057881
1997-08-05,8.83638786816875,9.054869862870175,8.793905474233807,9.006318092346191,265491357
1997-08-06,9.079145018785766,9.103421875620986,8.984470529473297,9.060938835144043,42514580
1997-08-07,8.791474926888023,9.176246694286693,8.791474926888023,9.046370506286621,486993470
1997-08-08,8.984468072271918,9.083998035418075,8.982039673971144,9.046370506286621,191725941
1997-08-11,9.030595130259165,9.209022498029508,8.98811273242705,9.18110466003418,281715463
1997-08-12,9.209022302535661,9.358318602149902,9.103422923692808,9.189600944519043,352814440
1997-08-13,9.076716686554686,9.142261402844838,9.030592674975509,9.09128189086914,170164755
1997-08-14,9.067007452458112,9.124055698527824,9.031807663992266,9.05001449584961,148990091
1997-08-15,9.05001449584961,9.05001449584961,9.05001449584961,9.05001449584961,0
1997-08-18,9.029377300731268,9.029377300731268,8.840026433893465,8.866729736328125,129472148
1997-08-19,8.883725083910544,8.927421349821222,8.739284307141501,8.790263175964355,173535616
1997-08-20,8.799972515984605,8.895862163338759,8.747779777946926,8.880083084106445,158563504
1997-08-21,8.907998836348078,8.933488265589657,8.698014027521621,8.718647956848145,133286949
1997-08-22,8.702871273332711,8.739284938963804,8.435837509225468,8.454044342041016,271782137
1997-08-25,8.39213920267635,8.39213920267635,8.156664938799628,8.252553939819336,288371758
1997-08-26,8.27804416198548,8.409132960009686,8.237988873222804,8.291396141052246,277091208
1997-08-27,8.542651498945164,8.736858597129388,8.4115626803274,8.432196617126465,178109455
1997-08-28,8.383644750165763,8.423700044779435,8.206431909792128,8.233135223388672,216221050
1997-08-29,8.207643979836549,8.227064685169097,7.960030959502917,8.018292427062988,294670941
1997-09-01,8.029215112052293,8.251338657119971,8.011008285356171,8.206428527832031,276420397
1997-09-02,8.253768741557275,8.319312817452893,8.071699774659303,8.222209930419922,305511752
1997-09-03,8.363007478692218,8.410345358421248,8.217352214742336,8.259835243225098,269645064
1997-09-04,8.231921287486504,8.387286314741745,8.180942411478037,8.358155250549316,267762872
1997-09-05,8.387285882075583,8.432196027224704,8.304748195340343,8.384858131408691,236878952
1997-09-08,8.302319089119276,8.38728451264875,8.253767974334638,8.369077682495117,132862615
1997-09-09,8.394566614435579,8.433407371259362,8.331449655104764,8.377573013305664,155177238
1997-09-10,8.305965270046078,8.350874780550164,8.254985084134974,8.307178497314453,139542717
1997-09-11,8.338735793437994,8.529300627229471,8.321742185100074,8.43583869934082,299061322
1997-09-12,8.384858131408691,8.418844695432151,8.346017362926803,8.384858131408691,140132303
1997-09-15,8.36665153503418,8.417631058293102,8.339948870693467,8.36665153503418,84919926
1997-09-16,8.378788779371469,8.598484635864423,8.378788779371469,8.530512809753418,236806129
1997-09-17,8.548718452453613,8.59362858801243,8.53293872492616,8.548718452453613,19456323
1997-09-18,8.447974136062358,8.472250343058114,8.363009356890021,8.424912452697754,160477906
1997-09-19,8.446760909306413,8.532939563672297,8.411561122443931,8.424912452697754,146973456
1997-09-22,8.406706483028799,8.406706483028799,8.159093425989603,8.185796737670898,170684319
1997-09-23,8.159093923208774,8.241631613918393,8.132390609900165,8.179728507995605,136332907
1997-09-24,8.326596863394663,8.396996446999557,8.242845299224516,8.258625030517578,109529872
1997-09-25,8.22949260865218,8.460112696954674,8.205217048781574,8.430981636047363,282614546
1997-09-26,8.472248604010854,8.613048370997271,8.472248604010854,8.539007186889648,254887219
1997-09-29,8.642180847004566,8.790262591159195,8.619118516139759,8.698015213012695,241050865
1997-09-30,8.687093337118801,8.810900214900782,8.660390020035983,8.774486541748047,198828976
1997-10-01,8.763560296101065,8.824250169699937,8.615477886395027,8.761133193969727,241237123
1997-10-02,8.761133193969727,8.761133193969727,8.761133193969727,8.761133193969727,0
1997-10-03,8.761133193969727,8.761133193969727,8.761133193969727,8.761133193969727,0
1997-10-06,8.761133193969727,8.761133193969727,8.761133193969727,8.761133193969727,0
1997-10-07,8.761133193969727,8.761133193969727,8.761133193969727,8.761133193969727,0
1997-10-08,8.761133193969727,8.761133193969727,8.761133193969727,8.761133193969727,0
1997-10-09,8.842456472911765,9.36802747869922,8.818180913987588,9.306123733520508,571827969
1997-10-10,9.387446169737899,10.237099038043157,9.387446169737899,10.232243537902832,842876276
1997-10-13,10.436160048289786,10.700765995420912,10.326919078788977,10.443443298339844,821158240
1997-10-14,10.390034495723986,10.515055173311934,9.491830669940008,9.698174476623535,829693927
1997-10-15,9.751584964305003,9.897239617011186,9.59500543452071,9.76372241973877,407386815
1997-10-16,9.83047840239806,10.033181246389848,9.700602865379372,9.815913200378418,453279259
1997-10-17,9.855970190047405,10.04168012666986,9.802563571937869,9.862039566040039,419364785
1997-10-20,9.832907006714262,9.983416484934123,9.71031406005181,9.960354804992676,262550431
1997-10-21,9.977350643709418,10.190977793779313,9.831695974982846,9.917875289916992,492254926
1997-10-22,10.05017567594539,10.166699254547822,9.971278982832377,10.010120391845703,327551889
1997-10-23,10.025899199231635,10.086589061278682,9.738231561566238,9.84261703491211,392390896
1997-10-24,9.831693113649147,9.831693113649147,9.4748391494373,9.6119966506958,450881704
1997-10-27,18.493297469102703,19.092909049398813,18.28695294096427,18.371917724609375,174379381
1997-10-28,18.308803149656903,18.308803149656903,16.53666960433142,16.563373565673828,207521512
1997-10-29,16.93721114188911,18.211690137189336,16.93721114188911,18.165565490722656,238464951
1997-10-30,18.063614887578876,18.063614887578876,17.362045588989197,17.599946975708008,85330255
1997-10-31,17.599946975708008,17.599946975708008,17.599946975708008,17.599946975708008,0
1997-11-03,17.62664894381521,18.051475394462795,17.141133926557316,17.614511489868164,138400658
1997-11-04,17.575669553809917,17.91552992600891,17.029464689449902,17.19454002380371,144830081
1997-11-05,8.933488782553487,9.091281515486672,8.819392957634511,8.867944717407227,95911986
1997-11-06,8.83638858626481,8.83638858626481,8.605768468081445,8.763561248779297,100382893
1997-11-07,8.64460681560604,8.73442708012687,8.598482808360545,8.668882369995117,51043964
1997-11-10,8.622761729459244,8.622761729459244,8.457686987348502,8.474679946899414,61176854
1997-11-11,8.452829721013103,8.610622474306465,8.426126411801933,8.5183744430542,61484950
1997-11-12,8.494097903738215,8.564498123849546,8.183367910122088,8.217353820800781,152259420
1997-11-13,8.16637440405587,8.180940256534145,7.853217329679767,7.962457656860352,154029577
1997-11-14,7.9624576568603525,7.9624576568603525,7.9624576568603525,7.962457656860352,0
1997-11-17,8.028003326076412,8.168802465290515,7.933327550893604,8.117823600769043,118330241
1997-11-18,8.08383927506313,8.10811483695796,7.89206058531222,7.933329105377197,95344107
1997-11-19,7.904196898181418,7.904196898181418,7.6031766023718355,7.637163162231445,161332175
1997-11-20,7.576473533806792,7.7075629797868626,7.345854100774886,7.542487621307373,132565722
1997-11-21,7.4818005924198925,7.666296063240764,7.428393309130951,7.544917583465576,100555147
1997-11-24,7.4769420689901,7.6104592506071365,7.16863984336993,7.200198650360107,134209139
1997-11-25,7.16135821659683,7.787673105407354,7.141936860972222,7.646873950958252,221540624
1997-11-26,7.719699893190417,8.108112670343873,7.719699893190417,7.947892189025879,193414172
1997-11-27,7.913908435020082,8.132391104789821,7.7245581279909885,8.105687141418457,180871125
1997-11-28,8.064417128829499,8.064417128829499,7.608032459851523,7.7027082443237305,186496695
1997-12-01,7.627453691524249,7.8629286452234775,7.537633401840021,7.802239418029785,104103164
1997-12-02,7.782818784553816,7.865356471518633,7.62502601420744,7.673577785491943,108302385
1997-12-03,7.714845699864947,7.828942191328255,7.6323080193715835,7.7027082443237305,105664655
1997-12-04,7.65901104882371,8.326595719766727,7.452666530929933,7.809521198272705,367892986
1997-12-05,7.773107517492839,8.275616832292483,7.773107517492839,7.928472518920898,260028938
1997-12-08,7.967313082649243,8.202788634314059,7.9624575823893835,8.13481616973877,137464463
1997-12-09,8.156664526020291,8.231918943206022,7.384693814294235,7.571617603302002,246915210
1997-12-10,7.481798303948033,7.617742600652414,7.3579921108835915,7.486653804779053,112307646
1997-12-11,7.479370184741846,7.6444461814176,7.265743072775508,7.5789008140563965,153768395
1997-12-12,7.617742245287098,7.617742245287098,7.273026342994824,7.304584503173828,189119721
1997-12-15,7.290018797913232,7.544914405904071,7.168639720819368,7.508500099182129,177750242
1997-12-16,7.525495274634832,7.654156980590286,7.394405818036305,7.586184501647949,140796812
1997-12-17,7.671150859362212,7.763398910499335,7.532779431094279,7.629882335662842,74140734
1997-12-18,7.656585649264218,7.909054238597841,7.578902806873026,7.632309436798096,135859558
1997-12-19,7.591040785139717,7.8313712641888955,7.549772262143395,7.804667949676514,127392493
1997-12-22,7.862928697984008,7.979452948728029,7.821660178840425,7.901770114898682,90738757
1997-12-23,7.933327129349202,8.02800289950133,7.909051573500914,7.989161491394043,84393360
1997-12-24,7.92604523632623,7.92604523632623,7.756114384877384,7.894486427307129,72745895
1997-12-25,7.894486427307128,7.894486427307128,7.894486427307128,7.894486427307129,0
1997-12-26,7.913905085635113,8.120249561854209,7.88962953190712,8.083836555480957,96386735
1997-12-29,8.083836313956505,8.265903934132943,8.083836313956505,8.227063179016113,81759832
1997-12-30,8.278045430726154,8.278045430726154,7.974597975741677,8.037714958190918,71475695
1997-12-31,8.011009941800607,8.227064805455939,8.011009941800607,8.142099380493164,61601187
1998-01-01,8.100830883741715,8.314457997516895,8.057133971797583,8.217353820800781,85954852
1998-01-02,8.253769700101804,8.30960407737227,8.193079821275102,8.219783782958984,45964566
1998-01-05,8.261051968379583,8.472251363428244,8.261051968379583,8.372720718383789,91759679
1998-01-06,8.316884730413317,8.375146196358054,8.195505649668984,8.304746627807617,68660809
1998-01-07,8.389712983022827,8.411561440457506,8.214927268858284,8.387285232543945,100660880
1998-01-08,8.36057926887458,8.384854820645259,8.120248907126404,8.171228408813477,112816006
1998-01-09,8.115395541475761,8.115395541475761,7.916334294585514,7.962457656860352,104302726
1998-01-12,7.91876164021269,7.91876164021269,7.530348838203847,7.593465805053711,117221792
1998-01-13,7.586185109869544,7.811950375271899,7.586185109869544,7.666295051574707,85152399
1998-01-14,7.889632063834733,7.889632063834733,7.452667417438579,7.518212795257568,100106306
1998-01-15,7.467231871353984,7.6274523629248385,7.428390461465587,7.593465805053711,69335821
1998-01-16,7.63716493866642,7.671150857993692,7.552199491910492,7.632309436798096,48451749
1998-01-19,7.5983217879429965,7.860500672898437,7.527922214378623,7.8192315101623535,85051568
1998-01-20,7.855644745899739,7.969740577953483,7.6250246831048525,7.6905694007873535,75693822
1998-01-21,7.719700854463674,7.768252619763003,7.676003941475478,7.709990501403809,42754756
1998-01-22,7.690568928551254,7.690568928551254,7.540058797304739,7.571617603302002,48247284
1998-01-23,7.549768986775378,7.598320092950411,7.467230679715416,7.49636173248291,49873896
1998-01-26,7.49636173248291,7.49636173248291,7.49636173248291,7.49636173248291,0
1998-01-27,7.520639643806566,7.520639643806566,7.292446669467487,7.355563640594482,70613724
1998-01-28,7.287591521186637,7.379839547957991,7.120088422822193,7.195343494415283,87204745
1998-01-29,7.161358541327812,7.3021583505991,7.139510082642342,7.268171787261963,46620672
1998-01-30,7.297302241121514,7.5036467608124,7.27059893186374,7.486653804779053,83270907
1998-02-02,7.525494849602332,7.632308090612768,7.481798582683302,7.61046028137207,67724614
1998-02-03,7.634735045141103,7.770679332736907,7.557052872988174,7.726983070373535,86415597
1998-02-04,7.743979006924633,7.760971968362195,7.445387009297865,7.491510391235352,76480870
1998-02-05,7.476943675310332,7.642019050944212,7.476943675310332,7.581329822540283,58627351
1998-02-06,7.593465805053711,7.646873067869037,7.540059190675946,7.593465805053711,44069769
1998-02-09,7.615315659950539,7.729412160359702,7.576474242922936,7.673577785491943,54085722
1998-02-10,7.649300922030583,7.683286834806943,7.593466551933633,7.639591217041016,42983728
1998-02-11,7.5934656191186765,7.6225973242592096,7.328860303936444,7.404114723205566,58101486
1998-02-12,7.379839650091236,7.416253311245056,7.202626196538443,7.246323108673096,91721867
1998-02-13,7.280309812172771,7.367702349082113,7.239041294309375,7.324006080627441,44642550
1998-02-16,7.324006080627441,7.324006080627441,7.324006080627441,7.324006080627441,0
1998-02-17,7.37255694419945,7.47451533265594,7.2973025144385275,7.34585428237915,69964619
1998-02-18,7.336142260592848,7.367700416249877,7.253603949643727,7.287590503692627,33233859
1998-02-19,7.316723224025464,7.544916229426147,7.285165058385075,7.418681621551514,87117918
1998-02-20,7.447812882605032,7.496364003488511,7.2851646174886495,7.299729824066162,68251180
1998-02-23,7.33614599916419,7.440531519148683,7.309442032932351,7.4138288497924805,49233895
1998-02-24,7.445387021531861,7.464807734188933,7.36527641971198,7.4138288497924805,66949470
1998-02-25,7.5012206142577895,7.671150859362212,7.442958482454002,7.629882335662842,83678435
1998-02-26,7.639590912600903,7.700280132774152,7.564335190210909,7.637163162231445,65605047
1998-02-27,7.654153672448379,7.8289393228911175,7.646871072104387,7.777959823608398,95131240
1998-03-02,7.807095134830416,8.168804732682291,7.807095134830416,8.112970352172852,123609903
1998-03-03,8.083836294488572,8.156663601758742,7.700278407969892,7.790098667144775,99408886
1998-03-04,7.870211711983667,8.156666180410308,7.865356210797327,8.069272994995117,86848333
1998-03-05,8.035287599840233,8.346017648971106,7.962459616401162,8.095976829528809,118509498
1998-03-06,8.064418228906403,8.127535211018527,7.962459827513672,8.047425270080566,82727536
1998-03-09,8.093546358539085,8.843668564750027,8.093546358539085,8.77812385559082,264698007
1998-03-10,8.787836387256927,8.904359983318923,8.496526424445475,8.566926002502441,178525386
1998-03-11,8.649465603296719,8.729575546825028,8.236777131190324,8.350872993469238,198546087
1998-03-12,8.350869184484297,8.372717635680056,8.202787470997572,8.268331527709961,152676751
1998-03-13,8.268331527709961,8.268331527709961,8.268331527709961,8.268331527709961,0
1998-03-16,8.297465147949346,8.770843432350977,8.297465147949346,8.562071800231934,168154422
1998-03-17,8.5329413849358,8.569355703201675,8.384858954717997,8.486817359924316,117781969
1998-03-18,8.666458085985953,8.758705482029693,8.622761166066963,8.678595542907715,91482392
1998-03-19,8.707725850601095,8.746567265628553,8.5135200723391,8.554788589477539,89757749
1998-03-20,8.513521408978153,8.654320587901957,8.435838566726884,8.610624313354492,106067282
1998-03-23,8.666456201660733,8.787835283551127,8.666456201660733,8.748993873596191,24629551
1998-03-24,8.93349023565528,8.97718715077713,8.617905366894096,8.676167488098145,123780056
1998-03-25,8.812113583063436,8.962623769261869,8.690734463397385,8.926209449768066,125146887
1998-03-26,8.926206173116329,8.945627525446449,8.67859317114205,8.712579727172852,96842579
1998-03-27,8.695586267345695,8.775696185886453,8.654317757226226,8.758703231811523,85253931
1998-03-30,8.804830459723709,8.870374545012245,8.571782589634523,8.608196258544922,80663987
1998-03-31,8.56207305529591,8.639754599491415,8.447975896144602,8.496527671813965,112466596
1998-04-01,8.617906703544351,8.909216057871847,8.59363114016297,8.877657890319824,120689984
1998-04-02,8.909217237909079,9.030596367768267,8.804831717949188,8.829107284545898,82061627
1998-04-03,8.812112093566709,9.00631787408079,8.812112093566709,8.979615211486816,99024465
1998-04-06,9.018456973854208,9.064580994398908,8.933490887899941,8.974760055541992,78792998
1998-04-07,8.9577663657596,9.103421667502245,8.889794540050659,8.999034881591797,120966571
1998-04-08,8.999034881591797,8.999034881591797,8.999034881591797,8.999034881591797,0
1998-04-09,9.171397383853282,9.838981710846278,9.171397383853282,9.683616638183594,152860209
1998-04-10,9.661765955791662,9.705462227678671,9.431145842446737,9.465131759643555,99406085
1998-04-13,9.326758665604299,9.33161351819646,9.149545198331746,9.185958862304688,123310209
1998-04-14,9.185958862304688,9.185958862304688,9.185958862304688,9.185958862304688,0
1998-04-15,9.491833034694672,9.705460143567775,9.419005714375729,9.649625778198242,90094555
1998-04-16,9.64720009953752,9.661765955791662,9.426290340882787,9.465131759643555,61606789
1998-04-17,9.462702573054093,9.683612298189455,9.399585601363649,9.656908988952637,94924675
1998-04-20,9.695749995800726,9.817128433271565,9.540384350837895,9.603501319885254,101989899
1998-04-21,9.637488545363222,9.746728879915814,9.588936132784143,9.673901557922363,77515096
1998-04-22,9.807419309057487,10.038039391394557,9.564661122880267,9.615640640258789,162416817
1998-04-23,9.559806472629077,9.603502091127627,9.210235040264331,9.2684965133667,130202478
1998-04-24,9.28548900072864,9.360744075138161,9.081572882520316,9.302482604980469,142516553
1998-04-27,9.31462077519289,9.394730708083971,9.10342203805394,9.134980201721191,172497889
1998-04-28,9.127696651508467,9.149544459064385,8.938345095398333,8.982041358947754,149273680
1998-04-29,9.462703023034337,9.613212532395623,9.207807373737891,9.246648788452148,118086565
1998-04-30,9.202950941596443,9.363171436864066,9.156826928399141,9.319475173950195,100386394
1998-05-01,9.319475173950195,9.319475173950195,9.319475173950195,9.319475173950195,0
1998-05-04,9.346178558010516,9.491833201203526,9.326757852459771,9.455419540405273,76239994
1998-05-05,9.44328364577519,9.48455216839358,9.404442225590072,9.457849502563477,38495315
1998-05-06,9.767014572049884,9.772025552123315,9.536495433565754,9.56656265258789,68254681
1998-05-07,9.56656265258789,9.56656265258789,9.56656265258789,9.56656265258789,0
1998-05-08,9.528977052270346,9.58159534614433,9.476357419815022,9.521459579467773,52942962
1998-05-11,9.498910015353736,9.584102030427355,9.4788654258871,9.559045791625977,25085395
1998-05-12,9.541505858919171,9.541505858919171,9.138096218766336,9.288434982299805,98744377
1998-05-13,9.270896775512075,9.270896775512075,8.634462770841596,8.759744644165039,127637571
1998-05-14,8.644483172575265,9.020330732628596,8.524212970680077,8.955183982849121,173089576
1998-05-15,9.042880654088522,9.165657333944894,8.839922957530543,8.880013465881348,116201571
1998-05-18,8.942656933626665,9.092996382818479,8.942656933626665,8.977736473083496,57525204
1998-05-19,8.975228889952936,9.095500434712955,8.945161673053663,9.06543254852295,62047227
1998-05-20,9.080464496409427,9.21075864607229,9.025340383120444,9.18069076538086,84168590
1998-05-21,9.220783167405592,9.29344739993594,9.005297633139792,9.07044506072998,119844818
1998-05-22,9.09550244092306,9.14561559562661,9.020333043513176,9.113041877746582,62333618
1998-05-25,8.995276927389332,9.23832389057181,8.975230995934943,9.148120880126953,80383198
1998-05-26,9.120558683629396,9.150626576451526,9.060423567276016,9.113041877746582,48970612
1998-05-27,9.070444749802988,9.070444749802988,8.652001480751931,8.69960880279541,126653761
1998-05-28,8.649493954206607,8.72466332482263,8.303714983231027,8.333782196044922,165941026
1998-05-29,8.311233100050577,8.569314289667778,7.942902991958222,8.361346244812012,217219564
1998-06-01,8.469089552496635,8.920106563795002,8.19847988115027,8.281166076660156,244277480
1998-06-02,8.318751764320703,8.318751764320703,7.707373269413503,7.795071125030518,307202785
1998-06-03,8.01807236375727,8.363851388922953,7.945408136627452,8.308727264404297,146787197
1998-06-04,8.36886611428637,8.393922361198518,8.14836886587007,8.188459396362305,83354233
1998-06-05,8.125815409455752,8.163400772818143,7.837665642046343,7.9178466796875,112378368
1998-06-08,7.993015252322052,8.043128395734849,7.541998969479076,7.797574996948242,112073072
1998-06-09,7.8426759626106275,7.930373121056948,7.68231458379219,7.757483959197998,101251866
1998-06-10,7.792564896801102,7.8176211366902395,7.466830431788289,7.499403476715088,95872073
1998-06-11,7.421731970529469,7.644734403919179,7.316494649048467,7.602138042449951,98932036
1998-06-12,7.63971743616099,7.754977311354363,7.501907152314967,7.604638576507568,73049090
1998-06-15,7.582087895939455,7.582087895939455,7.2663761625091485,7.301455020904541,60800835
1998-06-16,7.26637601852417,7.298949721596286,6.930619038580861,7.26637601852417,106880238
1998-06-17,7.429245038499058,7.852699975191321,7.429245038499058,7.697349548339844,81553967
1998-06-18,7.792563311850679,7.942902059189311,7.416715774213429,7.461817264556885,81733923
1998-06-19,7.374121587844857,7.374121587844857,7.065926558524994,7.1185455322265625,70692848
1998-06-22,7.020824809807513,7.1285672395722015,6.539739935723781,6.973217487335205,71736877
1998-06-23,6.9406422612179535,7.080958373363912,6.765247288358163,6.978227615356445,89682825
1998-06-24,7.116038065856749,7.251343884131542,7.043375181092279,7.221275329589844,56495880
1998-06-25,7.241322376648777,7.47685250768072,7.241322376648777,7.381638526916504,69064836
1998-06-26,7.366604883918582,7.416718038091549,7.126063082470088,7.198726654052734,63260709
1998-06-29,7.191208285421996,7.351569674634118,7.11603823585342,7.329018592834473,39429409
1998-06-30,7.361593311902783,7.361593311902783,7.166152360970424,7.1937150955200195,79295756
1998-07-01,7.065922978461217,7.211250702086722,7.003282076002025,7.12856388092041,56259906
1998-07-02,7.111029074397798,7.288929941923667,7.028342868808181,7.1360859870910645,67963389
1998-07-03,7.138589844697986,7.1636467528343815,6.943149575404296,6.9957685470581055,48541377
1998-07-06,7.06342090513484,7.213759686288458,7.023330385016323,7.1937150955200195,42251997
1998-07-07,7.208748797300667,7.301457624281844,7.156129821655385,7.188703536987305,67696605
1998-07-08,7.3164912177350105,7.401682562137973,7.271389051615981,7.311479568481445,48881684
1998-07-09,7.341546167875692,7.441771773161539,7.276399424046295,7.31398344039917,63350338
1998-07-10,7.361592084290359,7.5369877459146375,7.356581104756581,7.506919860839844,87972187
1998-07-13,7.521951986105813,7.737437449398844,7.329016930206012,7.4016804695129395,83065042
1998-07-14,7.36660161181864,7.454300094635542,7.303960698894452,7.4016804695129395,50045450
1998-07-15,7.5670559184772594,7.6372143258559415,7.374121469444771,7.411705493927002,60575364
1998-07-16,7.456807818715149,7.589607162078244,7.404188844751783,7.562045097351074,48055424
1998-07-17,7.567052572815167,7.614659875164842,7.421725511435473,7.484366416931152,57168792
1998-07-20,7.587100867995361,7.587100867995361,7.278905856205564,7.311479568481445,44508107
1998-07-21,7.326515692308724,7.384144988204681,7.040871022341268,7.06843376159668,79669674
1998-07-22,7.141095596178149,7.208748176587778,7.0208247139447915,7.058408737182617,67297480
1998-07-23,7.080958579825468,7.088476052446736,6.772764288945053,6.800326347351074,76766560
1998-07-24,6.7877998504895904,6.890531300240148,6.677550926693975,6.712629795074463,70514993
1998-07-27,6.765251343956959,6.815364510225902,6.51969783317569,6.552270889282227,55063930
1998-07-28,6.559785423872802,6.765248309480848,6.542245990868547,6.732674598693848,73167427
1998-07-29,6.7652483111697945,7.008295887359275,6.680055632058024,6.940643310546875,78314047
1998-07-30,6.960688589641672,7.0408682736852155,6.79030391656378,6.842922210693359,47829253
1998-07-31,6.862969825675467,6.940644373857673,6.7903055887051185,6.812856674194336,32756309
1998-08-03,6.767753741679937,6.767753741679937,6.607393013566454,6.637460231781006,31122695
1998-08-04,6.624932018099525,6.740191911424194,6.624932018099525,6.677550315856934,44467495
1998-08-05,6.614908096189476,6.68757231342018,6.519694138176993,6.632448196411133,60496940
1998-08-06,6.690078542582191,6.702606325839401,6.504660255894103,6.529716491699219,69610308
1998-08-07,6.564795538936391,6.577324661124735,6.49714363344505,6.5247063636779785,63951127
1998-08-10,6.502156484554914,6.502156484554914,6.3367834190338,6.346806049346924,57364854
1998-08-11,6.341792335704954,6.341792335704954,6.193959423309912,6.226532459259033,86423299
1998-08-12,6.1137824058532715,6.203985429151368,6.018567731654734,6.1137824058532715,69926107
1998-08-13,6.113780552289708,6.239062416744254,6.056150600152673,6.163893699645996,57538508
1998-08-14,6.163893510458472,6.193960728658613,6.016059897617556,6.036105155944824,75680518
1998-08-17,6.108768635561842,6.1638934298866435,5.983486107299433,6.008543014526367,57642841
1998-08-18,6.00102536810314,6.003531192611878,5.717887277337719,5.735427379608154,105618441
1998-08-19,5.757976943228895,5.863214194879285,5.289420624435266,5.487366676330566,210072415
1998-08-20,5.5525154039228575,5.928362699538503,5.487368307328657,5.9258575439453125,156903281
1998-08-21,5.928361661486823,6.148858818982859,5.765494450487373,5.813101768493652,207838712
1998-08-24,5.800575337229651,5.933374693719816,5.522448168392796,5.732922077178955,85819709
1998-08-25,5.762989260240996,5.888271111670894,5.727910395383882,5.783033847808838,111176090
1998-08-26,5.783033847808838,5.783033847808838,5.783033847808838,5.783033847808838,0
1998-08-27,5.858203693624671,5.905810340408396,5.665268604983435,5.697841644287109,102959004
1998-08-28,5.665269575824054,5.665269575824054,5.377119805654606,5.402176380157471,123102243
1998-08-31,5.412198541476156,5.482357282994642,5.301950285680657,5.3670973777771,66178528
1998-09-01,5.3570750636983355,5.3570750636983355,5.11152162911822,5.16163444519043,101085214
1998-09-02,5.311972412741709,5.3270063556495035,5.211746461335106,5.259354114532471,63243904
1998-09-03,5.236802732812243,5.482356450280151,5.221768790765799,5.324500560760498,121776726
1998-09-04,5.3595799536086135,5.750460477552794,5.3595799536086135,5.747955322265625,205755556
1998-09-07,5.858204193553876,5.955923989094831,5.775517337485168,5.873237133026123,155376101
1998-09-08,5.898294395425348,5.898294395425348,5.73292134261399,5.848181247711182,99037769
1998-09-09,5.958428417731831,6.098744520713066,5.863213799764101,5.913326263427734,165801682
1998-09-10,5.890777747993575,6.083712869880291,5.8281368136451785,5.998520851135254,190962701
1998-09-11,5.963439805885901,5.963439805885901,5.830640496405944,5.895787239074707,118251817
1998-09-14,5.928363291295201,6.188951034392489,5.928363291295201,6.15637731552124,175759516
1998-09-15,6.136330984844985,6.138836809542933,6.018565924821653,6.0461273193359375,124121764
1998-09-16,6.13883515257948,6.148857779375229,5.978473793138109,6.003530025482178,85479402
1998-09-17,5.998519978233653,6.133824457051645,5.968452093177196,6.0260820388793945,128005886
1998-09-18,6.013553664561811,6.048633198897301,5.9383842855854585,6.011047840118408,77779779
1998-09-21,6.0586557791406,6.251590895245377,6.0586557791406,6.141342639923096,138668842
1998-09-22,6.156375586377526,6.186442802378732,6.016059457639281,6.0661725997924805,126544527
1998-09-23,6.138835603053752,6.224027602423791,6.111272875374908,6.161386013031006,84826797
1998-09-24,6.2089940159993855,6.326759735246605,6.2089940159993855,6.299197673797607,109968210
1998-09-25,6.279151900922592,6.424479000395149,6.279151900922592,6.34429931640625,124609117
1998-09-28,6.381884319236059,6.406940558011628,6.264119260771037,6.279152870178223,79287353
1998-09-29,6.286669342165523,6.356827067271265,5.991002826859511,6.051137924194336,120818124
1998-09-30,6.038611689690244,6.073691234415888,5.950914501103423,5.97597074508667,111993247
1998-10-01,5.97597074508667,5.97597074508667,5.97597074508667,5.97597074508667,0
1998-10-02,5.97597074508667,5.97597074508667,5.97597074508667,5.97597074508667,0
1998-10-05,5.940891568277805,5.940891568277805,5.499897480010986,5.499897480010986,82924998
1998-10-06,5.412198472131248,5.552514949434204,5.314478337206735,5.479851722717285,107058094
1998-10-07,5.562537634547134,5.762989543701469,5.562537634547134,5.740438461303711,100016677
1998-10-08,5.78804633327848,5.825631027998119,5.412198716791279,5.442266941070557,165968334
1998-10-09,5.462310932619411,5.707864318725718,5.424726578968706,5.5399861335754395,169606679
1998-10-12,5.587594664297138,5.6677746983032185,5.32199531075873,5.372108459472656,104322333
1998-10-13,5.329513617753987,5.329513617753987,5.151613072111489,5.1841864585876465,135456932
1998-10-14,5.291927435083288,5.537481164063459,5.2468252721840924,5.494884490966797,123857781
1998-10-15,5.417210055174575,5.457300572383336,5.301950152844772,5.3320183753967285,83863294
1998-10-16,5.367098143457549,5.459806978083491,5.294434236152458,5.369603633880615,79749499
1998-10-19,5.397164023184922,5.397164023184922,5.2743879954725035,5.2869157791137695,29780372
1998-10-20,5.2919277638898485,5.2919277638898485,4.991249559472767,5.076442241668701,109856174
1998-10-21,5.076442241668701,5.076442241668701,5.076442241668701,5.076442241668701,0
1998-10-22,5.141588721415326,5.374614364444786,5.141588721415326,5.3119730949401855,105235420
1998-10-23,5.3395340050588445,5.4021755995875145,5.251836843583839,5.34705114364624,147341072
1998-10-26,5.4071872362531925,5.775516986846924,5.4071872362531925,5.775516986846924,97624725
1998-10-27,5.8632157393464475,5.90330625897198,5.697842680536533,5.778023719787598,114369095
1998-10-28,5.918339053444338,5.918339053444338,5.675290813682703,5.710371017456055,92564932
1998-10-29,5.652741114225795,5.692830290052353,5.575065240592238,5.665268898010254,84179793
1998-10-30,5.637707278046225,5.725404448566032,5.51242441071297,5.54750394821167,102306398
1998-11-02,5.517436666037377,5.592605725402448,5.417210695808241,5.537482261657715,102622198
1998-11-03,5.537481733997254,5.537481733997254,5.427232809140734,5.444772243499756,99157507
1998-11-04,5.444772243499756,5.444772243499756,5.444772243499756,5.444772243499756,0
1998-11-05,5.512423875691672,5.590099413222003,5.479851169959918,5.5750651359558105,98155492
1998-11-06,5.585088975370601,6.008543946415416,5.585088975370601,5.935879707336426,245471356
1998-11-09,6.013554280989739,6.2791529590759465,6.013554280989739,6.141342639923096,200914933
1998-11-10,6.133826347631756,6.186444660730645,6.048634984316674,6.128814697265625,125555115
1998-11-11,6.214006022352296,6.226533806910068,5.975969414974671,6.023576736450195,113206729
1998-11-12,5.963441028316558,6.389401101767741,5.850687619572382,6.25910758972168,277402106
1998-11-13,6.276646322559236,6.331770443090666,6.093733859622491,6.15386962890625,260143774
1998-11-16,6.071184433840478,6.071184433840478,5.888271941205643,5.923350811004639,133786206
1998-11-17,5.910822058986812,6.071183440929843,5.888270978209395,6.031093597412109,149670005
1998-11-18,6.038610140180955,6.126307975555399,6.038610140180955,6.093734264373779,91709263
1998-11-19,6.071184116422647,6.236557165511837,5.9734643171929545,5.988497257232666,265329606
1998-11-20,5.965947136927972,6.088724519431014,5.933374092011496,5.998520851135254,150923399
1998-11-23,5.96344113923443,5.9734644380452355,5.858204533210398,5.8807549476623535,94873559
1998-11-24,5.913328543304122,5.955924890060827,5.855698585510254,5.855698585510254,99721885
1998-11-25,5.855698585510254,5.855698585510254,5.855698585510254,5.855698585510254,0
1998-11-26,5.813102832161421,5.923351096437046,5.670281521300197,5.685315132141113,125298834
1998-11-27,5.680302538953905,5.722898878080204,5.562537488816138,5.610144138336182,123057429
1998-11-30,5.5224478330015705,5.625179290771484,5.489874452114656,5.625179290771484,79217331
1998-12-01,5.5976171241681385,5.657752235104209,5.572560883719011,5.620168209075928,96679427
1998-12-02,5.672785702139073,5.780528792287911,5.620167403946608,5.665268898010254,141104909
1998-12-03,5.672786314737468,5.675291470190454,5.602627906947121,5.6126508712768555,70440769
1998-12-04,5.610145025049853,5.700348697244102,5.592605589445903,5.687820911407471,73264758
1998-12-07,5.6853140361178855,5.823124339895143,5.66777393446377,5.805584907531738,94619379
1998-12-08,5.788045442022414,5.833146934882991,5.740438124755497,5.818113327026367,75845770
1998-12-09,5.903306220612932,6.023577109417209,5.863215701247904,5.923350811004639,162705307
1998-12-10,5.968452521251899,6.033599275568048,5.938384634038886,5.985991954803467,111169087
1998-12-11,6.018566837486842,6.028588799216809,5.958431051361723,6.006037712097168,79072386
1998-12-14,5.998521203687577,6.038611055995541,5.900800724613193,5.920845985412598,67080412
1998-12-15,5.888271053596192,5.935878370843041,5.775516986846924,5.775516986846924,138273918
1998-12-16,5.783034434754483,5.843170211433593,5.7454504109435165,5.840664386749268,60307180
1998-12-17,5.637707445487694,5.770506786837038,5.595111436651967,5.6126508712768555,85716077
1998-12-18,5.610145504568081,5.687821397564922,5.597617717660658,5.6452250480651855,64542113
1998-12-21,5.725404438257104,5.853192795384239,5.712876653514418,5.843170166015625,83915810
1998-12-22,5.853193071406647,5.94339673997796,5.737933162877595,5.923350811004639,127633369
1998-12-23,6.013554195991288,6.013554195991288,5.843170166015625,5.843170166015625,91144885
1998-12-24,5.818113010078859,5.868226149022153,5.79556193023171,5.83064079284668,62204777
1998-12-25,5.83064079284668,5.83064079284668,5.83064079284668,5.83064079284668,0
1998-12-28,5.913327925421972,6.083712625354492,5.888271686547872,6.038610458374023,120220136
1998-12-29,6.036106006000011,6.058656422825856,5.940891350181937,5.978476047515869,80851646
1998-12-30,6.078702090689794,6.241569346464236,6.068679459444095,6.15637731552124,121616376
1998-12-31,6.153869723526558,6.153869723526558,5.993508338928223,5.993508338928223,73801127
1999-01-01,6.013554215323726,6.13633092351587,5.9935089565220565,6.12380313873291,92105588
1999-01-04,6.163893822266889,6.2766472348027165,6.131320108514604,6.188950061798096,126563432
1999-01-05,6.201477723549734,6.214006177711501,6.128813492560421,6.163893699645996,86519930
1999-01-06,6.2766473586597025,6.296692618396539,6.198972813792972,6.214006423950195,99531425
1999-01-07,6.236557261518799,6.6023815640029655,6.229040456737842,6.514683723449707,237430025
1999-01-08,6.6650236083069085,7.03585958480835,6.58484256720786,7.03585958480835,249879243
1999-01-11,7.316491653209006,7.599629774164747,7.271389484405517,7.271389484405518,233185289
1999-01-12,7.15362586878234,7.258863168475018,6.9732191649221695,7.095995903015137,138880309
1999-01-13,7.1912072791926285,7.256353352407757,6.878000679472714,6.945653915405273,175433913
1999-01-14,6.7351814665256775,6.965700625092769,6.702607750692815,6.822879314422607,119214620
1999-01-15,6.915587698167727,6.925610327834103,6.690079534610456,6.767754077911377,108959192
1999-01-18,6.8604628757565385,6.8604628757565385,6.464570678581287,6.790305137634277,201381280
1999-01-19,6.690079357926974,6.690079357926974,6.489627439184137,6.5171895027160645,139560923
1999-01-20,6.5171895027160645,6.5171895027160645,6.5171895027160645,6.5171895027160645,0
1999-01-21,6.539739341041535,6.677550315856934,6.351816562211912,6.677550315856934,120108101
1999-01-22,6.715135729028308,6.953172345392457,6.695090469830191,6.770259857177734,124151173
1999-01-25,6.66502257729432,6.755225565286418,6.519694797428469,6.675044536590576,114612071
1999-01-26,6.675044536590576,6.675044536590576,6.675044536590576,6.675044536590576,0
1999-01-27,6.80283253514984,6.94064351739461,6.74019227478709,6.827889442443848,96001614
1999-01-28,6.790303269567678,6.865472636470861,6.639964535761311,6.642470359802246,66867545
1999-01-29,6.740191875806873,6.740191875806873,6.58985244881432,6.647482395172119,50308033
1999-02-01,6.5898548806866675,6.652496499039719,6.439516067504883,6.439516067504883,46323079
1999-02-02,6.4144576490467005,6.4545481641267255,6.244072959956596,6.284163475036621,78162799
1999-02-03,6.389402043209193,6.477099895477295,6.329266927637788,6.477099895477295,66360585
1999-02-04,6.487122984932073,6.514685054286557,6.264120604893723,6.294188499450684,65990168
1999-02-05,6.294186795666345,6.32926566184178,6.128813085722897,6.13883638381958,57560915
1999-02-08,6.113780694960256,6.163893843485979,5.930867535518668,5.938385009765625,48882384
1999-02-09,5.9183395641486625,6.028587818145752,5.843170178370506,6.028587818145752,75249182
1999-02-10,6.038610496609885,6.178927309207491,5.968452759601865,6.163893699645996,73022482
1999-02-11,6.188949987047308,6.239062465504458,6.106263795231302,6.118791580200195,62590598
1999-02-12,6.138836839299371,6.208994576855695,6.108768950650608,6.118791580200195,45684478
1999-02-15,6.118790880842138,6.1388361376502045,5.965946299648662,5.970957279205322,41364118
1999-02-16,5.9358774619335275,6.041114708643584,5.918338032363619,6.003530025482178,66955772
1999-02-17,6.053644193715378,6.234050837570404,6.008542700074302,6.106263160705566,94623580
1999-02-18,6.163893780248532,6.594864845275879,6.118791612392701,6.594864845275879,155099514
1999-02-19,6.735181127629358,7.12355652672708,6.720146848274199,7.085971832275391,228103090
1999-02-22,7.161139169839782,7.161139169839782,6.564794540405274,6.564794540405273,180761890
1999-02-23,6.542246315062713,6.913081589622154,6.514683582643629,6.905564785003662,161297864
1999-02-24,6.965698742743786,7.146106039586799,6.855451177698817,7.060914039611816,236486828
1999-02-25,7.020824602639672,7.20373641309063,6.928115785110999,7.000778675079346,196071509
1999-02-26,7.038365769076872,7.111029346225012,6.928117490743016,7.010803699493408,120762807
1999-03-01,7.26637601852417,7.341545381762279,7.101003687116561,7.26637601852417,176989803
1999-03-02,7.26637601852417,7.26637601852417,7.26637601852417,7.26637601852417,0
1999-03-03,7.511929552787746,7.780033978803375,7.391658702394359,7.54199743270874,232731546
1999-03-04,7.7424528721666155,7.767509115694665,7.494392915571682,7.597125053405762,131536398
1999-03-05,7.6973511292265915,7.890286959323921,7.592113829631374,7.652250289916992,175151024
1999-03-08,7.767506946933307,7.862721582762332,7.519447728889754,7.657258033752441,132261126
1999-03-09,7.649743777926063,7.692339461148761,7.466831918659566,7.516944408416748,133489312
1999-03-10,7.604642399842112,7.604642399842112,7.128569053948016,7.2162675857543945,111106068
1999-03-11,7.221276035250226,7.266378202179427,6.9957685470581055,6.9957685470581055,69427550
1999-03-12,6.9982721406831,7.050890431303672,6.827888148258446,6.895540714263916,95054916
1999-03-15,6.945653909486006,7.151116764082209,6.865472891522238,6.978227615356445,81838256
1999-03-16,6.935634425648749,7.00328769871442,6.690081596374512,6.690081596374512,88734027
1999-03-17,6.790305827437491,6.9581840541879645,6.594865533726082,6.614910125732422,80436415
1999-03-18,6.614908765068695,6.677550361060002,6.549762683189409,6.675044536590576,59986479
1999-03-19,6.690078676111357,6.965699283340914,6.6073924939424895,6.639965534210205,108058709
1999-03-22,6.569807566533831,6.614909062558211,6.349310396994665,6.434503078460693,52939461
1999-03-23,6.434503579990234,6.4645708001562046,6.3392889313558465,6.411952495574951,81858563
1999-03-24,6.492133904555439,6.8053399330088995,6.1689045764203385,6.396919250488281,114405506
1999-03-25,6.364343822144717,6.429490567512527,6.21901605522227,6.241567134857178,47087719
1999-03-26,6.191455763679863,6.274141963792102,6.0511396051979505,6.111274719238281,58422187
1999-03-29,6.111274719238281,6.111274719238281,6.111274719238281,6.111274719238281,0
1999-03-30,6.006037508121252,6.191455841064452,5.883261453544547,6.191455841064453,103332921
1999-03-31,6.464571069092234,6.637460938693073,6.419470236967015,6.534729480743408,65478279
1999-04-01,6.559786056356459,6.7201467933687224,6.489627648284144,6.579830646514893,66402262
1999-04-02,6.579830646514893,6.579830646514893,6.579830646514893,6.579830646514893,0
1999-04-05,6.314232129561215,6.391907344656353,6.053645088418471,6.056150913238525,64547616
1999-04-06,5.963441132879603,6.459559620364952,5.900800200414319,6.316737651824951,82499964
1999-04-07,6.276647385612185,6.3994241000594165,6.191455366010212,6.286670684814453,56447173
1999-04-08,6.299197879382742,6.4069403042113455,6.191454785263389,6.229040145874023,59092634
1999-04-09,6.2190180063227345,6.2490858988389615,5.988498166322534,6.043622970581055,46079668
1999-04-12,6.013555078064828,6.108769736387443,5.915835264000682,6.043622970581055,34040093
1999-04-13,5.97847535121803,6.136330927777333,5.97847535121803,6.038610458374023,53060123
1999-04-14,6.038610458374023,6.038610458374023,6.038610458374023,6.038610458374023,0
1999-04-15,5.815607763623978,5.945901268531299,5.815607763623978,5.878248691558838,38340552
1999-04-16,5.91332770811169,6.349310398101807,5.91332770811169,6.349310398101807,37784143
1999-04-19,6.161386570958453,6.604886038825497,6.09122884117763,6.472087383270264,107966896
1999-04-20,6.524707259106108,6.6650234075113435,6.4269867855333525,6.649989128112793,85774769
1999-04-21,6.647481674345694,6.697594811242476,6.4821086572316355,6.532221794128418,55643110
1999-04-22,6.524707093769187,6.649988959601213,6.214006246034815,6.314231872558594,110777552
1999-04-23,6.376872925078657,6.414457615446621,6.188949473238838,6.339288234710693,81511561
1999-04-26,6.1137799012854765,6.163893043305643,5.970957279205322,5.970957279205322,92581990
1999-04-27,5.970957279205322,5.970957279205322,5.970957279205322,5.970957279205322,0
1999-04-28,5.993509236135802,6.226534209317611,5.993509236135802,6.214006423950195,55481527
1999-04-29,6.2265339406571085,6.712629795074463,6.2265339406571085,6.712629795074463,151664428
1999-04-30,6.785292876074902,6.913081225012527,6.682562102889123,6.797821998596191,117325887
1999-05-03,6.837914090570548,6.908071838544808,6.7276651491538875,6.737687110900879,69425240
1999-05-04,6.762741919483939,7.278904914855957,6.752719291563756,7.278904914855957,104142236
1999-05-05,7.166152405737556,7.609651946769445,7.166152405737556,7.376626968383789,160732044
1999-05-06,7.406693143657685,7.559537715205428,7.266377024147014,7.5369873046875,129847312
1999-05-07,8.045204496028058,8.223289146520687,7.9116418825799295,7.966638088226318,133303166
1999-05-10,8.113293232739794,8.163051987126227,7.964016969580493,8.07924747467041,89925115
1999-05-11,8.118532324379563,8.726112365722656,8.079249126020855,8.726112365722656,200446331
1999-05-12,8.851820211171791,8.87539041280055,8.032110381636537,8.328043937683105,239199608
1999-05-13,8.589930862363076,8.922529220837447,8.498270530868199,8.878007888793945,200207976
1999-05-14,8.917292976926783,9.590346336364746,8.786348719075685,9.590346336364746,304092056
1999-05-17,9.433214473055546,9.637487047709515,8.867536466392668,9.372980117797852,274513038
1999-05-18,9.53272943286215,9.996272074599158,9.378215685307858,9.661054611206055,248775430
1999-05-19,9.532727402291844,9.870563160967501,9.42797244822713,9.61129379272461,223301315
1999-05-20,9.590345360216991,9.73700260628646,9.19751262664795,9.19751262664795,189930100
1999-05-21,9.375595948580072,9.40702264910914,8.642309067716578,8.752302169799805,168277829
1999-05-24,8.603025201530679,8.95657398117884,8.469461909496973,8.749682426452637,148619296
1999-05-25,8.799442722170646,9.12680226793593,8.699924485676528,8.904197692871094,186176190
1999-05-26,8.956573503943318,9.074423790416885,8.40922713162161,8.587311744689941,208450172
1999-05-27,8.498269195926463,8.74706298419602,8.076629638671875,8.076629638671875,138774268
1999-05-28,8.197100501920772,8.21543257186589,7.65237303988714,8.118534088134766,187063271
1999-05-31,8.417086093447423,8.76801586151123,8.388278457242354,8.76801586151123,141729030
1999-06-01,8.80467997715006,9.18965621362181,8.668498996860663,8.697306632995605,189259247
1999-06-02,8.825627628942147,9.134655678647107,8.647543762947661,9.121561050415039,185597626
1999-06-03,9.268221447594195,9.47249394146799,9.181797850595643,9.32321834564209,196463436
1999-06-04,9.585104565813669,9.713429707943018,9.459398489727356,9.637481689453125,173599910
1999-06-07,9.585106828014522,9.627009096445025,9.331075549844414,9.469876289367676,127590586
1999-06-08,9.427973370782528,10.213637351989746,9.283934507869878,10.213637351989746,157396699
1999-06-09,9.95175060576584,10.056505580758298,9.750096456949315,9.844376564025879,174542687
1999-06-10,9.88889667959345,10.082694317485318,9.826043977727105,9.904609680175781,221248927
1999-06-11,9.909847603038813,9.922941536733804,9.514396534895148,9.566774368286133,148956326
1999-06-14,9.42273489528201,10.273871310340269,8.91990982568091,9.281315803527832,127806576
1999-06-15,9.221083937991548,9.48035339146295,8.967051919153446,9.071806907653809,161321448
1999-06-16,9.26560376177381,9.663673942056882,9.069187738486,9.543205261230469,168935448
1999-06-17,9.647957795926445,9.846993535174514,9.558916540831358,9.663671493530273,173672817
1999-06-18,9.68724043243753,9.7422366180683,9.55891529976225,9.592960357666016,121421742
1999-06-21,9.663671007912379,9.97793724929047,9.640101511996413,9.857468605041504,152864186
1999-06-22,9.933416449953553,10.03293397007299,9.666290585349312,9.76580810546875,141189650
1999-06-23,9.852233874173272,9.867946876875122,9.44892554340513,9.519636154174805,157938837
1999-06-24,9.433210634979492,9.629626626757691,8.98800151997356,9.462018966674805,164589040
1999-06-25,9.527491123904005,9.65843606615654,9.270841471477986,9.30750560760498,135100505
1999-06-28,9.365120208792446,9.49344466647461,9.289172181371816,9.31797981262207,107781645
1999-06-29,9.323217493388992,9.362499989065197,9.12418245109932,9.168703079223633,138767069
1999-06-30,9.244650739140496,9.346786622952921,9.040377572441868,9.294408798217773,145817168
1999-07-01,9.28131604176591,9.297029041407383,9.084900048562588,9.134658813476562,109978237
1999-07-02,9.18965536340889,9.551060664825096,9.187036296856098,9.44892406463623,203595419
1999-07-05,9.517014584152209,9.86532591478065,9.517014584152209,9.791996955871582,126089467
1999-07-06,9.723908289035126,9.896754109830258,9.71343272115023,9.805093765258789,106616002
1999-07-07,9.846997004685623,9.88889858080673,9.65319932953473,9.702958106994629,109173053
1999-07-08,9.689863627146734,9.78938118367054,9.44368950252953,9.490828514099121,170700480
1999-07-09,9.433210372924805,9.553679031078673,9.197511189338693,9.433210372924805,181030733
1999-07-12,9.577249588083811,9.846994545856168,9.577249588083811,9.807710647583008,137290038
1999-07-13,9.846995657104184,10.465051340332773,9.823425455387751,10.01722240447998,275183051
1999-07-14,10.106261957322767,10.239824527043561,9.954366625518102,10.166496276855469,179650402
1999-07-15,10.239828226162354,10.391723612838941,9.543205400500705,9.723908424377441,184973954
1999-07-16,9.802475381704445,9.967465412508226,9.637485350900663,9.70557689666748,135255086
1999-07-19,9.786759919962023,9.894133946640055,9.645340128953416,9.708192825317383,104692777
1999-07-20,9.587724771273088,9.658435370776278,9.270840804003445,9.333693504333496,129188601
1999-07-21,9.323218511265404,9.63486504077082,9.192273580209658,9.503921508789062,115196503
1999-07-22,9.52487222182855,9.647959257430125,9.407022619863694,9.456781387329102,82375703
1999-07-23,9.441066821226528,9.501301149976525,9.27084010036292,9.304885864257812,89314215
1999-07-26,9.294410819230349,9.297029885920828,8.995858902163956,9.053473472595215,64150914
1999-07-27,8.998476412913536,9.13989620722164,8.91205351618613,8.946099281311035,100172687
1999-07-28,9.032521429089726,9.304885428894456,9.014189364595191,9.168703079223633,115161394
1999-07-29,9.265605089681749,9.4934478492565,9.090140177002684,9.417500495910645,141625103
1999-07-30,9.320598342215657,9.47511276656949,9.192273182755406,9.38083267211914,107800803
1999-08-02,9.32845674232994,9.32845674232994,9.16608579741956,9.234176635742188,78074026
1999-08-03,9.166085774158379,9.23417661230821,9.01157133030483,9.09013843536377,107603327
1999-08-04,9.234176649418965,9.443687997702058,9.0639499031288,9.393928527832031,94065897
1999-08-05,9.427972513194241,9.702954881603791,9.344167989735448,9.386070251464844,119487145
1999-08-06,9.37297766422148,9.375596731035069,9.228939482530265,9.26036548614502,59233574
1999-08-09,9.260363562706223,9.349406219576867,9.176560437448622,9.247269630432129,65957538
1999-08-10,9.218462077107604,9.218462077107604,9.01419028068405,9.082281112670898,78264233
1999-08-11,8.956574714554568,9.111089151305674,8.878008312644083,8.9984769821167,60507737
1999-08-12,8.935623582396405,9.082280807872227,8.817773988735281,8.864912986755371,50864470
1999-08-13,8.951337945947577,8.977526515351165,8.747065425710602,8.76801586151123,48798050
1999-08-16,8.794205260442617,9.058712123800996,8.788967826299311,8.935625076293945,75207505
1999-08-17,8.974907448782794,9.03514178799598,8.880628039297765,8.9434814453125,63876679
1999-08-18,9.1398973549282,9.286554600997668,9.074425582435225,9.19751262664795,103898923
1999-08-19,9.244653863368757,9.396548557128117,9.090139403066175,9.132040977478027,79410634
1999-08-20,9.113706996511842,9.231557292166318,9.027284099266408,9.14775276184082,42206455
1999-08-23,9.323219097747723,9.881041125394775,9.323219097747723,9.802474021911621,198189647
1999-08-24,9.781524524085297,9.794618460575636,9.619153555678102,9.702958106994629,123695204
1999-08-25,9.920319526259773,9.920319526259773,9.014187188846472,9.38344955444336,79790924
1999-08-26,9.585106415085429,9.585106415085429,9.378214848044065,9.480351448059082,47683453
1999-08-27,9.53272982964263,9.763191626712558,9.53272982964263,9.695100784301758,62784924
1999-08-30,9.737000372965479,10.030314797828535,9.731762240626725,9.875801086425781,127964069
1999-08-31,9.833901696383649,10.205782618584976,9.74747878339947,10.135072708129883,134150194
1999-09-01,10.237206072359529,10.286964830616899,9.820804642195833,9.93603515625,107843531
1999-09-02,9.807711016251668,9.807711016251668,9.585106448224678,9.6243896484375,61382886
1999-09-03,9.603439185652482,9.742239929368393,9.558918548753049,9.598201751708984,71706361
1999-09-06,9.689860607029779,9.781521633056588,9.61653234583789,9.718668937683105,59369739
1999-09-07,9.742239381906515,9.768427949226462,9.592963079155082,9.616533279418945,63516500
1999-09-08,9.752716203549026,10.095790187127216,9.73176506718264,9.962226867675781,151640369
1999-09-09,9.998889185647192,10.496476834890236,9.951749487176004,10.44148063659668,259053405
1999-09-10,10.438861273388762,10.48862073977001,10.2764917386962,10.35767650604248,146987376
1999-09-13,10.35767650604248,10.35767650604248,10.35767650604248,10.35767650604248,0
1999-09-14,10.423149074881467,10.470288775633774,10.12197740430864,10.161260604858398,120661751
1999-09-15,10.302681784323898,10.302681784323898,9.928181096196127,9.962226867675781,92616006
1999-09-16,9.980558241691663,10.004128443345811,9.721288821644263,9.771047592163086,56556561
1999-09-17,9.726526696643226,9.988414476941115,9.689861861762632,9.933418273925781,82183661
1999-09-20,9.949130693638041,10.066980292817242,9.755333761531002,9.77890396118164,68195400
1999-09-21,9.744858876639304,9.744858876639304,9.55891843156326,9.619152069091797,78449610
1999-09-22,9.742237520540282,9.941273252384484,9.663671134054434,9.789377212524414,54897095
1999-09-23,9.841757002645588,10.307917982030697,9.716050199528013,10.137690544128418,170993774
1999-09-24,10.334104223372778,10.949541368272415,10.300059163178075,10.946922302246094,239673195
1999-09-27,11.151198123585568,11.779729349586601,10.949543982157152,11.284761428833008,199690808
1999-09-28,11.111914082085473,12.125421446852355,11.038585118143848,11.792823791503906,240419896
1999-09-29,11.994475502326452,12.591580630933251,11.889721247502475,12.5182523727417,271076847
1999-09-30,12.552298945763875,13.094407945947756,12.4554004789033,12.557537078857422,224485681
1999-10-01,12.554919221620937,12.65967489821207,12.099233777292183,12.484210014343262,210565566
1999-10-04,12.51825451591494,12.52349264927508,12.028524023593894,12.093995094299316,106171236
1999-10-05,12.023284985036042,12.570630705888338,11.876628454586115,12.444925308227539,153512212
1999-10-06,12.455400313236915,13.010603239696028,12.046855317928394,12.465876579284668,301253502
1999-10-07,12.49992135388703,13.277729525883183,12.49992135388703,12.997509002685547,275415244
1999-10-08,13.078693574210742,13.14678510734823,12.596820305439817,12.672767639160156,181652318
1999-10-11,12.670147025618617,12.798472876568495,12.41611578902521,12.562773704528809,154564783
1999-10-12,12.518255213253495,12.70157729940375,12.363741463114717,12.447546005249023,168513663
1999-10-13,11.627834348540484,13.02631656677713,11.627834348540484,12.680624961853027,201468961
1999-10-14,12.72776592834434,13.078694282962136,12.678006459302336,12.733002662658691,94761916
1999-10-15,12.68324089935979,12.780140753221472,12.17779749473071,12.269457817077637,82773765
1999-10-18,12.36112101249953,12.476351545497419,12.154228747150679,12.224939346313477,123515821
1999-10-19,12.224939346313477,12.224939346313477,12.224939346313477,12.224939346313477,0
1999-10-20,12.7801407241512,13.204398671276323,12.52610809023043,13.128451347351074,235407187
1999-10-21,13.665322094317284,14.08958143890141,13.26201527936943,13.885308265686035,299256824
1999-10-22,13.660084605437708,13.91935398394105,13.364151096491293,13.741270065307617,151540433
1999-10-25,13.814604118924633,13.814604118924633,13.437485030167707,13.505575180053711,101586207
1999-10-26,13.492476422476896,13.576279546311188,13.33534364156107,13.377245903015137,111997266
1999-10-27,13.53961622011251,13.560567352081799,13.021078851788928,13.165116310119629,93603485
1999-10-28,13.199161410241269,13.199161410241269,12.65443477572977,12.751333236694336,76168166
1999-10-29,12.727767537977273,12.774906547212462,12.222322578923304,12.332316398620605,109439529
1999-11-01,12.313981509543803,12.361121912417596,11.347614443223842,11.410467147827148,114373142
1999-11-02,11.261193962728246,12.324460430998778,11.130249692333651,12.272083282470703,129022957
1999-11-03,12.591583452686084,12.591583452686084,11.643549119447906,11.808538436889648,175844467
1999-11-04,11.724734986620723,12.070426655527253,11.58069609170586,11.842584609985352,122838876
1999-11-05,11.837345279092274,12.350647394580346,11.837345279092274,12.177800178527832,131084769
1999-11-08,12.177800178527832,12.177800178527832,12.177800178527832,12.177800178527832,0
1999-11-09,12.15161119508934,12.222320395849621,11.879246461056727,11.997096061706543,86587669
1999-11-10,12.093995918840797,12.397786688329463,12.010192774735456,12.334933280944824,102012011
1999-11-11,12.36112225365329,12.67276881716071,12.203989438501708,12.368979454040527,149253920
1999-11-12,12.300887777604915,12.303506844371498,12.052093223669106,12.099233627319336,79148388
1999-11-15,12.230177748227092,12.240652615514433,11.997096211500859,12.075662612915039,61299406
1999-11-16,11.994477524398711,12.020666792056707,11.874008851875637,11.921149253845215,80545607
1999-11-17,12.015426594822989,12.303504292355669,11.897577009216123,11.900196075439453,123075999
1999-11-18,11.942101887466443,11.957814890404348,11.578077457058434,11.714259147644043,76528247
1999-11-19,11.732589321817336,11.960432024824623,11.701162621482364,11.727351188659668,55197504
1999-11-22,11.688068135951754,11.80853679844751,11.680211636123115,11.732588768005371,73807401
1999-11-23,11.732588768005371,11.732588768005371,11.732588768005371,11.732588768005371,0
1999-11-24,11.879247534293933,12.141136025756435,11.798062059968332,12.062569618225098,88599794
1999-11-25,12.041617101703633,12.175179699371691,11.978763703073374,12.031142234802246,55765985
1999-11-26,12.096612169916082,12.1725594948411,11.764014540551077,11.819010734558105,70838662
1999-11-29,11.83734287739614,11.88710233830765,11.585930703793888,11.622594833374023,52377520
1999-11-30,11.651402012655382,11.703780537805546,11.426178411823715,11.517839431762695,63924098
1999-12-01,11.669737552240747,11.829489433709893,11.512604038022436,11.685450553894043,59220354
1999-12-02,11.680210204083407,11.803297218406435,11.454986605899457,11.541409492492676,59243181
1999-12-03,11.575458121613888,11.722115368406493,11.324044499334448,11.365946769714355,98030600
1999-12-06,11.418324056658006,11.538792028881032,11.329282086166272,11.399991989135742,54260959
1999-12-07,11.439274566553355,11.808537062114334,11.397372300482349,11.716876029968262,115597337
1999-12-08,11.994478094358817,12.654436757922786,11.874009416111248,12.177800178527832,280267701
1999-12-09,12.256366603812094,12.465877957185308,12.125423057259443,12.395167350769043,100346313
1999-12-10,12.397787624570414,12.774906698282887,12.308746340023697,12.366361618041992,124489198
1999-12-13,12.355884670169873,12.382073940219183,11.855677866765886,11.94210147857666,60152095
1999-12-14,11.842581039534931,11.981381758477502,11.643546693075955,11.709017753601074,98386088
1999-12-15,11.784968362682985,11.784968362682985,11.525698932787284,11.669737815856934,61810931
1999-12-16,11.732587944589756,11.83996196681074,11.630452054911563,11.7247314453125,30255514
1999-12-17,11.756161438799507,11.936864459784012,11.638311125456116,11.682831764221191,57563436
1999-12-20,11.682830929124966,11.769254532701645,11.523079055285693,11.54403018951416,32392782
1999-12-21,11.538790400673802,11.651402556110645,11.44974914228347,11.499507904052734,54545416
1999-12-22,11.824249029242981,12.421354169985085,11.784965833117155,12.413496971130371,139424142
1999-12-23,12.133278275126521,12.607297164686074,12.052092804482703,12.169943809509277,48251696
1999-12-24,12.046856034671046,12.146373572675657,11.798061490122485,11.85044002532959,42032730
1999-12-27,11.819011634262258,11.88710316469755,11.575456642526921,11.661879539489746,38946173
1999-12-28,11.779730925934821,11.858297339698606,11.627836232411306,11.714259147644043,56899221
1999-12-29,11.850437910570419,12.570629349943289,11.784965452782403,12.408258438110352,62403290
1999-12-30,12.46325718845879,12.701575445955836,12.159466467088965,12.2066068649292,50106719
1999-12-31,12.2066068649292,12.2066068649292,12.2066068649292,12.2066068649292,0
2000-01-03,12.439688460292352,13.183451652526855,12.439688460292352,13.183451652526855,62409578
2000-01-04,13.534381947968463,14.238862037658691,13.162500998278748,14.238862037658691,132872110
2000-01-05,13.442719955004783,15.079521986032683,13.442719955004783,14.796682357788086,375789847
2000-01-06,15.137138263792568,15.749956566301474,15.137138263792568,15.417357444763184,219621124
2000-01-07,15.451401481756438,16.650850026102926,15.346645814350321,16.475383758544922,278281260
2000-01-10,16.624656500571056,16.69274661763616,15.990887323502848,16.15849494934082,187897934
2000-01-11,16.129693218883926,16.286826030823043,14.867391190812478,15.110947608947754,175675797
2000-01-12,15.137138381678563,15.97517966228335,14.778351385673616,15.80233383178711,169586471
2000-01-13,16.02755500129304,16.57228305395011,15.928037470456827,16.33396339416504,239139851
2000-01-14,16.21087921405647,16.847267682549713,16.21087921405647,16.567047119140625,188507616
2000-01-17,16.669184263218355,16.912739297919853,16.082553848443208,16.17159652709961,150255809
2000-01-18,16.184688885729315,16.705846774191787,16.003985878185933,16.45705223083496,141210936
2000-01-19,16.910115858387627,17.01749057857756,16.56180523270785,16.73988914489746,160790093
2000-01-20,16.760841000094057,17.01749131407525,16.265872437482194,16.386341094970703,216069957
2000-01-21,16.37848799216886,17.200817668555075,16.34182385229817,17.093442916870117,239994540
2000-01-24,17.04891747971808,17.38151652379191,16.865596824410364,17.082963943481445,184344232
2000-01-25,17.025345832797587,17.038441163543826,16.669179418901965,16.758220672607422,136584272
2000-01-26,16.758220672607422,16.758220672607422,16.758220672607422,16.758220672607422,0
2000-01-27,17.232240168398658,17.640785156931823,16.902261577624717,17.543888092041016,210269961
2000-01-28,17.59364514841498,17.9079107214232,17.368420834857936,17.721969604492188,164331247
2000-01-31,17.517699344703374,17.59888481133303,17.10391481191713,17.187719345092773,142723553
2000-02-01,17.326519840026826,17.674831901591116,17.179863308062064,17.496747970581055,149956451
2000-02-02,17.96029063104651,18.16980197820292,17.732448614972284,17.816251754760742,139355731
2000-02-03,17.913152727836,17.99171913807829,17.619836823795534,17.894819259643555,94831223
2000-02-04,18.017908663640792,18.1933721566604,17.897439979682492,18.02576446533203,99528064
2000-02-07,17.866010427407268,18.30336377112872,17.70625855697941,17.9969539642334,114747088
2000-02-08,18.09647448417027,18.16980416403364,17.863394306609017,17.934104919433594,90057597
2000-02-09,18.279794945245676,18.57572850796545,18.059808723540176,18.353124618530273,160165902
2000-02-10,18.269315319693444,19.05497919328404,18.065042152930374,18.633338928222656,151143675
2000-02-11,19.06545695712728,19.589232447687454,18.858564707971873,19.028791427612305,114214724
2000-02-14,18.803571400163687,18.903088940533635,18.33217156746586,18.44216537475586,71806185
2000-02-15,18.43692355842236,18.56263034190773,17.915767158254482,18.036235809326172,113776526
2000-02-16,18.33217567123457,18.531210796529685,17.970770963998216,18.23527717590332,110304203
2000-02-17,18.211703422573247,18.688341402608668,18.201228554422322,18.570491790771484,107425289
2000-02-18,18.693574795599158,18.748572390551463,18.227414565190884,18.303361892700195,70451511
2000-02-21,18.248363176001074,18.436921935557884,17.894813053453074,18.104324340820312,41234633
2000-02-22,18.12265982501341,18.175036957206807,17.415562244569696,17.512460708618164,100723088
2000-02-23,18.054568504679366,18.054568504679366,17.143197790244013,17.274141311645508,67665446
2000-02-24,17.436516083502536,17.845061135796936,17.247955860007607,17.63817024230957,79319185
2000-02-25,17.881715931900768,17.960282300875978,17.080339248168347,17.21128273010254,54786600
2000-02-28,17.014873851204595,17.66435619686665,16.237065636921603,17.446989059448242,70386208
2000-02-29,17.69840334816372,17.957672762954513,16.051126520482452,16.281587600708008,139625441
2000-03-01,16.498951812307837,17.276759918352287,15.660910779298625,16.593231201171875,150769883
2000-03-02,16.700604872188766,16.865594841642938,15.268076468385088,15.281171798706055,175562684
2000-03-03,14.98523851185561,14.98523851185561,14.060773849487305,14.060773849487305,64935300
2000-03-06,14.060773228743189,14.867388264540342,12.937273564696387,13.301297187805176,146075956
2000-03-07,13.461052159716122,13.565807837731665,12.570632394269417,12.69110107421875,133888438
2000-03-08,12.932038101595966,13.120596918101368,12.04685649257925,12.201370239257812,101621246
2000-03-09,12.355883713752354,12.696338601743353,11.740446408288575,12.114946365356445,77665531
2000-03-10,12.256365630721103,12.298267898068927,11.240239844758495,11.358089447021484,92389443
2000-03-13,11.517840757644104,12.020665842803632,10.49123945466794,10.643134117126465,150763063
2000-03-14,10.763603440843571,11.496890330705943,10.326250093738489,11.48117733001709,141532996
2000-03-15,11.73258889226739,12.40040397644043,11.313567635549523,12.40040397644043,79982280
2000-03-16,12.544442115916612,12.979177794942247,12.052092567459617,12.300887107849121,147946692
2000-03-17,12.300887107849121,12.300887107849121,12.300887107849121,12.300887107849121,0
2000-03-20,12.300887107849121,12.300887107849121,12.300887107849121,12.300887107849121,0
2000-03-21,12.50778087387275,12.71729226150216,11.921151786659147,12.460641860961914,95762643
2000-03-22,12.832519936885282,13.015842010031259,12.633484862972292,12.7487154006958,69064318
2000-03-23,12.845612862844892,12.874421194551823,12.494683143936165,12.620389938354492,60024739
2000-03-24,12.528729692689828,12.725145707800547,12.447545618974964,12.602059364318848,36941526
2000-03-27,12.727765250057377,13.61032772064209,12.727765250057377,13.61032772064209,58001578
2000-03-28,13.780552585596528,14.699780464172363,13.780552585596528,14.699780464172363,98405624
2000-03-29,14.917150118243953,15.184275329195724,14.089583818919165,14.210052490234375,143934962
2000-03-30,14.089586482485604,15.346649169921875,13.529145288163958,15.346649169921875,240432206
2000-03-31,15.556156020385572,16.574901580810547,14.670975861950952,16.574901580810547,275945423
2000-04-03,17.16152468265252,17.478409224062318,16.661318147276088,17.21128273010254,299036394
2000-04-04,17.07510587088938,17.07510587088938,15.836374282836912,15.836374282836914,189486468
2000-04-05,15.891368670151252,16.34181723227822,14.574072240069178,15.831135749816895,352720260
2000-04-06,16.24319353352225,17.500298763587132,16.21906970726875,17.484216690063477,227418526
2000-04-07,17.679886746114622,18.883384704589844,17.679886746114622,18.883384704589844,163657523
2000-04-10,19.82956333819698,20.371002735111773,19.272040434573558,19.542760848999023,309647520
2000-04-11,19.19162718626587,19.245236007392933,18.575137198792877,18.963794708251953,136676715
2000-04-12,19.138017855620234,19.29884143881463,17.926479813706212,18.11678695678711,241770257
2000-04-13,17.74957043791301,17.74957043791301,16.66937255859375,16.66937255859375,3153974
2000-04-14,16.66937255859375,16.66937255859375,16.66937255859375,16.66937255859375,0
2000-04-17,15.337221203531373,16.125258667392888,15.337221203531373,15.996599197387695,223113571
2000-04-18,15.926908024048926,16.559481592982113,15.760723236084145,16.085052490234375,122899571
2000-04-19,16.495151661787467,17.371639725017786,16.24855508876832,16.878446578979492,228183965
2000-04-20,16.779268011433313,18.229362099097397,16.578238556978096,18.106063842773438,271517327
2000-04-21,18.106063842773438,18.106063842773438,18.106063842773438,18.106063842773438,0
2000-04-24,18.54833621044831,19.33101254227231,17.315354576077794,18.06318473815918,246733265
2000-04-25,17.277829781000143,18.19988509219876,16.706905307201488,17.800506591796875,221403241
2000-04-26,18.226687062442092,19.22647490362137,18.226687062442092,19.188949584960938,238053151
2000-04-27,19.341731344983483,19.62049208097818,18.135552825414816,18.529571533203125,413796521
2000-04-28,18.62874461071528,18.86462027370292,18.24276768503518,18.497406005859375,188028343
2000-05-01,18.497406005859375,18.497406005859375,18.497406005859375,18.497406005859375,0
2000-05-02,18.655546668547213,19.012038554418492,17.43596690329939,17.645036697387695,230017702
2000-05-03,17.52978426998645,17.896998577181872,16.57556347457369,17.583393096923828,192704191
2000-05-04,17.744211995875116,18.38482570876159,17.744211995875116,18.076580047607422,158631859
2000-05-05,18.146276649011003,18.309780858535664,17.588753699436488,17.9774112701416,156073814
2000-05-08,17.744217409762317,18.0658646562563,17.277828615958803,17.368961334228516,82504670
2000-05-09,17.234939512160075,17.789781787392958,17.068754744820524,17.602153778076172,85940035
2000-05-10,17.690609148073836,17.95328783659731,17.331436568894787,17.435972213745117,93165917
2000-05-11,17.37163947515345,17.37163947515345,16.8328806994521,16.980302810668945,90033846
2000-05-12,17.13308517431354,17.288547611080446,16.79535588922347,16.934736251831055,57913070
2000-05-15,16.728345271803136,17.406484413988686,16.430820461559023,17.127723693847656,81188494
2000-05-16,17.15453237228188,17.256387441355834,16.886492490728887,17.015151977539062,43882418
2000-05-17,17.202775622001024,17.604836090559914,16.953499878456636,17.092880249023438,109270328
2000-05-18,17.047310111674342,17.141123392708963,16.462984321367482,16.623807907104492,75382294
2000-05-19,16.511231890465485,17.1035994813581,16.47102742267374,16.91865348815918,111574963
2000-05-22,16.779273758035703,16.9883450350466,16.56484274382324,16.74979019165039,43662227
2000-05-23,16.741750674216775,16.940099639446522,16.53804053913314,16.873090744018555,58389850
2000-05-24,16.814118702832737,17.04195262332235,16.618448930958458,16.765871047973633,56605367
2000-05-25,16.741742653613848,17.036586807214537,16.67741294199539,16.76854705810547,36653287
2000-05-26,16.875769819350936,17.047314351902425,16.67205970248986,16.964221954345703,49082689
2000-05-29,17.074119730941085,18.62606809334298,17.047315314492277,18.19720458984375,165326988
2000-05-30,18.26689283785967,18.540292404437768,18.07122449252562,18.430397033691406,79692753
2000-05-31,18.81637633025054,19.127302685876685,18.3392651736529,18.435760498046875,118366163
2000-06-01,18.33926025646549,18.542970325887925,18.020293663953176,18.18379783630371,75363108
2000-06-02,18.387512128772986,18.54833575399685,17.91040099052227,18.089988708496094,81875438
2000-06-05,18.1033860421599,18.86193835033617,18.033695152331834,18.18379783630371,151857297
2000-06-06,18.11947274557515,18.379472282897662,18.01761768483182,18.1623592376709,54887782
2000-06-07,18.221322572250642,18.46255794704224,18.0256542612137,18.11678695678711,52545769
2000-06-08,18.22132099450084,18.494721921419572,18.132868890564353,18.272249221801758,64426688
2000-06-09,18.328539030000794,18.90750508320884,18.17575719658728,18.291013717651367,172161391
2000-06-12,18.35534069706389,18.532246328264904,18.148950078028196,18.194517135620117,57726882
2000-06-13,18.173079456591733,18.57245936213451,18.068545246994933,18.146276473999023,95747252
2000-06-14,18.575141729764244,18.575141729764244,18.017618732051474,18.08462905883789,62793550
2000-06-15,18.28029500726549,18.28029500726549,17.556588729152875,17.768339157104492,85105386
2000-06-16,17.666491454594365,18.004220877806716,17.637006446630295,17.81123161315918,63843153
2000-06-19,17.891635621641388,18.012254754238707,17.701328457630602,17.762977600097656,43452959
2000-06-20,17.878235788459843,17.905040201735314,17.61287653603485,17.706689834594727,58093559
2000-06-21,17.905036153928236,17.905036153928236,17.596790482722326,17.645036697387695,29007035
2000-06-22,17.709374460802902,18.75204753250877,17.328757177558856,18.49472999572754,268082760
2000-06-23,18.553689809876573,19.01203667964732,17.95864176552771,18.106063842773438,224036672
2000-06-26,17.958647557162617,17.990813139410225,17.596794422446177,17.75225830078125,48525944
2000-06-27,17.762975562278953,18.221322485821734,17.69596525895384,17.931840896606445,106940541
2000-06-28,17.958646206811093,18.06318183536725,17.82462701467575,17.89163589477539,24433854
2000-06-29,17.977408536807975,18.532250817350405,17.953284710360734,18.34730339050293,106685828
2000-06-30,18.4411172336094,18.47864254765718,18.01225384232509,18.26957130432129,88865990
2000-07-03,18.11947138420086,18.867301491068954,18.11947138420086,18.663591384887695,137988774
2000-07-04,18.687716948539062,18.741325780575277,18.443800915389623,18.516172409057617,75354482
2000-07-05,18.70915369144415,19.317603270415795,18.580495689540182,18.9852352142334,189904178
2000-07-06,18.81637959027153,19.56152930702579,18.762770749223286,19.424829483032227,200669996
2000-07-07,19.534717030459266,19.61512882775683,19.298842806902684,19.36317253112793,111604092
2000-07-10,19.459666664155215,19.888530066176138,19.226473021619146,19.7545108795166,131908677
2000-07-11,19.829564687377143,20.247705819592436,19.649978404337187,20.153892517089844,170025705
2000-07-12,20.05471176868536,20.143163874236965,19.727703456684445,19.83759880065918,70757129
2000-07-13,19.877814270072054,20.038636476234643,19.459671665465645,19.607093811035156,83264045
2000-07-14,19.633891484997193,19.859046235753553,19.277399565494267,19.36317253112793,89678274
2000-07-17,19.454306253115433,19.561521025951045,19.164823216200173,19.47574806213379,86145914
2000-07-18,19.37925706627737,19.45966887379101,19.100496324488226,19.199670791625977,52104364
2000-07-19,19.21843345770449,19.432864467167494,18.89678622754189,18.982559204101562,58511199
2000-07-20,18.918223592060357,19.341725742282687,18.60193619728002,19.170181274414062,124658147
2000-07-21,19.13802359306695,19.13802359306695,18.34730692799784,18.435760498046875,143754403
2000-07-24,18.28297543711407,18.28297543711407,17.37700230486534,17.502981185913086,84256775
2000-07-25,17.291229450599005,18.036378972141343,17.165250568656706,17.89967918395996,92498453
2000-07-26,18.17307598592275,18.17307598592275,17.368958022985982,17.454730987548828,54349425
2000-07-27,17.47617583650518,18.805651181797735,17.26710457413259,18.443798065185547,120640983
2000-07-28,18.655550232973084,18.762765018449485,18.1838003082941,18.250810623168945,83819180
2000-07-31,18.119471181565515,18.274935059977576,17.985451979286594,18.05514144897461,28100305
2000-08-01,18.012257265226754,18.328543342536157,17.99081401999084,18.146276473999023,52276716
2000-08-02,18.087305093973647,18.210603376916144,18.01225446329074,18.173076629638672,20395290
2000-08-03,18.21596070815032,18.42771251496307,18.028334156217817,18.100704193115234,46686143
2000-08-04,18.1462772731269,18.159678765013428,17.645042288624154,17.69597053527832,45818822
2000-08-07,17.63699779496026,17.797821387307643,17.376999749461053,17.704008102416992,34608868
2000-08-08,17.779058203358385,17.870192333353206,17.663800248839294,17.73617172241211,31546244
2000-08-09,17.85143265818405,18.11947106095776,17.75225819140927,17.888957977294922,33540780
2000-08-10,17.797821525280117,17.99885101727277,17.59143086498473,17.66648292541504,23807997
2000-08-11,17.663797833533152,17.797818426148588,17.567303980566333,17.6503963470459,27325498
2000-08-14,17.63699715510393,17.789780421452672,17.277824669483397,17.655759811401367,37143638
2000-08-15,17.655759811401367,17.655759811401367,17.655759811401367,17.655759811401367,0
2000-08-16,17.79246272748935,18.26957383547107,17.70401059838958,18.08730697631836,67496889
2000-08-17,18.17307270630137,18.51616450263636,17.98544617010031,18.106063842773438,86149527
2000-08-18,18.068545907648243,18.21864719785165,17.99349526254654,18.06318473815918,25684195
2000-08-21,18.022980422049276,18.167721987478636,17.96401184827234,18.0390625,20282583
2000-08-22,18.14627951506561,18.347309077881924,18.04978561130108,18.135557174682617,39891989
2000-08-23,18.317820298825794,18.54833336829859,18.1489549412858,18.20256233215332,75956629
2000-08-24,18.173075794155896,18.26689051013254,17.90503743062936,17.99081039428711,46216771
2000-08-25,18.039056938426956,18.140911976627454,17.75761564928221,17.883594512939453,23180851
2000-08-28,17.87822979066441,17.958641571578067,17.776374772711403,17.80854034423828,16676686
2000-08-29,17.760297137622732,17.93184307677221,17.65308092565431,17.71204948425293,30320186
2000-08-30,17.945242670553874,18.162354223910185,17.776377333534576,18.06049919128418,42939124
2000-08-31,18.146272219809042,18.269570493025583,17.961324809984237,18.041736602783203,38384652
2000-09-01,18.041736602783203,18.041736602783203,18.041736602783203,18.041736602783203,0
2000-09-04,18.167723527088953,19.12462371351769,18.13287878325342,18.97184181213379,110294526
2000-09-05,19.138020903915944,19.277401269422473,18.883384000611656,19.07101058959961,50895798
2000-09-06,19.084410695098025,19.615127666685805,18.869978293706687,19.491830825805664,136969141
2000-09-07,19.36049256761707,19.883169266807148,19.304204594091498,19.39801788330078,105721037
2000-09-08,19.40605768409167,20.102960834204005,19.355130884196573,19.883167266845703,83416875
2000-09-11,20.092235718214788,20.74625229795654,20.05471041149775,20.53986167907715,98805506
2000-09-12,20.639044470062988,20.89636198598159,20.435334352312687,20.555952072143555,60658354
2000-09-13,20.689970457049355,20.689970457049355,19.94214033758359,20.12976837158203,82885772
2000-09-14,20.159248419148014,20.40584495779406,19.97966218303036,20.140485763549805,58814450
2000-09-15,20.156573399363207,20.218222551042743,19.467711824130962,19.617813110351562,53200335
2000-09-18,19.459668710514265,19.459668710514265,18.395552562141283,18.55905532836914,73399060
2000-09-19,18.451837111793175,18.867297559280857,17.905036640508396,18.098024368286133,68148598
2000-09-20,18.293697318398515,18.802972566985694,18.098027540401038,18.628746032714844,53619277
2000-09-21,18.650188446044922,18.762764396645174,18.35266506351333,18.650188446044922,48372162
2000-09-22,18.601941354879827,18.601941354879827,18.009575156225015,18.138233184814453,58990275
2000-09-25,18.336585610971785,18.548336052689535,18.11947256787429,18.33122444152832,48547973
2000-09-26,18.441112466988272,18.441112466988272,18.122144516156375,18.296369552612305,40011530
2000-09-27,18.28297352200181,19.014721470915806,17.9264815923988,18.864620208740234,92628316
2000-09-28,19.030805807775078,19.030805807775078,18.4143157483537,18.526891708374023,68963290
2000-09-29,18.64482678264597,18.757404162195176,18.28297368140019,18.360706329345703,37998621
2000-10-02,18.360706329345703,18.360706329345703,18.360706329345703,18.360706329345703,0
2000-10-03,18.22936879694165,18.52153104319297,18.132874909736454,18.395553588867188,41961280
2000-10-04,18.548336642607417,18.682355859402453,18.435760672331945,18.583181381225586,25417691
2000-10-05,18.5027676979804,18.61802567337058,18.156996635682226,18.23472785949707,24047388
2000-10-06,18.122151916628134,18.323181437684614,18.041740108205545,18.248130798339844,29197467
2000-10-09,18.28029418799731,18.575138427897723,18.17575998694824,18.250810623168945,34534659
2000-10-10,18.282979246770257,18.307103080583854,17.872878367748545,17.96937370300293,30007286
2000-10-11,17.851432807120553,17.926483445968454,17.561949725941254,17.706689834594727,27186770
2000-10-12,17.55658759052319,17.93184362797965,17.291228352704493,17.548545837402344,69082160
2000-10-13,17.435971951081743,17.435971951081743,16.355772213149343,17.063396453857422,53499189
2000-10-16,17.208136475287755,17.926482990960697,16.36381251387086,16.634532928466797,68052387
2000-10-17,16.358447476889804,16.709579614307195,15.934945304094985,16.18690299987793,82261245
2000-10-18,16.055564696471528,16.21638828729188,15.77412341253591,15.993915557861328,37969127
2000-10-19,15.910827929178614,16.5326806691706,15.385470518040258,16.251237869262695,70267297
2000-10-20,16.578247776900714,16.806081762637437,15.875984587572166,15.980520248413086,88156261
2000-10-23,15.975150405956684,15.975150405956684,15.189795231316866,15.323814392089844,49541306
2000-10-24,15.331854723602019,15.798243350901425,15.251442940686113,15.691028594970703,69908756
2000-10-25,15.760724940719077,16.570205723455555,15.723199616527019,16.35309410095215,76804722
2000-10-26,16.508553716116765,16.618449084850248,16.299482452372718,16.379894256591797,18928903
2000-10-27,16.45494769979246,16.538040102588738,16.08773334934966,16.240516662597656,48728952
2000-10-30,16.32360672432728,16.586285387388354,16.087731042111354,16.13597869873047,40934463
2000-10-31,16.085052063824307,16.28340099752065,15.776806325276652,16.197628021240234,42509931
2000-11-01,16.642571208307956,16.768550070533937,16.32628376068086,16.54071617126465,72480301
2000-11-02,16.559479457898938,17.04731142060768,16.559479457898938,16.924013137817383,74858151
2000-11-03,17.06875350452878,17.194732362998835,16.875765772693054,16.92133140563965,58610896
2000-11-06,16.991023220685342,17.149166232431945,16.72566400100206,16.7631893157959,55849367
2000-11-07,16.62649477661011,16.89989583488119,16.62649477661011,16.78999900817871,36376364
2000-11-08,16.977621204424995,17.283186339375277,16.886488496774604,17.071435928344727,78714125
2000-11-09,17.02051134579142,17.29927356115777,16.940099526265993,17.108964920043945,53307147
2000-11-10,17.07143568013647,17.141125144043638,16.631851358467106,16.680097579956055,49235533
2000-11-13,16.62112983101751,16.62112983101751,16.14402016985704,16.211029052734375,32680643
2000-11-14,16.192265227682007,16.720303091018508,16.192265227682007,16.67473602294922,51493926
2000-11-15,16.93741692159888,17.01514814037435,16.62381003019817,16.78463363647461,42863682
2000-11-16,16.886487805848642,16.90793104770126,16.583603267624415,16.70690155029297,45646036
2000-11-17,16.67205847710321,16.696182305578247,16.484430450219346,16.664016723632812,47502852
2000-11-20,16.647930211256433,16.75782698637898,16.5675184257302,16.629167556762695,23524883
2000-11-21,16.76587406360912,16.76587406360912,16.48979387053865,16.570205688476562,52537002
2000-11-22,16.618446297023386,16.69885808775299,16.489788291017547,16.519271850585938,16058756
2000-11-23,16.457624834827087,16.752469060093556,16.363811544207422,16.680097579956055,35718227
2000-11-24,16.752476639552977,16.988350980935856,16.725672216418847,16.79804229736328,47203872
2000-11-27,16.83288253365964,17.149168600833825,16.806078119989618,17.0848388671875,43128757
2000-11-28,17.151844990365774,17.70400661252782,17.007103483046723,17.663799285888672,94755530
2000-11-29,17.58339285109087,17.819267104121774,17.368960410211717,17.54050636291504,72628314
2000-11-30,17.529783425757486,17.704009957008978,17.449371621160218,17.591432571411133,43866453
2000-12-01,17.529782281839175,17.704008801721397,17.39576309356795,17.5887508392334,50742057
2000-12-04,17.631637654400745,17.980089268775725,17.631637654400745,17.829986572265625,68788347
2000-12-05,17.931845749871073,18.21596624805312,17.921123411107825,18.156997680664062,52905486
2000-12-06,18.478643538190124,18.478643538190124,18.044418955355308,18.07926368713379,43719127
2000-12-07,18.033697305804587,18.245449152701877,17.998852572697576,18.095346450805664,30523740
2000-12-08,18.119465090193515,18.3285362928447,18.073898032601594,18.194517135620117,59695425
2000-12-11,18.27493530418294,18.599263124051877,18.22668764611099,18.545654296875,84918820
2000-12-12,18.601939182951202,18.612661519377806,18.414312614845183,18.457199096679688,33331820
2000-12-13,18.548330040872496,18.738638607006838,18.462557085322608,18.623380661010742,57066266
2000-12-14,18.650189862979992,18.912868532940152,18.49472741502485,18.564416885375977,88461585
2000-12-15,18.494723522842648,18.494723522842648,18.028334845191722,18.11678695678711,56209434
2000-12-18,17.958640381541848,18.382142495085947,17.69328123572377,18.296369552612305,53342732
2000-12-19,18.400906322720118,18.47327778453123,18.124826257424495,18.194517135620117,49308314
2000-12-20,18.494724413080977,18.494724413080977,18.087304267527884,18.32585906982422,29325971
2000-12-21,18.23204799926755,18.492046074050126,18.041739391985395,18.349985122680664,59473245
2000-12-22,18.467924962940177,18.60194418072793,18.07926736983845,18.13019561767578,49839151
2000-12-25,18.13019561767578,18.13019561767578,18.13019561767578,18.13019561767578,0
2000-12-26,18.068544532283575,18.328542617540432,17.50566044105825,17.583393096923828,53423649
2000-12-27,17.476179267313654,17.95865018417875,17.368963030698172,17.854114532470703,56125604
2000-12-28,18.00153560827999,18.237411314806607,17.840711978889082,18.1623592376709,56613447
2000-12-29,18.143594299977313,18.264212006887142,18.06854366419416,18.170398712158203,37622350
2001-01-01,18.226684230741153,18.42235397898004,18.173075413609656,18.320497512817383,42128577
2001-01-02,18.245450302417137,19.24523817541375,18.240089133313276,18.9932804107666,92764775
2001-01-03,19.030802825371968,19.38997675758375,18.923588051279353,19.301523208618164,123856212
2001-01-04,19.2505952762414,19.66873630731572,19.095131428637345,19.180904388427734,83784183
2001-01-05,19.111215405468904,19.66337709923479,19.111215405468904,19.52935791015625,104474953
2001-01-08,19.43286479570775,19.698225483401597,19.151423464557315,19.309566497802734,95828393
2001-01-09,19.266680806748425,19.395338837593314,19.143382512900637,19.188949584960938,63211442
2001-01-10,19.221111346171323,19.376573770427715,18.71719732746884,18.853897094726562,66251757
2001-01-11,18.8967866278278,19.154104131021334,18.816374818583807,19.073692321777344,57008778
2001-01-12,19.135337544138245,19.213068752864345,18.977194542669842,19.00667953491211,33646611
2001-01-15,18.979879479101083,19.11121810246164,18.869982668915277,19.060291290283203,27697623
2001-01-16,19.060289722220233,19.856367446592778,19.060289722220233,19.7491512298584,145605043
2001-01-17,19.893894355268827,19.912657015705673,19.36585641453994,19.408742904663086,58317336
2001-01-18,19.45966685990367,19.64729486866321,19.371213308018284,19.55348014831543,38235547
2001-01-19,19.57224586159653,20.038634656108307,19.57224586159653,19.786678314208984,91923124
2001-01-22,19.781312422245083,20.151207240739307,19.733066205877947,20.076156616210938,106260122
2001-01-23,20.089566243797602,20.59884161358325,20.089566243797602,20.459461212158203,115872538
2001-01-24,20.606879728149934,20.612239465458075,20.290592221775533,20.389766693115234,76479540
2001-01-25,20.451412977955087,20.558629188138156,20.191414921205165,20.462135314941406,62876484
2001-01-26,20.462135314941406,20.462135314941406,20.462135314941406,20.462135314941406,0
2001-01-29,20.371001163361676,20.371001163361676,19.352450747209584,20.245023727416992,71061907
2001-01-30,20.293274519979363,20.960692893365266,20.293274519979363,20.888322830200195,147232440
2001-01-31,21.711202636257855,21.711202636257855,20.42461361410489,20.61760139465332,82628245
2001-02-01,20.558632168382996,20.832031754062665,19.979667413337896,20.700693130493164,178438559
2001-02-02,20.61223954813935,21.22336988636208,20.582755981049505,21.148319244384766,141852072
2001-02-05,21.073268530750077,21.469966416351216,20.9204852307458,21.39759635925293,149430501
2001-02-06,21.443158367883385,21.577178984743448,21.24212887452928,21.32790184020996,84708376
2001-02-07,21.209962858280342,21.333261127591093,21.014293118581527,21.092025756835938,50935108
2001-02-08,20.97140919442606,21.306459315917262,20.93388387866174,21.22604751586914,66988585
2001-02-09,21.28233599986944,21.550374367132378,21.134913895519638,21.38418960571289,97611280
2001-02-12,21.24213030312261,21.786251695793155,21.188522911934932,21.472644805908203,92278010
2001-02-13,21.550376228559948,22.081094704511592,21.309140818024854,21.98192024230957,119497901
2001-02-14,22.23923669303128,22.375936466257382,21.955114809576852,22.276762008666992,125432815
2001-02-15,22.247277187292482,22.804798585661082,22.140060983015463,22.660057067871094,205960791
2001-02-16,22.724391076861252,23.01655475164998,22.515321229004876,22.64665985107422,177636541
2001-02-19,22.67613707701577,22.89324860426578,22.43490172853004,22.802114486694336,89147661
2001-02-20,22.72974643578554,22.866446192120147,22.56892285611286,22.665416717529297,100213930
2001-02-21,22.67882206662472,22.77531737640689,22.091817046421056,22.199031829833984,110495812
2001-02-22,22.140062073124284,22.461709269856314,21.904187844037065,22.228515625,109056397
2001-02-23,22.249960635765376,22.547484030008174,21.95779697847446,22.048931121826172,108219311
2001-02-26,21.989960096122694,22.134701625754623,21.61738608267406,21.778209686279297,87129836
2001-02-27,21.84522152863821,21.93903482666733,21.2984195197548,21.55573844909668,78573731
2001-02-28,21.55037623286055,22.515319307129587,21.478006182460017,22.199031829833984,154742009
2001-03-01,22.300885707510112,23.909123125703868,22.300885707510112,23.490982055664062,223194307
2001-03-02,23.587481615300934,24.17717023081356,22.255325356118412,22.467077255249023,187886955
2001-03-05,22.542120608757315,22.783356001380614,21.57717903826413,21.90686798095703,132200024
2001-03-06,21.90686798095703,21.90686798095703,21.90686798095703,21.90686798095703,0
2001-03-07,22.086450576782227,22.76727015899133,21.368104254255545,22.086450576782227,105663297
2001-03-08,22.16418532964541,22.523357832507283,21.928309674684193,22.1615047454834,62047073
2001-03-09,22.038207509297266,22.038207509297266,21.370789275237254,21.952434539794922,54988278
2001-03-12,21.930991187036227,22.086455051460756,21.55037542670536,21.87202262878418,51412616
2001-03-13,21.499442619644025,22.434901895826957,20.1244005502474,20.805221557617188,73733177
2001-03-14,20.85347032212686,21.70583584508767,20.647078253107658,21.410991668701172,47229178
2001-03-15,21.06790431147229,21.520891544721646,20.805225671537023,21.295738220214844,34790561
2001-03-16,21.121509711600527,21.402950982749818,20.322752961997832,20.585430145263672,44860430
2001-03-19,20.424609774768502,20.799864358378834,20.135126726425437,20.505020141601562,31633267
2001-03-20,20.585432118077183,20.625639449744824,19.861725922908036,20.014509201049805,25515540
2001-03-21,20.183376323088826,21.617387349946686,19.580286342278267,21.51285171508789,46522683
2001-03-22,21.729961658432696,21.914909085782835,20.960688385911187,21.08934783935547,40167819
2001-03-23,21.121510532126408,21.478003872850838,20.065434862326494,20.34687614440918,49623609
2001-03-26,20.370999947464906,20.72481270372329,20.161928708224227,20.596153259277344,24811230
2001-03-27,20.531823562826958,21.14295377680842,20.462134104283216,20.944604873657227,41114839
2001-03-28,21.175118968721133,21.711198582482382,21.10006833829152,21.55037498474121,37356183
2001-03-29,21.51016509375819,21.75676161305108,21.12150766069315,21.25284767150879,53399898
2001-03-30,21.126871517769867,21.26625186556325,20.727493130904055,20.88295555114746,34400048
2001-04-02,20.7194514941765,21.110789562966115,20.078837721182595,20.963367462158203,39069902
2001-04-03,20.907078716296123,21.175117067170575,20.69264774920939,20.95264434814453,21535935
2001-04-04,20.37904644134235,20.783786093572015,20.27719138210786,20.537189483642578,20329316
2001-04-05,20.537189483642578,20.537189483642578,20.537189483642578,20.537189483642578,0
2001-04-06,20.531822661011034,21.06522164075641,20.424607893816617,20.518421173095703,16347064
2001-04-09,20.381722803302797,20.56935080658484,18.856577815477916,19.15142059326172,68517838
2001-04-10,19.041527413971906,19.041527413971906,17.492258423387653,17.615556716918945,51180311
2001-04-11,17.69060811277109,18.09534774482802,16.438863896426795,17.382362365722656,79577889
2001-04-12,17.04731005763017,17.04731005763017,15.658866343039973,15.9403076171875,91028313
2001-04-13,15.940307617187502,15.940307617187502,15.940307617187502,15.9403076171875,0
2001-04-16,15.685668951785665,16.77926987848259,15.546288609983414,16.519271850585938,63144487
2001-04-17,16.457624845525352,17.25102195164302,16.40401745541299,16.89720916748047,55346202
2001-04-18,16.832882171886162,17.685247902524427,16.243195107372735,17.54050636291504,92069344
2001-04-19,17.687927294471844,20.295952763367367,17.687927294471844,19.821523666381836,148974490
2001-04-20,19.829561648420526,20.097601455553537,18.928948354673135,19.237194061279297,80686282
2001-04-23,19.03080542946425,19.481112124466353,18.802972929389856,18.982559204101562,45602314
2001-04-24,18.82709490272802,18.9235887758806,18.467920956763145,18.733280181884766,37334378
2001-04-25,18.76276515524886,19.45966842560721,18.655550368990756,19.22647476196289,69473779
2001-04-26,19.728371647099188,20.02666354395431,19.254934703887624,19.4218692779541,71457307
2001-04-27,19.21115000017908,19.21115000017908,18.204068825920164,18.90191078186035,72373573
2001-04-30,19.0852614832173,19.342505379993685,18.280692292800097,18.745920181274414,46574990
2001-05-01,18.745920181274414,18.745920181274414,18.745920181274414,18.745920181274414,0
2001-05-02,18.71855442554212,18.964851040406767,18.40110477301544,18.734973907470703,31688179
2001-05-03,18.663820229469497,19.090735516837363,18.589931832336596,18.825281143188477,32772960
2001-05-04,18.78149949490856,18.937486786991858,18.663823357779926,18.811601638793945,17594955
2001-05-07,18.773283996178606,19.01410693070772,18.584456324431645,18.65834617614746,15749006
2001-05-08,18.636447492365132,19.05788899716929,18.611819009183055,18.942951202392578,30808142
2001-05-09,18.99222405484822,19.58333733971576,18.96759555296142,19.25220489501953,62306141
2001-05-10,19.260407335895966,19.52312342959096,19.189254299073045,19.43828773498535,30532185
2001-05-11,19.50944503964961,19.774898015366745,19.38355988217898,19.449237823486328,31238931
2001-05-14,19.430081008190694,19.815946944218272,19.410924698811193,19.692798614501953,24879040
2001-05-15,19.539547957826425,20.382430011691454,19.055163618682027,20.294858932495117,65107625
2001-05-16,20.393372329458654,20.51378381317598,19.985614794422695,20.08413314819336,46455448
2001-05-17,20.190857984348508,21.07479061957388,20.190857984348508,20.937959671020508,81220452
2001-05-18,21.055635832565304,21.063846304100817,20.41526437413019,20.51651954650879,42258187
2001-05-21,20.360532727748986,20.88049275755703,20.33864105889477,20.615039825439453,40671474
2001-05-22,20.680719959620998,20.880493506404445,20.56304529091061,20.65882682800293,29510899
2001-05-23,20.636935604075703,20.976278444535403,20.6259897682442,20.855865478515625,26407985
2001-05-24,20.853126789811018,21.586542994881395,20.853126789811018,21.504444122314453,94556989
2001-05-25,21.561913565065794,21.767162213453098,21.4031894641041,21.540021896362305,59731991
2001-05-28,21.564650216510007,21.997037716547897,21.564650216510007,21.827367782592773,36493007
2001-05-29,21.83831902891201,22.273443460844785,21.72885481122835,22.079143524169922,42811487
2001-05-30,22.221440453143327,22.25975452671329,21.34298282457421,21.43055534362793,54700207
2001-05-31,21.32382893112542,21.55370608865794,20.96259298015181,21.471607208251953,42893875
2001-06-01,21.523599616689157,21.57833317098861,20.694400450244697,20.812076568603516,43078103
2001-06-04,20.907861015819204,20.95985629148932,20.319486189762312,20.511049270629883,31130355
2001-06-05,20.40158550819693,20.67798578200962,20.27843717532551,20.412532806396484,28362650
2001-06-06,20.519260301163815,20.579466051355368,19.914464512900015,20.007509231567383,39624813
2001-06-07,20.086872380884568,20.11150233777537,19.54775600152095,19.93362045288086,52703851
2001-06-08,19.97740602175932,20.439895690012698,19.94183023081185,20.27296257019043,50362650
2001-06-11,20.25106841398878,20.385162560303932,20.037610755144126,20.28938102722168,37387314
2001-06-12,20.245592336533825,20.322217553805302,20.114233568086853,20.253801345825195,19314752
2001-06-13,20.305802142230743,20.62872401856525,20.25380540439249,20.5466251373291,32180868
2001-06-14,20.461786173427143,20.705345936643624,19.81867793144334,19.91719627380371,65138602
2001-06-15,19.818676636717935,19.818676636717935,19.326082033139638,19.57238006591797,47495514
2001-06-18,19.435553107106525,19.53954511914967,18.55983074653493,18.641929626464844,55464526
2001-06-19,18.609088320623417,19.046949445881868,18.58993201517912,18.984006881713867,36523999
2001-06-20,18.335420348803012,19.211142380297158,18.335420348803012,18.874536514282227,26094230
2001-06-21,18.869069814425885,19.181045848174836,18.60909051729114,18.669296264648438,47233211
2001-06-22,18.71855867787298,18.81707705380372,18.401108953230636,18.74045181274414,31187017
2001-06-25,18.64740232908508,18.778761115101183,18.365529912151562,18.688451766967773,24725145
2001-06-26,18.636453418492707,19.093470843865457,18.554354549837893,18.98126983642578,28403417
2001-06-27,18.937485842600907,19.69827034254765,18.762340788806334,19.599750518798828,44329523
2001-06-28,19.59427530167421,20.05676639309251,19.512176429775447,19.829626083374023,38544176
2001-06-29,19.84057126195816,20.439893299416884,19.709213948446568,20.168968200683594,26944326
2001-07-02,20.294855705361282,21.619383601116258,19.282300917493597,19.629854202270508,14112521
2001-07-03,19.134524464353728,19.265881795715632,17.733368387989458,18.0289249420166,65799036
2001-07-04,17.678631476279513,18.143859312908205,17.62389939160841,17.853775024414062,39504767
2001-07-05,18.171225838960883,18.412048781986265,17.955032847376383,18.157543182373047,28086259
2001-07-06,17.73336603582509,18.023448902824914,17.569168296917915,17.826412200927734,17151702
2001-07-09,17.73336707070124,18.061762567679956,17.30097956888069,17.908512115478516,35909821
2001-07-10,18.143863108515028,18.329952527721435,17.89756502102477,18.26427459716797,24974270
2001-07-11,18.17122439576513,18.650134882045066,18.012500328829905,18.42299461364746,16015356
2001-07-12,18.526990906266327,18.756868051632836,18.455837864756745,18.620037078857422,17476842
2001-07-13,18.70486843140513,19.197463073755422,18.187646761597513,18.828018188476562,28580447
2001-07-16,18.548885766030118,18.718557182229848,18.061764650552792,18.17123031616211,21472159
2001-07-17,18.007026611450904,18.412047247693486,17.793570461367164,18.2259578704834,16188394
2001-07-18,18.283433017540847,18.360058253363846,17.788102885152895,17.88388442993164,20781490
2001-07-19,17.78810192342318,17.867463979374623,17.569170601510116,17.738842010498047,16907479
2001-07-20,17.842829399074276,17.848303046198343,16.99447403595845,17.180564880371094,25611498
2001-07-23,16.967107969838317,17.29550341932184,16.41978270802527,17.131305694580078,1948391
2001-07-24,16.485464715757363,17.322872952908487,16.485464715757363,17.205198287963867,13896909
2001-07-25,17.21340659640855,17.265403328459232,16.895958404018153,17.005422592163086,17154376
2001-07-26,16.857648496044533,17.098472985831666,16.573039197366008,16.68524169921875,30470005
2001-07-27,16.611348178636405,16.854909439725777,16.419785113031743,16.750917434692383,17946522
2001-07-30,16.718076207008103,17.18604093823379,16.6004015492045,17.123098373413086,21004692
2001-07-31,17.22709073046651,17.555486219126525,16.619558199258307,17.451494216918945,55492156
2001-08-01,17.566432690274905,17.637585730988583,17.090258922051824,17.26814079284668,26261387
2001-08-02,17.186038023088813,17.56369188597571,16.9424782769571,17.39402198791504,22788924
2001-08-03,17.37760646523253,17.574644659545317,16.983533000564588,17.361186981201172,48046979
2001-08-06,17.35024145476125,17.768946345899508,17.2544599112239,17.68958282470703,25558407
2001-08-07,17.571902652886365,18.06175897689614,17.571902652886365,18.015235900878906,32886578
2001-08-08,17.782630688442897,18.11649990319091,17.654008702108992,17.976930618286133,24997699
2001-08-09,17.842831942599403,18.595405898216733,17.788099849491793,18.37921142578125,32633546
2001-08-10,18.49962236704736,18.68845005642016,18.286164724803573,18.598140716552734,35529952
2001-08-13,18.5817160990888,18.6583427603934,17.766201289742153,17.872928619384766,27804630
2001-08-14,18.045340089096293,18.045340089096293,17.495278015381395,17.571903228759766,41322595
2001-08-15,17.571903228759766,17.571903228759766,17.571903228759766,17.571903228759766,0
2001-08-16,17.678635988386063,18.141125657546997,17.56917032912663,17.892093658447266,40314418
2001-08-17,17.897561781164278,17.996080121139137,17.30918710294412,17.380338668823242,37882790
2001-08-20,17.240775555968007,17.618431000196367,17.216145598826365,17.39676284790039,27714988
2001-08-21,17.404975157423358,17.662219129412087,17.404975157423358,17.454235076904297,25945335
2001-08-22,17.454235076904297,17.454235076904297,17.454235076904297,17.454235076904297,0
2001-08-23,17.508962894190166,18.499622994548254,17.300978892635978,17.350238800048828,24387653
2001-08-24,17.404970651184133,17.418654770818712,17.196986652524508,17.24898338317871,20928018
2001-08-27,17.404968948088708,17.508960937242794,17.136779235215386,17.257190704345703,18360044
2001-08-28,17.18056729034192,17.38855129044698,17.08752112409453,17.123098373413086,14452184
2001-08-29,17.07657786707154,17.528121722757636,17.071104218353717,17.42686653137207,48566417
2001-08-30,17.363918561391923,17.591058830832893,17.240770275380978,17.465173721313477,27727662
2001-08-31,17.42686387911066,17.459702842462047,16.942481128795354,17.030052185058594,39395546
2001-09-03,17.021842536890006,17.240772362306124,17.021842536890006,17.114887237548828,16171687
2001-09-04,17.12583477465142,17.317400766663145,16.893222268874197,17.205198287963867,22366089
2001-09-05,17.131307361033745,17.295505101747896,16.956163786528666,17.030052185058594,11804371
2001-09-06,17.40496843501235,17.40496843501235,16.9397420521816,17.05467987060547,16967446
2001-09-07,17.169618664853616,17.169618664853616,16.750915335102725,16.841224670410156,20467497
2001-09-10,16.802914170032647,16.934272965301098,16.597666966162443,16.646926879882812,12647198
2001-09-11,16.720814559481447,16.802913437450137,16.583983583526543,16.696186065673828,14673580
2001-09-12,16.146119820534814,16.501882055254455,15.108936715719667,16.30484390258789,34785814
2001-09-13,16.419786638494916,16.58398440254135,15.765730944661659,15.888880729675293,20201511
2001-09-14,15.965503953140118,15.965503953140118,14.301631927490234,14.301631927490234,31589350
2001-09-17,13.806303153242538,14.531510407705463,13.190560096525097,14.375521659851074,100059643
2001-09-18,14.230477893377488,15.243032522601169,13.683152607774481,13.855559349060059,87037267
2001-09-19,14.230480813353424,14.312579696138808,13.308236794196212,13.513484001159668,54005126
2001-09-20,13.239817148030403,13.436855292957953,12.687018244334835,13.130352973937988,61146786
2001-09-21,12.788274868691946,12.807431174442913,11.819507899362325,11.857820510864258,73484375
2001-09-24,11.904343347666448,12.416093630790211,11.745619247277261,12.104118347167969,101903813
2001-09-25,12.320312353207871,12.533768553534946,11.143560579364754,11.307758331298828,99719112
2001-09-26,11.488375292276068,12.440722754995312,11.488375292276068,12.432512283325195,91794116
2001-09-27,11.764777151919874,13.398546579945354,11.764777151919874,13.228875160217285,134391056
2001-09-28,13.354757298465998,14.553401339834744,13.053727145221158,14.482248306274414,145786541
2001-10-01,14.44941091277864,14.859905291781663,13.863771485679019,14.205849647521973,204260754
2001-10-02,14.205849647521973,14.205849647521973,14.205849647521973,14.205849647521973,0
2001-10-03,14.285209407458018,14.334469304785856,13.250763259399966,13.49705982208252,99945731
2001-10-04,13.631159196307731,14.000605644905798,13.330130435277647,13.65305233001709,149091469
2001-10-05,13.628420625115682,14.066281781204074,13.33286555088844,13.718729972839355,71438233
2001-10-08,13.245289384878648,14.00880900846386,13.163190532062567,13.811772346496582,103922801
2001-10-09,13.956818128789951,14.110068589065477,13.639368449395471,13.852826118469238,103584608
2001-10-10,13.792618793136754,14.438463981354879,13.792618793136754,14.12922477722168,90542542
2001-10-11,14.23047972235258,14.706653498396998,14.23047972235258,14.526036262512207,79497826
2001-10-12,14.621820961858164,14.931060196771831,14.509618468668744,14.616347312927246,87830406
2001-10-15,14.536986541793185,15.144517767689248,14.394680428830078,14.974847793579102,66342603
2001-10-16,15.045999388081645,15.155465066522876,14.868118939846278,14.974847793579102,45376787
2001-10-17,15.051468530909439,15.69183999959253,14.942002885243527,15.574165344238281,59714247
2001-10-18,15.308710336293265,15.352496592744941,15.002208003110036,15.103463172912598,42306432
2001-10-19,15.078833816280179,15.243031537547953,14.969368181442187,15.133565902709961,38912730
2001-10-22,15.147249980691651,15.5112227024521,14.777805073159449,14.93105697631836,42206273
2001-10-23,15.144513107900623,15.196509837403555,14.955686880910248,15.045994758605957,26546026
2001-10-24,15.215667785677217,15.215667785677217,14.482250079549367,14.556139945983887,47907075
2001-10-25,14.723073385157491,14.750438700702038,14.326261689975498,14.443936347961426,27738810
2001-10-26,14.443936347961426,14.443936347961426,14.443936347961426,14.443936347961426,0
2001-10-29,14.558873879926997,14.799696814619516,14.071752901326402,14.255106925964355,30511794
2001-10-30,14.01154821362006,14.104592913704922,13.746095308522742,13.822720527648926,34700611
2001-10-31,13.902086181857317,14.145645996004887,13.587373323250407,13.923977851867676,107369902
2001-11-01,14.066280847796603,14.389204141697924,13.970499320186963,14.268791198730469,54707587
2001-11-02,14.257846413735415,14.723074352296175,14.233216458544529,14.391942024230957,44285269
2001-11-05,14.41656974686428,14.41656974686428,14.079963822666123,14.312576293945312,34339311
2001-11-06,14.504143407432661,14.613609065497672,14.162065236200263,14.36731243133545,33712838
2001-11-07,14.5315125706001,14.586244677619257,14.027971922899516,14.18122386932373,22285087
2001-11-08,14.175746495049474,14.364574188318704,13.78440845084638,14.268791198730469,41576201
2001-11-09,14.422043880969225,14.583504805619187,14.24690029791833,14.452147483825684,34613167
2001-11-12,14.498673579591497,14.744968791841162,14.411101038893586,14.569825172424316,27757758
2001-11-13,14.558874241737177,14.750437280013028,14.41109599651119,14.692968368530273,32125312
2001-11-14,14.88179554273771,15.037782791779353,14.840746112781654,14.952948570251465,12335502
2001-11-15,14.941998914243463,15.308706902294388,14.887266836945443,15.218399047851562,31320535
2001-11-16,15.218399047851562,15.218399047851562,15.218399047851562,15.218399047851562,0
2001-11-19,15.549535769717174,16.742706219594336,15.549535769717174,16.707130432128906,71040018
2001-11-20,16.967110075298837,17.02184363165699,15.762993765099113,15.929926872253418,44342547
2001-11-21,15.981920586571944,16.5429299304409,15.735624015406797,16.113279342651367,40602096
2001-11-22,16.146120395881734,16.332211260153134,15.877930663901738,15.976449012756348,31503531
2001-11-23,15.981922660464535,16.228219263590336,15.58511097921345,15.976449012756348,36048423
2001-11-26,16.184432729575974,16.512828194803898,16.10507068707636,16.343156814575195,36689979
2001-11-27,16.529247600243675,16.687973146497132,15.916242929545934,16.0476016998291,27767645
2001-11-28,16.047601660997913,16.105070574615794,15.615212742023388,15.902560234069824,32388329
2001-11-29,15.872460589847359,15.970978960883189,15.65352925201342,15.869725227355957,24401629
2001-11-30,15.869725227355957,15.869725227355957,15.869725227355957,15.869725227355957,0
2001-12-03,15.932663839409651,16.074968455657768,15.65352679301548,15.897088050842285,26789941
2001-12-04,15.981918658342016,16.4745117412406,15.92718658090157,16.33768081665039,34449596
2001-12-05,16.70165637405326,17.28455892687741,16.63871381055632,17.147727966308594,45707249
2001-12-06,17.51443819982046,17.76073483623888,16.75365515875166,16.964374542236328,48654406
2001-12-07,16.967114369167277,17.284564105654198,16.967114369167277,17.076580047607422,30398723
2001-12-10,17.02184264197816,17.511699024832826,17.02184264197816,17.24350929260254,20566620
2001-12-11,17.240772703677045,17.3967599698031,16.915114051955236,16.99173927307129,23066337
2001-12-12,17.131303301731617,17.508958600679303,16.91784716656931,17.021839141845703,25557637
2001-12-13,17.11762064724044,17.459698705345865,16.181692869752883,17.021839141845703,57676438
2001-12-14,17.02184265462008,17.07657474585802,16.707129840550152,16.983530044555664,18745655
2001-12-17,16.983530044555664,16.983530044555664,16.983530044555664,16.983530044555664,0
2001-12-18,16.96710915949403,17.216142587743906,16.562088466593753,16.92058753967285,21648727
2001-12-19,17.180569106895412,17.180569106895412,16.802913678040532,16.895959854125977,35696394
2001-12-20,16.885010233557384,17.07657474585802,16.562088409889977,16.983530044555664,24662041
2001-12-21,16.693447375645093,17.0492096588956,16.693447375645093,16.98626708984375,14107101
2001-12-24,16.748180141845992,17.098468760262776,16.693446585794895,17.005422592163086,13869867
2001-12-25,17.005422592163086,17.005422592163086,17.005422592163086,17.005422592163086,0
2001-12-26,16.961638794168653,17.131308734390814,16.60587504479619,16.791967391967773,9321039
2001-12-27,16.693448055166893,16.772811572228772,16.321267735944392,16.54293441772461,35795461
2001-12-28,16.419785003715585,16.687974755755288,15.828671942417516,16.52377700805664,29663225
2001-12-31,16.63871561629298,16.90416855655265,16.343159071972714,16.75912857055664,16250994
2002-01-01,16.68797111339528,16.90690090854974,16.56208600603851,16.693443298339844,9645367
2002-01-02,16.64145124297997,16.748180068636586,16.474516675513218,16.6168212890625,9579602
2002-01-03,16.693446208664806,16.80017503237679,16.159803552083485,16.225482940673828,22102484
2002-01-04,16.47451444296912,17.82914710507062,16.310316721742083,17.571903228759766,62707885
2002-01-07,17.459699363121253,18.09186170847732,17.366654677515044,17.514432907104492,42526568
2002-01-08,17.5719079102598,17.78810241386234,17.273615986149807,17.39676284790039,23035569
2002-01-09,17.514437165469587,18.36279268369124,17.300979508388306,17.971454620361328,87376887
2002-01-10,18.0672356718049,18.31626911111232,17.602007757107664,17.768943786621094,34331917
2002-01-11,17.897563494021252,18.3354246115657,17.407707108895053,17.88661766052246,42278396
2002-01-14,18.11649506792756,18.828019577844376,17.637584508788766,17.826412200927734,65636529
2002-01-15,17.78262361268396,18.001553415219863,17.533590213035442,17.664947509765625,23187797
2002-01-16,17.793572498256562,17.8701977167003,17.300977840033674,17.528118133544922,18179387
2002-01-17,17.350240275573398,17.675898963446233,17.27087675977477,17.44328498840332,27352232
2002-01-18,18.056287125349492,18.056287125349492,16.885008504569697,17.05467987060547,32497955
2002-01-21,17.131302011568692,17.279080224461538,17.021837859926553,17.09846305847168,14862513
2002-01-22,17.076576533905666,17.44875830204248,16.915115605165774,17.109416961669922,27447966
2002-01-23,17.07658287468653,17.34477273478026,17.00816663158755,17.22162437438965,16462461
2002-01-24,17.26814203047961,17.3502409115064,17.049210706422304,17.161413192749023,11791529
2002-01-25,17.238036891044203,17.240773715098697,17.07657596765824,17.229827880859375,8558065
2002-01-28,17.295506618299562,17.7333677859239,17.112152555889985,17.21067237854004,32907556
2002-01-29,17.295503922002865,17.429599514161204,17.18056609613443,17.328344345092773,21020125
2002-01-30,17.235302473080264,17.4049724159452,16.92332498147956,17.188777923583984,19921605
2002-01-31,17.56916874479085,17.56916874479085,16.288425763874766,16.425256729125977,94887745
2002-02-01,16.455358505249023,16.71533921095401,16.315790731500645,16.455358505249023,62540337
2002-02-04,16.775542702128085,16.775542702128085,16.236426474052248,16.57303237915039,26850286
2002-02-05,16.310318085457304,16.529247911405395,15.987396263238692,16.085914611816406,45867165
2002-02-06,16.146121879460406,16.282954312866558,15.89161478138706,15.96550464630127,61498409
2002-02-07,15.981922587149958,17.399497922526006,15.979185763308418,16.854907989501953,113657573
2002-02-08,16.85764607932266,17.213408382658024,16.75912917695622,17.032791137695312,59848718
2002-02-11,17.18604230552433,17.350240059514906,16.808386886554516,16.890485763549805,34021971
2002-02-12,16.96710893496456,17.213405536087087,16.841225272550002,16.923322677612305,40477289
2002-02-13,16.967111587524414,17.13130934727602,16.926062147586514,16.967111587524414,47407776
2002-02-14,17.098467814141568,17.31739910227443,16.97258268895981,17.051944732666016,28104451
2002-02-15,17.131306906715846,17.503488637394902,17.030051733425953,17.27361297607422,69678425
2002-02-18,17.40497259416237,17.612956616039984,17.31192788015331,17.446022033691406,49775515
2002-02-19,17.52537971080008,17.67863159568399,17.432335020032934,17.560956954956055,40018084
2002-02-20,17.377602427323172,17.429599153648994,17.139516309243756,17.35297393798828,25876728
2002-02-21,17.42686086899499,17.56916545556862,17.10393909122925,17.207929611206055,19779727
2002-02-22,17.131308502609617,17.259930464600952,17.109416833568964,17.235301971435547,11669172
2002-02-25,17.251719106167865,17.336556263741915,17.131307622735203,17.224353790283203,12099948
2002-02-26,17.372132482143755,17.73336694139486,17.27361412616424,17.58832550048828,40451157
2002-02-27,17.73336435890978,18.075443923937474,17.41865303041671,17.829147338867188,101030821
2002-02-28,17.886619033436347,18.026186827635435,16.696185353656958,16.849435806274414,83680802
2002-03-01,16.857645990892394,17.77168097002766,16.707132351869078,17.640323638916016,63239227
2002-03-04,18.28069179225974,18.609087251848205,17.0765741324497,17.16688346862793,158828803
2002-03-05,17.45970407104338,17.48159720214439,17.082048656035038,17.172359466552734,61248668
2002-03-06,16.857643930692618,17.596535224051674,16.770072874646647,16.83848762512207,46666285
2002-03-07,16.967114080350445,17.09847289224261,16.783759985821163,17.038267135620117,30686653
2002-03-08,17.071103210292407,17.21340783470079,16.729025039268578,16.8001766204834,25543031
2002-03-11,16.937004440581273,16.937004440581273,16.25832046999347,16.334945678710938,55717669
2002-03-12,16.35957428964589,16.389676421189087,15.954552229600576,15.995601654052734,36594497
2002-03-13,16.03665740803411,16.343159800785497,15.981925307821689,16.072233200073242,38789212
2002-03-14,16.2583252134103,16.332213620233837,16.10781011353488,16.282955169677734,22150267
2002-03-15,16.32399929584037,16.9370053857229,16.32399929584037,16.860380172729492,58963177
2002-03-18,17.005423146800574,17.12036244867376,16.69892077843654,16.7864933013916,28846110
2002-03-19,16.802916631427756,16.84123071547764,16.324005931583883,16.39789581298828,22878230
2002-03-20,16.47451355324067,16.685234340629354,16.337682613600684,16.625028610229492,33074349
2002-03-21,16.52925044678605,16.674291899043045,16.47999199593084,16.614086151123047,16132181
2002-03-22,16.414309924674747,16.67155382003259,16.26105802459242,16.62776756286621,26800906
2002-03-25,16.62776756286621,16.62776756286621,16.62776756286621,16.62776756286621,0
2002-03-26,16.55113994060034,16.556613587929494,16.35410325653531,16.419782638549805,17638257
2002-03-27,16.578508638269376,16.605873954132445,16.1379106787134,16.425256729125977,32848472
2002-03-28,16.474513700543678,16.597661985914268,16.285686037246435,16.436201095581055,42148435
2002-03-29,16.436201095581055,16.436201095581055,16.436201095581055,16.436201095581055,0
2002-04-01,16.510091643253347,16.87406436200058,16.38147115603567,16.537458419799805,35258574
2002-04-02,16.447151566715256,16.652400228871024,16.447151566715256,16.614086151123047,21033737
2002-04-03,16.608614237835372,16.608614237835372,16.28569089879266,16.362316131591797,14761709
2002-04-04,16.44714782037581,17.508960832882263,16.44714782037581,16.712600708007812,138320973
2002-04-05,16.761863628538638,17.02184437768765,16.693447411081735,16.731760025024414,46535736
2002-04-08,16.81659449280192,16.868589757113387,16.531983834012795,16.583980560302734,24111052
2002-04-09,16.611345897235882,16.64692314337229,16.375996602679095,16.42799186706543,19790832
2002-04-10,16.419783836908348,16.540195315066967,16.113281493783163,16.214536666870117,37386600
2002-04-11,16.31852571647991,16.444410819630654,16.16253701823734,16.230953216552734,11311359
2002-04-12,16.24737798819285,16.40883892380114,16.176226405304543,16.324003219604492,14316453
2002-04-15,16.31032157954866,16.41157677366425,16.055814451053905,16.11602020263672,9075948
2002-04-16,16.091390238926284,16.16528011264599,15.72741890512778,15.820465087890625,21118198
2002-04-17,15.973712902818255,16.003816504580158,15.79856932613551,15.875194549560547,13138234
2002-04-18,15.981925158680282,16.187172360035014,15.927193058978615,16.001081466674805,27042174
2002-04-19,16.012022287896233,16.365049118055794,15.448277597758882,15.582371711730957,26920238
2002-04-22,15.59879648490967,15.842357770635223,15.338817177018665,15.721944808959961,24606472
2002-04-23,15.773938368462971,16.12422696151449,15.661735902463843,15.938136100769043,51300609
2002-04-24,16.036653163186333,17.503486803214,15.817723358307832,15.853299140930176,16814924
2002-04-25,15.899826994092459,15.921720127354709,15.609744074851777,15.70826244354248,23665824
2002-04-26,15.735625500512233,15.921716358198553,15.631633507629335,15.79035758972168,15820877
2002-04-29,15.817724385426505,15.817724385426505,14.922845880744363,15.067887306213379,66095201
2002-04-30,15.051467291919415,15.308709710585699,14.97210525358643,15.234821319580078,23646232
2002-05-01,15.234821319580078,15.234821319580078,15.234821319580078,15.234821319580078,0
2002-05-02,15.541324035198544,15.65352503639026,15.407229906119433,15.563217163085938,18346250
2002-05-03,15.598794891982783,15.869722931601219,15.582375409515244,15.754783630371094,24265829
2002-05-06,15.76572969935751,15.92719208829787,15.743838030394054,15.856039047241211,19012565
2002-05-07,15.8177243644652,16.10780721501882,15.716469195344992,16.044864654541016,16862118
2002-05-08,16.09139046570241,16.168017164933733,15.795835352594922,15.869725227355957,24711295
2002-05-09,16.009289293267507,16.132439066949225,15.83140888591156,15.951820373535156,16979041
2002-05-10,15.960029330207929,15.998341939724662,15.604267087300569,15.765727996826172,18418596
2002-05-13,15.872457602785266,15.872457602785266,15.615213694736235,15.653526306152344,11945493
2002-05-14,15.752045727018489,15.812251466593485,15.489329639602271,15.527642250061035,12623769
2002-05-15,15.5823735927954,15.708258713667616,15.336076998561543,15.483855247497559,15197303
2002-05-16,15.544059855251206,15.560479334611923,15.059675711250494,15.210190773010254,18686347
2002-05-17,15.270400500337214,15.732891638860394,15.084309607614687,15.36892032623291,40395769
2002-05-20,15.85603524079556,15.86150888771175,14.914633760236084,15.117145538330078,34081238
2002-05-21,14.920110759974662,14.961160197113973,13.606528771516743,14.353629112243652,79381407
2002-05-22,14.30984185443821,14.36731077003515,13.956816427230473,14.162063598632812,29677090
2002-05-23,14.121014920712035,14.219533275866352,13.721466390057918,13.904820442199707,28533504
2002-05-24,14.246898873598973,14.996734502226397,14.246898873598973,14.81064510345459,44689282
2002-05-27,15.035052069936967,15.035052069936967,14.50961832716508,14.742232322692871,25100939
2002-05-28,14.657395535580957,14.657395535580957,14.126489644935859,14.230480194091797,33161820
2002-05-29,15.05146553661749,15.05146553661749,14.079961962294176,14.52055835723877,24699489
2002-05-30,14.249634907148254,14.7586490708881,14.249634907148254,14.309842109680176,30406943
2002-05-31,14.389204835583858,14.558876231513166,13.995129948448772,14.422043800354004,30189483
2002-06-03,14.643709876998368,14.88453430285675,14.350891643999436,14.796961784362793,37182360
2002-06-04,14.805172286182245,15.045995250549494,14.673813508175412,14.94200325012207,29704678
2002-06-05,14.942003848181711,15.188300470318683,14.887271752810827,15.01862907409668,26497907
2002-06-06,15.051467604301358,15.160933243228278,14.799697365758684,15.065150260925293,25395900
2002-06-07,14.996733239446302,15.103462048856796,14.84621963882127,15.037782669067383,22927609
2002-06-10,15.166407711154639,15.598795222514893,15.166407711154639,15.538589477539062,26647796
2002-06-11,15.762994477624858,15.949083899322618,15.689104611794944,15.828672409057617,31196526
2002-06-12,15.787622285221113,15.787622285221113,15.565955621316402,15.669947624206543,15428095
2002-06-13,15.708259480947774,15.814988302724718,15.54406174343819,15.574165344238281,11627649
2002-06-14,15.538590720745386,15.544064369448042,15.292294072871725,15.426389694213867,18098386
2002-06-17,15.648052935583044,15.648052935583044,15.461962078522392,15.593320846557617,11055527
2002-06-18,15.653526725425255,15.817725933287255,15.451017829078255,15.5084867477417,11623742
2002-06-19,15.489331486104886,15.806781165144544,15.26766480660912,15.689105033874512,34474440
2002-06-20,15.702786295432164,15.779412980643345,15.511223237350753,15.683629989624023,17168227
2002-06-21,15.708260877915812,15.708260877915812,15.431862108249206,15.538589477539062,11569671
2002-06-24,15.59879190521285,15.59879190521285,15.38807257359922,15.533112525939941,10577837
2002-06-25,15.160934100067442,15.412704352839226,14.668339428045941,14.93105697631836,142002298
2002-06-26,14.777808260558286,14.8544349596545,14.504144819737826,14.616347312927246,43979035
2002-06-27,14.750439739151252,14.958423754220894,14.561612031102865,14.873589515686035,40186683
2002-06-28,14.88727259452982,14.88727259452982,14.643711320708691,14.744966506958008,25290083
2002-07-01,14.780541732393543,14.996734734358652,14.698442864967557,14.870849609375,12190220
2002-07-02,14.838012816995585,14.88453590520111,14.57803351945539,14.619081497192383,13464775
2002-07-03,14.61361019700838,14.942005734651868,14.564350281570317,14.676552772521973,33192882
2002-07-04,14.72307497389104,14.829803809571736,14.586242533488603,14.613609313964844,14491018
2002-07-05,14.668340945377986,14.712127207952756,14.353629558837243,14.41109848022461,29980061
2002-07-08,14.230481522738762,14.985792451599371,14.230481522738762,14.879063606262207,64437136
2002-07-09,14.89000932309564,15.248506978005993,14.783280489091789,15.155462265014648,51260501
2002-07-10,14.996736336556426,15.267664382381424,14.996736336556426,15.180091857910156,38031783
2002-07-11,15.106198240877497,15.139037198410088,14.487719998846384,14.539716720581055,35976076
2002-07-12,14.695703355461427,14.742226428361606,14.468563099627845,14.52055835723877,21813909
2002-07-15,14.613608423281653,14.613608423281653,14.230479367880637,14.550665855407715,14793471
2002-07-16,14.558872320610016,14.63002387915834,14.017019313608174,14.115537643432617,31603760
2002-07-17,14.079965262944174,14.148380014681809,13.78167191616162,13.896611213684082,52119237
2002-07-18,13.956815350698653,14.252371839512273,13.910292272241637,14.194901466369629,24984143
2002-07-19,14.011548964712064,14.359100755211893,14.011548964712064,14.21953296661377,31751913
2002-07-22,14.066281833037822,14.115541743246563,13.902085543625647,14.055335998535156,19612164
2002-07-23,13.934926181173367,14.219535456137509,13.83093416201583,14.052600860595703,32536594
2002-07-24,14.038915725571172,14.060808855322884,13.688627111522397,13.767989158630371,30787149
2002-07-25,13.956816558345118,14.211322176087782,13.685889997153149,13.781671524047852,84576776
2002-07-26,13.787146372009717,13.787146372009717,13.349285210130136,13.431384086608887,40847663
2002-07-29,13.384862032286808,13.713259025505758,13.070149160855411,13.560007095336914,60666477
2002-07-30,13.759778256518395,13.836403477264316,13.425910596706068,13.508008003234863,43537882
2002-07-31,13.406754639346763,13.560006563504972,13.193298429599862,13.373915672302246,47786651
2002-08-01,13.491589682066191,13.62842065401832,13.286342493148648,13.412227630615234,27319742
2002-08-02,13.250766321152728,13.382125103060146,13.08383175072071,13.291815757751465,27827682
2002-08-05,13.409489177190336,13.442328138635595,13.234344150872914,13.352020263671875,30377086
2002-08-06,13.300024665132122,13.35201992978331,13.16866589867889,13.220661163330078,23542179
2002-08-07,13.35475778844355,13.510745056464039,13.119407012470635,13.204242706298828,34574487
2002-08-08,13.231609158922856,13.28360442632766,12.6623892694587,12.760909080505371,51285484
2002-08-09,12.812905392121086,12.897741090781473,12.566608768389134,12.843008995056152,47182515
2002-08-12,13.012680141158675,13.316445712962782,12.823853881644512,13.187825202941895,62182944
2002-08-13,13.272659522994081,13.354758396633967,13.20698013168644,13.275396347045898,21763829
2002-08-14,13.250764564644822,13.327389779610796,13.034570114161376,13.056463241577148,33857699
2002-08-15,13.056463241577148,13.056463241577148,13.056463241577148,13.056463241577148,0
2002-08-16,13.190557003475426,13.349282538350765,13.152244397050543,13.289076805114746,27666323
2002-08-19,13.360230384423202,13.50253646113319,13.360230384423202,13.423172950744629,28777811
2002-08-20,13.491590803601367,13.710520669319818,13.431385053979323,13.622949600219727,45786682
2002-08-21,13.631159120716895,13.740624788656651,13.398546586565857,13.420439720153809,27886990
2002-08-22,13.518955310887948,13.650314085409022,13.464223219160118,13.55453109741211,25102704
2002-08-23,13.67768170545144,13.707785311261325,13.497064456528566,13.669472694396973,19770288
2002-08-26,13.685889035246229,13.83640264379075,13.639365956033549,13.735147476196289,23081504
2002-08-27,14.230475863320796,14.230475863320796,13.464220865182838,13.49705982208252,18730054
2002-08-28,13.436858615664187,13.518957497524376,13.36570556912858,13.44780445098877,13400495
2002-08-29,13.409490338708249,13.683153735044439,13.387597208522209,13.661260604858398,28821799
2002-08-30,13.721464387706131,14.033440351817516,13.628418232209443,13.984180450439453,47353033
2002-09-02,14.230477639017739,14.6683387368608,14.230477639017739,14.51782512664795,57789944
2002-09-03,14.580765763728506,14.608132538346407,14.290684385483937,14.465827941894531,30057968
2002-09-04,14.339943909461475,14.829801756063,14.285211818066607,14.739492416381836,69110182
2002-09-05,14.77780662133001,14.824329708124479,14.504143210865664,14.556139945983887,29739969
2002-09-06,14.558873022804791,14.690230314913501,14.408357966494,14.539716720581055,35214586
2002-09-09,14.498667040061124,14.558872769140786,14.107327608075837,14.282472610473633,34598449
2002-09-10,14.282472610473633,14.282472610473633,14.282472610473633,14.282472610473633,0
2002-09-11,14.285212029775032,14.34541776979521,14.038915421880144,14.088173866271973,28936173
2002-09-12,14.11006761498097,14.430254096487637,14.093648132796213,14.257845878601074,39028575
2002-09-13,14.293418693520842,14.501402656537,14.104591032731568,14.17574405670166,51848098
2002-09-16,14.230476634296323,14.296156013632363,14.066278916945421,14.123747825622559,29624055
2002-09-17,14.134694465418594,14.391938323746801,14.134694465418594,14.318048477172852,18710406
2002-09-18,14.230482695918312,14.329002537877118,14.12101847904255,14.156594276428223,17194639
2002-09-19,14.200377087090104,14.200377087090104,13.98418260678967,14.12648868560791,21151150
2002-09-20,13.956815138099138,14.08817243847658,13.850086326432292,13.984180450439453,24616387
2002-09-23,14.066282435666354,14.337209029464088,13.95681823803523,14.230480194091797,25511899
2002-09-24,14.175744946713833,14.301630061810274,13.918501069261513,13.984180450439453,33851622
2002-09-25,13.907555967197016,14.00881113692272,13.79261667860398,13.975972175598145,16970345
2002-09-26,14.066282119604042,14.071755767956237,13.94313380355204,13.99513053894043,8181500
2002-09-27,13.997863232377952,14.203110365229978,13.89113443089924,14.118274688720703,26125096
2002-09-30,14.079963034710259,14.230476634296323,14.071752564051357,14.123747825622559,31576774
2002-10-01,14.017019346272088,14.09364455164985,13.631153572094908,13.683150291442871,29068668
2002-10-02,13.683150291442871,13.683150291442871,13.683150291442871,13.683150291442871,0
2002-10-03,13.628421686866789,13.655788468122722,13.163195177388767,13.250767707824707,68501677
2002-10-04,13.196033074263752,13.237083973805179,12.86490074966049,12.925107955932617,55472424
2002-10-07,12.862164843881743,13.226136118359438,12.840270251996452,13.144037246704102,28380996
2002-10-08,13.171400108284875,13.343808291426518,13.124878495133204,13.264446258544922,18650971
2002-10-09,13.286343038204537,13.321918829215377,13.009942796866541,13.048256874084473,20233315
2002-10-10,12.971627745939623,13.102986512361873,12.875846225826615,12.966154098510742,20938059
2002-10-11,13.737886567771072,13.737886567771072,13.031835639791892,13.113934516906738,18031444
2002-10-14,13.190558089558081,13.3219168612407,13.135825999012926,13.25623893737793,14663623
2002-10-15,13.256238937377928,13.256238937377928,13.256238937377928,13.25623893737793,0
2002-10-16,13.327391922793936,13.532639111586146,13.289079309149882,13.365704536437988,27546599
2002-10-17,13.327392287746944,13.398545330733398,13.226137102635294,13.335602760314941,16907675
2002-10-18,13.393069238637448,13.538110660356507,13.220661041997172,13.294550895690918,19903470
2002-10-21,13.354759496103014,13.365705331232771,13.201507570434945,13.25350284576416,11103912
2002-10-22,13.305499201586457,13.316445036402383,13.083832523260615,13.13309097290039,15611777
2002-10-23,13.478094167469232,13.478094167469232,13.342065776565233,13.373239517211914,19106437
2002-10-24,13.319394392292187,13.432749857998758,12.984991680793764,13.03033447265625,40213040
2002-10-25,13.007663846392214,13.087012979871853,12.557071528790432,12.642088890075684,66184858
2002-10-28,12.627918340594263,12.729938859277315,12.358696476049023,12.45788288116455,40337021
2002-10-29,12.780950619806625,13.177697777320201,12.701599977144195,13.067174911499023,79943964
2002-10-30,13.1833684033482,13.370406318179024,13.1833684033482,13.285388946533203,53997354
2002-10-31,13.435583349910468,15.269124651998169,13.435583349910468,15.048080444335938,509674504
2002-11-01,15.065085277658966,15.172774036767375,14.268755283040191,14.608824729919434,317726453
2002-11-04,14.909223985548252,14.980070791280248,14.7533582878278,14.92055892944336,72357384
2002-11-05,15.019746549306152,15.019746549306152,14.719351588041025,14.80436897277832,71797712
2002-11-06,14.80436897277832,14.80436897277832,14.80436897277832,14.80436897277832,0
2002-11-07,14.934723332377535,15.379647371157775,14.600322153385283,14.716511726379395,125825680
2002-11-08,14.396281976566906,14.858209210500485,14.396281976566906,14.622994422912598,95745571
2002-11-11,14.622996738085048,14.64566662375412,14.427456484102702,14.509639739990234,40732533
2002-11-12,14.396282733685123,14.832704480793726,14.376443936409988,14.781693458557129,78121220
2002-11-13,15.28896874536812,15.28896874536812,14.759027166527549,14.89788818359375,114265630
2002-11-14,14.93472937715964,15.05942134135593,14.863882564836848,15.014080047607422,70839937
2002-11-15,15.138764322900666,15.274792690512085,15.082086593370686,15.201111793518066,68736475
2002-11-18,15.189778800590553,15.688548081539171,15.13876777262482,15.407990455627441,92854473
2002-11-19,15.407990455627441,15.407990455627441,15.407990455627441,15.407990455627441,0
2002-11-20,15.444831157015958,15.750894301755629,15.359813785027152,15.498676300048828,104343003
2002-11-21,15.600693171936765,15.699881091879234,15.490170311573493,15.569520950317383,60963594
2002-11-22,15.671540144223377,16.34601067581975,15.671540144223377,16.17314338684082,189851549
2002-11-25,16.124968337132138,16.53305349397097,15.969104181810781,16.241159439086914,132548622
2002-11-26,16.419697545700274,16.76543524556391,16.411195203329914,16.572729110717773,193997106
2002-11-27,16.521713571264538,16.6038968025958,16.218484638184098,16.28366470336914,98332241
2002-11-28,16.436701419954563,16.603902048795383,16.388526019643592,16.482044219970703,99033736
2002-11-29,16.57839535480433,16.705922916993412,16.082461732062583,16.317676544189453,111038342
2002-12-02,16.431027617517387,16.841945278560633,16.323340396447513,16.694581985473633,82730519
2002-12-03,16.887291803846566,17.102669321592725,16.408361373714776,16.513216018676758,109562264
2002-12-04,16.60673164960392,16.68324665761694,16.255325801960108,16.578392028808594,128405068
2002-12-05,16.703082584187072,16.884453720257632,16.578390685113256,16.686080932617188,91548576
2002-12-06,16.725758842697136,16.946804580602727,16.609567746118636,16.78527069091797,51392478
2002-12-09,16.94680600025924,17.244366780240153,16.50754860146373,16.603900909423828,114266106
2002-12-10,16.487708778490365,16.67758076507599,16.329009013758572,16.626569747924805,64414715
2002-12-11,16.714426782472533,16.827783795045193,16.47071109787892,16.58690071105957,58044992
2002-12-12,16.606736034719773,16.694587519828477,16.445203635616608,16.6549129486084,56106320
2002-12-13,16.32334403399487,16.929800507238152,16.32334403399487,16.83061408996582,53087418
2002-12-16,17.116838237743803,17.116838237743803,16.720091058467325,16.759765625,93511658
2002-12-17,16.793772666847346,16.878790031248066,16.552891143678504,16.66908073425293,69258811
2002-12-18,16.6945866219374,16.771103159989295,16.360185384824902,16.431032180786133,49761007
2002-12-19,16.408359783481075,16.459369287088006,16.20148311356815,16.38568687438965,54218315
2002-12-20,16.380023676909346,16.598233820305886,16.380023676909346,16.482044219970703,51132080
2002-12-23,16.547218801290114,16.55005291459209,16.354512722300473,16.416858673095703,35336537
2002-12-24,16.394189339685713,16.56422404756476,15.99460807895987,16.52454948425293,51955287
2002-12-25,16.52454948425293,16.52454948425293,16.52454948425293,16.52454948425293,0
2002-12-26,16.592570026966275,17.156517984309144,16.578399453247737,17.03182601928711,153328642
2002-12-27,17.145182241085966,17.36622804130248,16.84478728754049,16.94114112854004,144942117
2002-12-30,16.833446656927205,16.955305985279715,16.66908016178396,16.861787796020508,58407328
2002-12-31,16.99781574164759,16.99781574164759,16.83628335019185,16.887292861938477,53121742
2003-01-01,17.048824216616715,17.088498780022647,16.83911343097883,16.878787994384766,47412411
2003-01-02,16.93830556504655,16.93830556504655,16.58406549207903,16.63507652282715,40149278
2003-01-03,16.72576196402852,16.7399310217873,16.27233546229798,16.320510864257812,72746595
2003-01-06,16.30350739739272,16.34884867998063,16.10513152707788,16.1419734954834,48579301
2003-01-07,16.212820529317632,16.300670487507276,16.113632601960497,16.15614128112793,37957980
2003-01-08,16.17314666560596,16.487710602302,16.16181020989633,16.377187728881836,35951905
2003-01-09,16.465037478349743,16.884456016631948,16.450866910198595,16.796606063842773,79905158
2003-01-10,16.93546531263334,16.94680176600194,16.550053149190802,16.836278915405273,61297754
2003-01-13,16.8334431407445,16.85044782064853,16.691748072523534,16.734256744384766,36967854
2003-01-14,16.601069302168153,16.720093015698936,16.521718645864397,16.691753387451172,40219496
2003-01-15,16.550058419994915,16.6350757915377,16.289338076877062,16.482044219970703,55546606
2003-01-16,16.482042298477847,16.60390011309622,16.343181314323143,16.518882751464844,34454833
2003-01-17,16.57839371063711,16.649242012838016,16.470706471379238,16.56989288330078,26453471
2003-01-20,16.581229818016205,16.660580471043698,16.36585228570558,16.428199768066406,20736760
2003-01-21,16.436701773911878,16.606736520659073,16.323346285380378,16.555727005004883,26085071
2003-01-22,16.578393600562457,16.86178680748446,16.510380926524785,16.77960205078125,54271252
2003-01-23,16.833444912633585,17.003481131925955,16.527383351386312,16.58972930908203,45986007
2003-01-24,16.629403500559384,16.629403500559384,15.940763867664355,16.020112991333008,57131232
2003-01-27,15.997443194423685,16.147640630052614,15.325805147871778,15.493005752563477,68346732
2003-01-28,15.32296931995562,15.852910699154046,15.263457477918273,15.7933988571167,73657273
2003-01-29,17.570264933381722,17.570264933381722,15.379649287596125,15.481671333312988,43454178
2003-01-30,15.481672707408668,15.637536875849385,15.113263600826285,15.21245002746582,72634279
2003-01-31,15.133099682956173,15.841578211915905,14.923390389620437,15.589360237121582,172248779
2003-02-03,15.983270653715525,16.01161027462426,15.67437499300331,15.946430206298828,57143318
2003-02-04,16.107967175473295,16.229824995104234,15.884087306528281,15.949267387390137,62720447
2003-02-05,15.852910480523205,16.096627586297725,15.736720911569284,16.01444435119629,47109930
2003-02-06,16.03995169884344,16.20148407409982,15.988940678262642,16.15614128112793,41533991
2003-02-07,16.181646160783785,16.255327061029334,15.722551535297606,15.91242504119873,55241688
2003-02-10,15.909587750751484,16.034279644691914,15.813233960193402,15.963431358337402,40877745
2003-02-11,15.994606657978315,16.088124830633753,15.886917918292152,16.00877571105957,34483696
2003-02-12,15.957764525773637,16.03428104506702,15.787729834832064,15.93792724609375,36870328
2003-02-13,15.937927246093752,15.937927246093752,15.937927246093752,15.93792724609375,0
2003-02-14,15.966270348567821,16.147641532573747,15.881252984552491,16.102298736572266,51934645
2003-02-17,16.28932969734889,16.578388006317528,16.275160647363883,16.538713455200195,44307312
2003-02-18,16.606730638783368,16.652073423716153,16.368683288810352,16.416858673095703,32597597
2003-02-19,16.496211814713256,16.598232348729614,16.397025394690374,16.4565372467041,26041994
2003-02-20,16.436697457971377,16.487708474181066,16.269496869433418,16.374351501464844,21668977
2003-02-21,16.388523363817963,16.771101473762187,16.380021022461555,16.71442222595215,63267726
2003-02-24,16.841949274273905,17.216026579281724,16.841949274273905,17.156513214111328,133025346
2003-02-25,17.003484473456684,17.09133595700834,16.70592368063005,16.751266479492188,69502586
2003-02-26,16.813609146401973,16.88445745132903,16.521716612980033,16.584062576293945,55005461
2003-02-27,16.510380938278594,16.833445682036484,16.453703205223633,16.742761611938477,59556978
2003-02-28,16.833443772164774,17.162178220065485,16.581225844854057,16.70591926574707,103736766
2003-03-03,16.72008956752265,17.071495435104996,16.620903160035496,16.765432357788086,91988609
2003-03-04,16.66908059202975,16.81927803545283,16.493379150663888,16.561391830444336,37515217
2003-03-05,16.467873318759892,16.487710602302,16.04845322254876,16.377187728881836,80031001
2003-03-06,16.326173396299232,16.35734712923115,16.110795920976987,16.17314338684082,34455800
2003-03-07,15.756563791303336,16.03428732962352,15.756563791303336,15.92659854888916,47100939
2003-03-10,15.92092902768689,15.960605113326627,15.561022254272228,15.697049140930176,55878146
2003-03-11,15.586523841461988,16.28933403962332,15.53551282559925,16.161808013916016,57681003
2003-03-12,16.15330738892173,16.20148429635898,15.674376970241628,15.773563385009766,35543046
2003-03-13,15.75656011938017,15.920926609689005,15.609196798077477,15.7537260055542,50097000
2003-03-14,15.7537260055542,15.7537260055542,15.7537260055542,15.7537260055542,0
2003-03-17,15.756560375739879,15.920926868722962,15.60069471042333,15.844411849975586,56266796
2003-03-18,15.844411849975586,15.844411849975586,15.844411849975586,15.844411849975586,0
2003-03-19,15.983272450653736,16.192983246636143,15.957766940363339,16.15614128112793,49358268
2003-03-20,15.869915915196218,16.771100458536637,15.869915915196218,16.626569747924805,71416106
2003-03-21,16.52738774654222,16.71725978373802,16.17031355920536,16.63507652282715,57333596
2003-03-24,16.601067816091657,16.601067816091657,15.957767850338044,16.031450271606445,55710051
2003-03-25,15.813238105739698,16.2496613628918,15.708383462258293,16.192983627319336,49120571
2003-03-26,16.238329913191095,16.331848121298005,16.017284123211045,16.124971389770508,39091133
2003-03-27,16.034290462149546,16.076799159850676,15.824581088684,15.898262023925781,35038397
2003-03-28,15.920929602431407,16.232660986590446,15.878420914950627,16.178815841674805,42733749
2003-03-31,15.932262328789712,16.028614624672016,15.620531017633072,15.762226104736328,47005639
2003-04-01,15.64320885656075,16.025787111875243,15.64320885656075,15.929434776306152,37292645
2003-04-02,16.0144475291591,16.20998625853855,15.926596049665527,16.00027847290039,35008078
2003-04-03,16.039949367715295,16.26666178567634,15.986104241155498,16.181644439697266,31214340
2003-04-04,16.21849213490267,16.669084572778008,16.21849213490267,16.632244110107422,68828778
2003-04-07,16.73425851103514,17.116836598175336,16.72008945690203,17.011981964111328,69034657
2003-04-08,16.89012533224506,16.93546812535132,16.691750990892597,16.78527069091797,42376062
2003-04-09,16.61523493036249,16.7144213378353,16.295002798865028,16.34317970275879,44544841
2003-04-10,16.31767792812255,16.351684271623906,15.988943380493026,16.16748046875,40775373
2003-04-11,16.23265508629485,16.66340851929852,16.01160938616118,16.598228454589844,48412956
2003-04-15,16.606734973280478,16.61807142944729,15.53834967704871,16.00027847290039,81870746
2003-04-16,16.147638376592326,16.17314388360195,15.89258482044559,16.085290908813477,42340057
2003-04-17,16.08529588781672,16.08529588781672,15.651708190239413,15.76506519317627,43485772
2003-04-18,15.76506519317627,15.76506519317627,15.76506519317627,15.76506519317627,0
2003-04-21,15.8699195898876,15.983275076993989,15.699884845278085,15.830245018005371,30275806
2003-04-22,15.793400603444297,15.801902944939563,15.515677129278362,15.722552299499512,54292231
2003-04-23,15.954933699378927,16.12213429552546,15.288963914533735,15.371147155761719,221434793
2003-04-24,15.473167075425637,15.699881022333086,15.399484664193327,15.518509864807129,91042471
2003-04-25,15.416489285261367,15.563852593198959,15.133097609712356,15.201111793518066,77478908
2003-04-28,15.18977889304386,15.512845206243425,15.005575093512928,15.427827835083008,68354743
2003-04-29,15.473173479207656,15.521350402107855,15.34564739902491,15.46467113494873,44208217
2003-04-30,15.45899895950421,15.614864618217084,15.362645147734547,15.555351257324219,34076588
2003-05-01,15.555351257324219,15.555351257324219,15.555351257324219,15.555351257324219,0
2003-05-02,15.563856386170242,15.580859557778018,15.376818470584853,15.498676300048828,32469961
2003-05-05,15.586526207019975,15.643203944619767,15.274794865346701,15.334306716918945,38689864
2003-05-06,15.303135460054289,15.453332912455913,15.184110235423828,15.297467231750488,43159791
2003-05-07,15.099093024664054,15.232287307497899,15.019743883380011,15.050917625427246,41165255
2003-05-08,15.019743183360228,15.07358832240049,14.62299598148119,14.710845947265625,73358559
2003-05-09,14.57481648079245,14.934723163977493,14.57481648079245,14.795862197875977,42949991
2003-05-12,14.849707650222681,14.906385386302444,14.63716424748641,14.781693458557129,29654949
2003-05-13,14.844041205979506,14.897884829140738,14.722181875967678,14.835538864135742,23843344
2003-05-14,14.835539023387293,15.144434737780179,14.835539023387293,15.10476016998291,39668478
2003-05-15,15.113264270359997,15.212450701393598,15.025412782608829,15.152938842773438,27808776
2003-05-16,15.246454139892837,15.291796927779675,15.127428943202512,15.226616859436035,30535756
2003-05-19,15.249291065485021,15.368316295941487,15.16144109222541,15.252126693725586,35908071
2003-05-20,14.991402310389969,15.46183184908528,14.991402310389969,15.422157287597656,41338854
2003-05-21,15.456165249178746,15.518511211501277,15.263459134559186,15.40515422821045,36113543
2003-05-22,15.337140822016327,15.59785960024841,15.274793348712336,15.56385326385498,42077642
2003-05-23,15.860612150420586,15.913286366012652,15.749413807835447,15.816719055175781,21376271
2003-05-26,15.802092267826573,16.445881351032426,15.743566556012228,16.355165481567383,42413692
2003-05-27,16.33468112329731,16.64487036087067,16.28785992932639,16.413692474365234,54396662
2003-05-28,16.44587763013805,16.931645461896554,16.44587763013805,16.855562210083008,71745714
2003-05-29,16.943354030669106,17.259394725401915,16.767775345824692,17.183311462402344,60641367
2003-05-30,17.20671401667759,17.674924187762578,17.148188331533706,17.475934982299805,88124611
2003-06-02,17.49935180998969,17.581288103755345,17.16867698876747,17.238908767700195,36886055
2003-06-03,17.113078490598866,17.26524656937117,17.045773228515753,17.098445892333984,18522495
2003-06-04,17.12184976520445,17.715890812154623,17.089661188280633,17.59591293334961,64238469
2003-06-05,17.850510918862152,18.42406977250194,17.82710188481515,18.289459228515625,140731145
2003-06-06,18.435769827287128,18.5440432276238,18.184106357418987,18.347980499267578,77948350
2003-06-09,18.696211067847827,18.696211067847827,17.891474528441034,18.002676010131836,60458441
2003-06-10,17.920744070997987,18.362617332411695,17.66030098291887,17.765647888183594,70590574
2003-06-11,17.736377697804386,18.07290392961465,17.736377697804386,18.011451721191406,49155694
2003-06-12,18.064129999098697,18.195814002472467,17.973414143888526,18.026086807250977,37202694
2003-06-13,18.128509236296054,18.400655246050622,18.122656196880826,18.315793991088867,72191082
2003-06-16,18.44454829015042,18.552821684057662,17.92659034760516,17.98219108581543,108127036
2003-06-17,18.128505092694386,18.898124883972816,18.06705288281595,18.79277801513672,128219790
2003-06-18,18.889346196919284,18.889346196919284,18.535262389909825,18.611347198486328,73870841
2003-06-19,17.625184099261077,19.079561239832287,17.625184099261077,19.015182495117188,100688903
2003-06-20,18.845457552122653,19.767245650495386,18.845457552122653,19.63263511657715,196668208
2003-06-23,19.57411348183293,19.57411348183293,18.9683659531681,19.03567123413086,62150902
2003-06-24,19.035670502808873,19.21124921799891,18.669880470621525,18.748891830444336,91338804
2003-06-25,18.845459387608045,19.25514250568263,18.845459387608045,19.012258529663086,81563686
2003-06-26,19.079561476338863,19.42486579893762,18.918613830900117,19.029813766479492,103622672
2003-06-27,19.117603249806997,19.19661459487584,18.81912011504524,19.006404876708984,65064967
2003-06-30,19.02103553463088,19.325371702977144,18.880571966173292,19.015182495117188,78672602
2003-07-01,19.082484960938903,19.220021989468368,18.91861082177228,19.067853927612305,82959281
2003-07-02,19.187832321553067,19.547769194897107,19.07955892027208,19.225873947143555,106131604
2003-07-03,19.299031600612434,19.6326313515676,19.155643097909167,19.35755729675293,115325848
2003-07-04,19.49216590424776,19.740902824386733,19.372188004361604,19.486312866210938,83165944
2003-07-07,19.547763972467813,19.752604642699808,19.17319616550059,19.240501403808594,57341354
2003-07-08,19.260991612877383,19.372191539311004,19.00055013245203,19.094192504882812,49463749
2003-07-09,19.313662206514728,19.313662206514728,18.91861024885563,19.117599487304688,42943059
2003-07-10,19.249287028752708,19.64141410291467,19.11760301854281,19.55362319946289,59663355
2003-07-11,19.54777147180899,19.752612220626446,19.293181450690394,19.35463523864746,57970502
2003-07-14,19.489242549555343,19.928187608835277,19.489242549555343,19.884294509887695,91666830
2003-07-15,19.957449575541506,20.18570242559894,19.588734755943022,19.76138687133789,84122767
2003-07-16,19.708717545399068,20.273495164523183,19.60629561583244,20.11840057373047,78125562
2003-07-17,20.191560642540164,20.302760577075407,19.664824604208544,19.828697204589844,80737902
2003-07-18,19.808210783082863,20.484188306203837,19.54776931453431,19.855031967163086,78313837
2003-07-21,19.969159751979785,19.986717306363676,19.55362210612772,19.64726448059082,65664832
2003-07-22,19.65604613485431,19.65604613485431,19.275625120527337,19.55069923400879,73585039
2003-07-23,19.664819520908996,19.69408158437759,19.161492644187398,19.301956176757812,62402827
2003-07-24,19.378044806259613,20.25008674433051,19.26099339321354,20.004276275634766,78868454
2003-07-25,20.19156004666009,20.54271739518471,20.03353892716165,20.46078109741211,113136735
2003-07-28,20.516381887630565,20.738781767549632,20.103772283472885,20.203266143798828,67780254
2003-07-29,20.07743195585637,20.425662756259154,20.01012669866568,20.34665298461914,71057439
2003-07-30,20.133036495736345,20.691961168134807,19.313667177152045,20.40225601196289,68998595
2003-07-31,20.54271655820264,21.177725966691373,20.308610626516653,20.94654655456543,224892341
2003-08-01,21.051892630570215,21.051892630570215,20.694882297508,20.77974510192871,74671095
2003-08-04,20.689033433183948,20.934843901661683,20.630507726712818,20.770971298217773,51695702
2003-08-05,20.81194217576327,21.303563177128655,20.171079587190846,20.364215850830078,113417159
2003-08-06,20.109621579717622,20.858757442441927,20.109621579717622,20.519306182861328,121809328
2003-08-07,20.668546003293923,20.893872359771198,20.405178021950082,20.809009552001953,78509311
2003-08-08,21.063595138133095,21.329888019878275,20.89386799474143,21.262582778930664,100474328
2003-08-11,20.981660385386657,21.36208130038956,20.981660385386657,21.14553451538086,65362813
2003-08-12,22.755011469884295,22.755011469884295,20.809013323899123,20.882171630859375,53918173
2003-08-13,21.648860935394673,21.648860935394673,20.820713813241326,21.125051498413086,63463283
2003-08-14,21.18650951565048,21.388423770204657,20.902657387918126,20.987520217895508,67262847
2003-08-15,20.987520217895508,20.987520217895508,20.987520217895508,20.987520217895508,0
2003-08-18,21.010926551517787,21.32989372922961,20.77682062324959,21.142610549926758,78071589
2003-08-19,21.224548677790555,21.739580201187618,21.10749570353853,21.60204315185547,82301606
2003-08-20,21.771769478277253,21.92979060767031,21.51132797025532,21.5903377532959,49097940
2003-08-21,21.947344274862488,21.947344274862488,21.604964985676666,21.719091415405273,59203324
2003-08-22,21.841997909671154,22.517976994713443,21.771766133695266,22.3394718170166,116788342
2003-08-25,22.591138132400065,24.856103421890527,21.484990257405574,22.158042907714844,132404097
2003-08-26,22.239974533029734,22.942289106885536,22.1287746212818,22.863279342651367,112114301
2003-08-27,22.825238112137566,23.237847618702055,22.825238112137566,23.047637939453125,73505914
2003-08-28,23.062272175243073,23.264187959400015,22.737451946805432,23.04178810119629,70642923
2003-08-29,23.35197557808984,23.688501860278027,23.044712926665035,23.45146942138672,92274019
2003-09-01,23.30808291220353,24.25328310278624,23.30808291220353,24.007471084594727,84452781
2003-09-02,24.288398318834403,24.674670775835025,24.092335570662783,24.49909210205078,135259343
2003-09-03,24.355700251216923,24.51664630463868,23.76458556785307,23.875783920288086,77420832
2003-09-04,23.814332288815237,24.17134263565709,23.70898540903071,23.954795837402344,88695220
2003-09-05,24.060143513090402,24.657111269365732,24.060143513090402,24.572248458862305,81359053
2003-09-08,24.703933621343836,25.60231103600012,24.703933621343836,25.494037628173828,109846273
2003-09-09,25.584751364193814,25.892014008084455,25.28919323433454,25.535003662109375,123502517
2003-09-10,25.45892630700579,25.48526342381358,25.201409742266435,25.43844223022461,71159685
2003-09-11,24.873653998302803,25.70472754043158,24.873653998302803,25.09020233154297,96604041
2003-09-12,25.04923889085081,25.376987209941046,24.346924190852473,24.531282424926758,85145047
2003-09-15,24.52249509861039,24.569316272221737,23.50706499960642,23.67679214477539,121887277
2003-09-16,23.76165972253191,24.095259501181527,23.035934464233552,24.004545211791992,136987095
2003-09-17,24.463974938477087,24.463974938477087,23.53633393965747,23.814332962036133,100901406
2003-09-18,23.937242719203056,23.937242719203056,22.980337939217076,23.13835906982422,122191943
2003-09-19,23.120795584661252,23.869931330508173,22.942288860635838,23.647531509399414,153707700
2003-09-22,24.106972199175587,24.106972199175587,23.416361859171822,23.589014053344727,74664260
2003-09-23,23.41927910236143,24.34106698845741,23.278815561060288,24.145004272460938,70971760
2003-09-24,24.387889220304036,25.236520416456194,24.127447760810917,25.10776138305664,118908427
2003-09-25,25.049238509643274,25.312608081446406,24.346923820332993,24.47568130493164,140227855
2003-09-26,24.62785146001691,25.01705044157183,24.405450032013196,24.949745178222656,101622465
2003-09-29,29.848393556126585,29.848393556126585,25.034607894668333,25.41795539855957,68963038
2003-09-30,25.53208007000036,26.064667534766272,25.458921772633488,25.973953247070312,109159721
2003-10-01,25.810076616394607,26.064665027979885,25.344792891448694,25.499887466430664,64365531
2003-10-02,25.499887466430664,25.499887466430664,25.499887466430664,25.499887466430664,0
2003-10-03,25.693026966724474,26.336815939768755,25.634501264924722,26.251953125,92937113
2003-10-06,26.249026552904066,26.910373078834123,24.727344239348753,26.7757625579834,68364182
2003-10-07,26.805021810346854,26.980600460255843,26.34559267728402,26.442161560058594,75842045
2003-10-08,27.214707946301854,27.214707946301854,26.257804874162915,26.64407730102539,64480381
2003-10-09,26.86355000686931,27.097655923793866,26.459718472658174,26.63822364807129,76156360
2003-10-10,26.816738108706264,27.62440145677975,26.816738108706264,27.56002426147461,107329947
2003-10-13,27.557089063471178,28.326710618084974,27.243976457935375,28.1540584564209,77883650
2003-10-14,28.38523585485006,28.554961484561193,27.223488869932826,27.40492057800293,85021682
2003-10-15,27.45759745149869,28.262334137049148,27.2937217185424,28.013595581054688,89588449
2003-10-16,29.140223947954187,29.140223947954187,28.127720110333723,28.593002319335938,230880962
2003-10-17,28.502288095891625,29.087551384928354,28.423278317894447,28.651531219482422,94173184
2003-10-20,28.853449689665247,28.970501114046836,28.092607614624818,28.197956085205078,62736510
2003-10-21,28.385232573268446,28.385232573268446,27.185444099014106,27.40199089050293,96531807
2003-10-22,26.93671601314194,27.76486177960003,26.93671601314194,27.44296646118164,77285479
2003-10-23,27.49563334498244,27.507339422027123,26.693823346638407,26.851842880249023,82339194
2003-10-24,21.654717006101308,27.74144654881297,21.654717006101308,27.545385360717773,88147102
2003-10-27,27.799970733481878,27.858497994759446,26.755278348410503,26.863550186157227,69776288
2003-10-28,26.922080358862157,27.507343655059948,26.805025823648425,27.173742294311523,104009852
2003-10-29,27.34639340854499,27.797046160707815,27.068395932910835,27.64780616760254,56545862
2003-10-30,27.539529197101302,28.092600715256626,27.42540432085442,27.91994857788086,65836288
2003-10-31,28.09260248370455,28.546181751104147,27.981404119845262,28.4700984954834,66083410
2003-11-03,28.49935910881591,29.31580174843086,28.49935910881591,29.151926040649414,122814579
2003-11-04,29.386030006421336,29.614282873063303,28.511063289813055,28.76565170288086,110392949
2003-11-05,28.502287724332277,28.91782537325478,28.121868311060567,28.595930099487305,91124985
2003-11-06,28.794919042661192,29.350917091282174,28.625193421291314,28.844663619995117,134300335
2003-11-07,28.8856348201292,29.081695989399563,28.07504521485358,28.218435287475586,73031669
2003-11-10,29.848385319981297,29.848385319981297,27.571713082411144,28.26525115966797,55228187
2003-11-11,28.101382463145264,28.38523610612213,27.835087937862294,28.130647659301758,64012424
2003-11-12,28.67786258300017,28.7627253879589,28.215506934599848,28.329631805419922,79398058
2003-11-13,29.25727257356712,29.25727257356712,27.86142295232418,27.966768264770508,64241396
2003-11-14,27.580503428596106,27.799976797985508,27.050840822028082,27.208860397338867,81935027
2003-11-17,27.34053523371797,27.940430992925574,27.214704294425072,27.797040939331055,74009302
2003-11-18,27.662432334388697,27.90239127980423,27.214706155311813,27.27323341369629,51950120
2003-11-19,27.16496156187629,27.317128056294735,26.840139811678263,27.015718460083008,74266857
2003-11-20,27.044984940680195,27.26738480673826,26.278289925069164,26.383638381958008,63214173
2003-11-21,26.114414279142874,27.033275706772923,26.114414279142874,26.889888763427734,84509135
2003-11-24,27.03035330263048,27.097656997687984,26.576774047683344,26.682119369506836,43968181
2003-11-25,26.68797050969212,27.442959332183058,26.68797050969212,27.334684371948242,69262438
2003-11-26,27.334684371948242,27.334684371948242,27.334684371948242,27.334684371948242,0
2003-11-27,27.34053861667844,28.11016006953861,27.34053861667844,27.870201110839844,101487224
2003-11-28,27.917023012898287,28.672011888116423,27.917023012898287,28.505212783813477,75895178
2003-12-01,28.683718371786085,28.958792447776403,28.566666970494293,28.80954933166504,57749723
2003-12-02,28.862217738656785,29.555752701267796,28.432050720831437,29.239713668823242,87905736
2003-12-03,29.555760902570313,29.555760902570313,28.844666629005946,29.140226364135742,117920738
2003-12-04,28.704209286128727,29.936186688918568,28.704209286128727,29.772314071655273,180083321
2003-12-05,29.848396220414884,29.965447638837006,28.748102882050496,28.856374740600586,82536782
2003-12-08,28.628117400343363,28.92660363019917,27.937508822938305,28.08675193786621,113699628
2003-12-09,28.171615352917534,28.581296826265486,28.171615352917534,28.478878021240234,79302128
2003-12-10,28.531548488346537,29.40651519158232,28.449609077847473,29.122661590576172,143958545
2003-12-11,29.327508653253446,29.4972342780431,28.631043910442127,28.859296798706055,104076611
2003-12-12,29.031953349862818,29.031953349862818,28.534479351376667,28.753955841064453,69546938
2003-12-15,28.794921701171212,29.397740989959225,28.794921701171212,29.20460319519043,83497793
2003-12-16,29.192898605473417,29.699148968480642,28.832961713570256,29.544055938720703,126819545
2003-12-17,29.614281593362392,29.696217874950012,29.268977352404725,29.424070358276367,87187086
2003-12-18,29.251425257782284,29.924477913237816,29.251425257782284,29.669889450073242,95790063
2003-12-19,29.731349235779582,30.60631630103026,29.731349235779582,30.474632263183594,149458524
2003-12-22,30.500949427294543,31.018905705159764,30.500949427294543,30.875518798828125,60150274
2003-12-23,25.45892862246402,31.007220244311974,25.45892862246402,30.57412338256836,64460943
2003-12-24,30.44243396307292,31.077444978613602,30.44243396307292,30.896013259887695,60846840
2003-12-25,30.896013259887695,30.896013259887695,30.896013259887695,30.896013259887695,0
2003-12-26,31.086221318039296,31.176937168006056,30.857968433393154,31.030620574951172,48164588
2003-12-29,31.194491170288007,31.542721950671798,31.147669988559024,31.44322967529297,46395159
2003-12-30,31.42859201152225,33.94521996215962,31.326173233384974,32.932716369628906,172494262
2003-12-31,32.89175301674588,34.10910059584452,32.89175301674588,33.526763916015625,160650273
2004-01-01,33.94522488815257,33.94522488815257,33.193162599963024,33.398006439208984,57015472
2004-01-02,33.62334057929991,34.46611577892031,33.39801417987923,34.249568939208984,113656354
2004-01-05,34.237849577190005,34.524626503886054,33.4770079196307,33.948143005371094,85438299
2004-01-06,34.00375031815748,34.44269691205599,33.011729139973085,33.500423431396484,81160289
2004-01-07,33.37167323469831,34.09154705600128,33.18438848011158,33.954010009765625,83254466
2004-01-08,34.23785575162589,34.99284450833837,34.129580800824534,34.536338806152344,74777472
2004-01-09,35.11575881298853,35.44643054328979,33.66138162506109,33.8662223815918,122696325
2004-01-12,33.82817653341715,34.17348081993653,33.25461936000195,33.43312454223633,78266908
2004-01-13,33.55018068974607,34.50123399863064,33.49165654496388,34.378326416015625,82240687
2004-01-14,34.53048576378102,35.05722166933467,34.53048576378102,34.94017028808594,71562438
2004-01-15,35.3205878065735,35.461051332825654,33.629178707038065,33.834022521972656,94167303
2004-01-16,34.23786595623325,34.34321129278162,33.47702393469494,34.009613037109375,112840401
2004-01-19,34.01253468504908,34.47196385076485,33.30729351601628,34.223228454589844,78038244
2004-01-20,34.471953865028944,34.986986751697245,33.38044058025393,33.620399475097656,84740222
2004-01-21,33.43311813800228,33.92766544377367,32.0489716109523,32.36208724975586,90635839
2004-01-22,32.36502081806344,33.646745715093225,30.857969547709224,31.326181411743164,143108982
2004-01-23,31.54565631582955,32.847867043681575,31.12134218208645,32.64887619018555,130190728
2004-01-26,32.64887619018555,32.64887619018555,32.64887619018555,32.64887619018555,0
2004-01-27,32.89468537291687,34.14422175859793,32.79518995483192,33.983272552490234,99040724
2004-01-28,34.413439122715154,34.48659585524452,33.333628491620935,33.693565368652344,117000341
2004-01-29,34.00374733137142,34.29052428843813,33.08488608396206,33.44774627685547,207142637
2004-01-30,33.50627661451873,33.91010810797739,32.657645487101796,32.806888580322266,86396915
2004-02-02,32.806888580322266,32.806888580322266,32.806888580322266,32.806888580322266,0
2004-02-03,32.89175847989395,33.055631077263314,32.125063467989634,32.40599060058594,96821782
2004-02-04,32.50255141124606,33.65259207966241,32.163100222114835,33.441898345947266,103232089
2004-02-05,33.623340344369424,33.857443175239915,32.733740832514926,33.04393005371094,101116472
2004-02-06,33.28681491288854,33.76965633647574,33.01466730336003,33.6760139465332,91705860
2004-02-09,33.85743368102999,34.53048616595064,33.85743368102999,34.454402923583984,69893883
2004-02-10,34.64754326300612,35.02211275173925,34.27297690089644,34.720703125,123921417
2004-02-11,36.28628503960466,36.28628503960466,34.00961500938657,34.37247848510742,86968029
2004-02-12,34.545124771090144,34.81727233146605,34.179334837684465,34.39588165283203,82921203
2004-02-13,34.30516612272052,34.96358613308268,34.18518819904302,34.846534729003906,65429166
2004-02-16,34.99870763550594,35.23281046551771,34.54512832159446,34.703147888183594,79718871
2004-02-17,34.6533997260767,35.408388690606714,34.530495272926174,35.042598724365234,129142680
2004-02-18,35.22402681998317,35.730280306241205,35.12453453574979,35.39960861206055,158050718
2004-02-19,35.41424411668158,35.642497045984214,33.9481607597128,34.08277130126953,116966506
2004-02-20,34.00961308857383,34.82312934292928,33.9744979763379,34.381256103515625,140573064
2004-02-23,34.47196569732714,34.764598901398,32.780559284811304,33.08782196044922,131518794
2004-02-24,32.511339972476065,33.2780318793466,32.189444681472935,33.11123275756836,175812789
2004-02-25,33.35996156902879,33.35996156902879,32.3211222869121,32.4937744140625,97507816
2004-02-26,32.42354142065894,33.02636055429001,31.54564513763251,31.73878288269043,146810711
2004-02-27,31.9290038860172,32.57571787550383,31.896815294191764,32.46451950073242,115704849
2004-03-01,33.30144167123215,33.32777722088536,32.55815884891122,33.20194625854492,87320408
2004-03-02,33.20194625854492,33.20194625854492,33.20194625854492,33.20194625854492,0
2004-03-03,33.31021676360072,34.17347739333945,33.19023572989701,33.994972229003906,119271800
2004-03-04,33.828173926291385,34.17933122472187,33.39508034177687,33.573585510253906,59517947
2004-03-05,33.41849519346343,34.38417793244762,33.41849519346343,34.30516815185547,57935295
2004-03-08,34.413447242048385,35.05723476941941,34.37832900059028,34.86702346801758,68029504
2004-03-09,35.115756423231296,35.115756423231296,33.85744051791121,34.19689178466797,63969584
2004-03-10,34.00375578405872,34.062283048194075,33.37167133659188,33.576515197753906,57012251
2004-03-11,33.47702526697263,33.82818265602312,32.950289183396904,33.117088317871094,78134847
2004-03-12,33.038073744707894,33.30144174834382,32.48499906109835,32.92687225341797,75771967
2004-03-15,33.18731040947729,33.348259591086226,31.60417602682346,31.89973258972168,92765349
2004-03-16,31.604171268232186,32.47328796351399,31.340803330661384,31.712446212768555,119208906
2004-03-17,31.89681505944641,32.30649657045629,31.32033129757134,31.627593994140625,112189995
2004-03-18,31.721233615547714,31.84413805815645,30.16150810971708,30.3809814453125,156637254
2004-03-19,30.258075176970156,30.934054330315913,30.258075176970156,30.623865127563477,109745049
2004-03-22,29.7957100000092,30.60629942283681,29.58794279974877,29.713773727416992,90124832
2004-03-23,29.789865998955936,30.28733994959619,29.570392657000465,29.950815200805664,92984770
2004-03-24,29.9654483108924,30.155659605890243,29.60258484103458,29.983007431030273,99235162
2004-03-25,30.026899062660295,30.45121315676458,29.865949857574403,30.085426330566406,134606290
2004-03-26,30.313680244537036,31.036480689597397,30.313680244537036,30.76725959777832,105696165
2004-03-29,30.793584743322352,31.28813208453048,30.732134094702776,30.948680877685547,79964214
2004-03-30,31.024775446075267,31.411047973470538,30.787746069244243,30.852123260498047,89126542
2004-03-31,30.846272004105998,31.6041876283321,30.711661446779658,31.490062713623047,76872069
2004-04-01,31.54565382812683,32.64009718279888,31.54565382812683,32.531822204589844,108451994
2004-04-02,38.04206643001345,38.04206643001345,32.52596506238557,33.11415481567383,99771768
2004-04-05,33.18438994817154,34.02424173463841,33.18438994817154,33.65845489501953,90699433
2004-04-06,33.71113218772968,34.08569862087582,33.04685902445681,33.6760139465332,100026761
2004-04-07,33.936455906989806,33.99790970324068,33.359972086133034,33.594078063964844,58225817
2004-04-08,33.35995661877051,33.927663742622926,33.09658868830445,33.53261184692383,64967034
2004-04-09,33.53261184692383,33.53261184692383,33.53261184692383,33.53261184692383,0
2004-04-12,33.68186530918035,33.68186530918035,32.69862339037885,32.87712860107422,53650059
2004-04-13,33.00881301682631,33.70527787489911,32.50548909816951,33.55310821533203,56786920
2004-04-14,33.55310821533203,33.55310821533203,33.55310821533203,33.55310821533203,0
2004-04-15,33.88085250315628,34.015463026639225,32.92687276022318,33.08782196044922,83348366
2004-04-16,33.12586018197889,33.5209121528805,32.99124967234123,33.134639739990234,42428943
2004-04-19,32.979535802780184,33.32483998998759,32.22454714478344,32.34159851074219,57064585
2004-04-20,32.452815387206606,32.452815387206606,32.07239279547925,32.32698440551758,49194696
2004-04-21,32.192366178181736,33.327774388978284,32.18943965884411,33.263397216796875,66400273
2004-04-22,33.242905728808196,33.58235689922492,32.97953779452846,33.286800384521484,45343596
2004-04-23,33.242914406129636,33.640892930255056,33.07611529620448,33.20194625854492,50254004
2004-04-27,32.77470413440958,32.77470413440958,31.44908462243446,31.571989059448242,93593864
2004-04-28,31.607108355278253,32.130917886702406,31.437382711199337,31.627593994140625,92191757
2004-04-29,31.545643610937553,31.838276733324925,30.814067058214473,30.97793960571289,231388636
2004-04-30,33.06733886086743,36.584768732588365,30.56241607592737,30.8111515045166,104126789
2004-05-03,30.8433293454805,31.094994332834666,30.181982986382717,30.928192138671875,115360046
2004-05-04,31.364221733295846,37.0500456752828,30.966243228752482,31.062808990478516,67022825
2004-05-05,31.135971618594493,31.22083443672084,30.846264927785,31.018917083740234,59745925
2004-05-06,31.311542905398156,31.79731066852877,31.261795208818032,31.633438110351562,82542006
2004-05-07,31.135970928628502,31.516390341915795,30.94868617831077,31.159379959106445,62266887
2004-05-10,31.0013546125815,31.0013546125815,30.152723482066076,30.386829376220703,89515010
2004-05-11,29.883504268287968,29.90691329578853,28.30622294263649,28.692495346069336,102120168
2004-05-12,28.32670680893999,29.228012253451098,28.32670680893999,29.067066192626953,87466922
2004-05-13,28.09260346582139,30.688245072620617,27.7414461179126,29.933256149291992,183148451
2004-05-14,29.848391757217613,30.304894409440273,27.577572067689633,27.922876358032227,172382661
2004-05-17,27.507338509474057,27.6185368578401,22.33946991728732,23.66216278076172,131182688
2004-05-18,25.16629048333682,26.799174260019566,24.001617002108187,25.382837295532227,189088981
2004-05-19,26.000289161975875,27.273236050187283,26.000289161975875,26.480205535888672,161330985
2004-05-20,27.654103691241666,27.75564222537958,26.289316283205196,26.471487045288086,131601070
2004-05-21,26.393843879630715,26.399817110525365,25.686065476456005,26.25049591064453,94462978
2004-05-24,26.8776382131464,27.355461545252655,26.581984049214523,27.10759162902832,94626507
2004-05-25,27.056826201134104,27.468950439088434,26.080271496560343,27.218093872070312,112127997
2004-05-26,27.474924434492372,27.952747847695647,27.20017493488115,27.433115005493164,95857508
2004-05-27,26.997098795434454,27.328587584395564,26.674565066597893,26.820898056030273,79936738
2004-05-28,26.701441135299998,26.931394555103417,25.456110325480427,25.844343185424805,124708087
2004-05-31,25.772669672581042,26.21465842413151,24.637835629238953,25.671131134033203,135183145
2004-06-01,25.981721640062926,26.459546644252434,25.81149730994161,25.93393898010254,87041132
2004-06-02,26.03547526243081,26.45655772294046,25.9578280479084,26.247509002685547,60172345
2004-06-03,26.638734172585863,27.00904744074324,25.270961341955942,25.58453369140625,100953502
2004-06-04,25.264979686221942,25.981716245997312,25.24108836120183,25.89212417602539,86150171
2004-06-07,25.98171587238319,26.853746829956606,25.98171587238319,26.56705093383789,92592591
2004-06-08,26.578994905175477,27.268853491770912,26.36994781554895,27.191207885742188,101752440
2004-06-09,27.29573745082171,27.3703964540423,26.83583058826096,26.92542266845703,71929998
2004-06-10,26.811942382662036,26.99709978438766,26.579000727308127,26.740266799926758,49251190
2004-06-11,26.698455352124636,26.698455352124636,25.68307793046374,25.784616470336914,66139259
2004-06-14,25.62334946700854,26.125067353058274,25.35457482002821,25.975746154785156,101537724
2004-06-15,25.987694995270196,27.02696386582592,25.921994236365123,26.91347885131836,95031444
2004-06-16,27.05682746071804,27.22406837067772,26.435656054664374,26.647689819335938,63774783
2004-06-17,26.84180462808886,27.292751658056297,26.22660491433982,27.13447380065918,82664096
2004-06-18,27.1165514539624,27.1165514539624,26.349045593484888,26.56406593322754,68899444
2004-06-21,26.650673251859182,26.752211793844353,25.865249240831552,25.951854705810547,81796551
2004-06-22,25.85032485014264,26.310231839804047,25.683085509698135,25.787609100341797,75524229
2004-06-23,26.011583545224365,26.011583545224365,24.43774882804437,24.56317710876465,155018820
2004-06-24,24.548245830582758,25.414303722274735,24.548245830582758,25.267969131469727,165338710
2004-06-25,25.324709041462544,26.077283441166184,25.270954752821375,25.778642654418945,115239300
2004-06-28,25.71294298617089,26.4565575713368,25.71294298617089,26.38189697265625,76022618
2004-06-29,26.28036619515317,26.713396838187442,25.954848951929662,26.474483489990234,97278354
2004-06-30,26.531217101462637,26.653660358097085,25.56362229645471,25.662174224853516,124211700
2004-07-01,26.244523782009665,26.27438834232298,25.689053170833567,26.193756103515625,69264875
2004-07-02,25.98171828245008,26.184793763331133,25.712942051467575,25.916017532348633,79491426
2004-07-05,25.945882196504588,26.27737417946085,25.63828313742262,25.709957122802734,101090115
2004-07-06,25.72489225282209,26.22063539440075,25.611408825397536,26.184799194335938,82780221
2004-07-07,26.22063539440075,26.45954871288112,25.981723671334866,26.184799194335938,102001830
2004-07-08,26.259452738371404,26.692483237308043,25.56959406526937,25.802534103393555,153627412
2004-07-09,23.891236476477395,26.358007023179997,23.891236476477395,26.21466064453125,63477442
2004-07-12,26.101172248846638,26.280356395471227,25.80850470299887,26.086240768432617,40268231
2004-07-13,25.92199468116691,26.202715820321128,25.596475901330066,25.71294593811035,32930328
2004-07-14,25.868231071774492,25.868231071774492,24.888690004151233,24.966337203979492,95971686
2004-07-15,25.127606051555645,25.348599620976636,24.802087332376605,25.091768264770508,104458217
2004-07-16,25.205254614260703,25.521813524934633,24.984261018978362,25.35158920288086,115001758
2004-07-19,25.44417046032166,25.617381415318924,25.217203611159658,25.312768936157227,86482216
2004-07-20,26.877644802744395,26.877644802744395,25.1455304118076,25.596477508544922,141001963
2004-07-21,25.742810515802876,26.262444960314365,25.677108160315942,25.939912796020508,72609926
2004-07-22,26.51926972322753,27.352477921685605,26.160901429050682,27.170307159423828,146069233
2004-07-23,27.355463105528408,27.994554122137497,27.125512867359003,27.848222732543945,123313696
2004-07-26,27.833289647932794,28.609755398650318,27.480894561535223,28.508216857910156,112749527
2004-07-27,28.669484873178945,28.848669053922915,27.62424594605831,27.779537200927734,218197562
2004-07-28,27.594380692065243,28.370846564317663,27.594380692065243,28.12596321105957,115820133
2004-07-29,28.370841584687014,28.400704546937508,28.02740635090723,28.340978622436523,73375939
2004-07-30,28.376811060431237,29.296624636980848,28.373824445518547,29.201059341430664,99586042
2004-08-02,29.14730287800156,29.62512615532087,28.971105365006,29.51164436340332,99070652
2004-08-03,29.52061290949732,29.85508834496292,29.11147527153554,29.23093032836914,116550393
2004-08-04,29.32648646409155,29.53553354577673,28.88151276754381,29.460874557495117,94400616
2004-08-05,29.678888492054586,30.144768602199374,29.57436333111515,30.043230056762695,88993892
2004-08-06,29.977528995453692,30.04024153537577,29.344411220636392,29.49970245361328,76737417
2004-08-09,29.386223384955464,29.577350828689166,29.03681169651227,29.39816665649414,84287991
2004-08-10,29.448929934717267,29.831191126010847,29.266759184021666,29.66693687438965,65280341
2004-08-11,29.684858669484083,29.79237043486692,28.52314831995442,28.66649627685547,100072219
2004-08-12,28.68142333717117,28.89644365593129,28.149844174659695,28.385770797729492,88750034
2004-08-13,28.490296732225257,28.729210003617375,28.251386651661473,28.484323501586914,103644449
2004-08-16,28.320071156021225,28.750115025297735,28.152833468938898,28.600793838500977,70141579
2004-08-17,33.14908864542442,33.14908864542442,28.433557998030818,28.645591735839844,77742905
2004-08-18,28.478350482517776,28.478350482517776,28.030390139788583,28.10504913330078,61274982
2004-08-19,28.191662773889448,28.47835875282578,28.13790687898527,28.382793426513672,65585819
2004-08-20,28.403690216821094,28.436542984114276,27.624241082318015,27.677993774414062,72789714
2004-08-23,27.713838915896353,27.815374281598938,26.788051825454563,26.952302932739258,113176227
2004-08-24,27.029949972331806,27.39727497764572,26.916464959962045,27.089675903320312,102024265
2004-08-25,27.11655483505656,27.40922082464813,26.904517893240197,27.355464935302734,87848276
2004-08-26,27.534643946715473,27.85418941652057,27.433108609008467,27.516727447509766,91476846
2004-08-27,27.54958336108808,27.677998263394773,27.095649684060987,27.367412567138672,66799917
2004-08-30,27.54062286767321,27.976640031139226,27.54062286767321,27.904964447021484,49092898
2004-08-31,27.955736169971942,28.481345466493284,27.955736169971942,28.409669876098633,74263440
2004-09-01,28.409666201279663,28.633646409486627,28.317087502498882,28.430572509765625,46091600
2004-09-02,28.37083804510289,28.55002217790723,28.114008305637444,28.18866729736328,52386021
2004-09-03,28.239442327678212,28.36487060809145,27.98858576685174,28.299171447753906,54841722
2004-09-06,28.376814188880914,28.663510107138745,28.3439646120477,28.49626922607422,39798145
2004-09-07,28.43654369579648,29.048755157259873,28.43654369579648,28.953189849853516,88353107
2004-09-08,29.08758314150808,29.08758314150808,28.735188002002957,28.830753326416016,57944664
2004-09-09,29.07563199628704,29.11146818553138,28.747126681419935,29.009929656982422,71946537
2004-09-10,28.968121419408302,29.192101599857136,28.797897120432815,29.13834571838379,39998058
2004-09-13,29.320518786248332,29.5534588304199,28.98007016149415,29.323505401611328,61914508
2004-09-14,29.35635468929793,29.436986921644138,28.893464411726416,29.048755645751953,50156729
2004-09-15,29.084592476488787,29.374275025212604,28.932287854458018,29.126401901245117,46630531
2004-09-16,29.1771702389195,29.374274085629242,28.83373500565746,29.31753158569336,48038479
2004-09-17,29.598254849941092,30.46132606352093,29.574361927053367,30.41055679321289,116181307
2004-09-20,30.580783362204787,30.580783362204787,29.8670332915164,29.986488342285156,63388262
2004-09-21,29.92377281985757,30.401596166226387,29.720695743841727,30.31200408935547,70783527
2004-09-22,30.222420076042262,30.25228623685327,29.873011521186626,30.070112228393555,80641944
2004-09-23,29.923771687488703,30.09100937376497,29.744587540527505,29.867029190063477,69288360
2004-09-24,29.864038694147478,30.267202972420144,29.56838616641196,29.795352935791016,80391671
2004-09-27,29.62513444572362,29.705769878482894,29.368304641489765,29.589298248291016,49518324
2004-09-28,29.559438004187882,29.968575673721276,29.50568210767455,29.643056869506836,68248729
2004-09-29,29.696811405622768,30.849562153158377,29.493734292726163,30.71816062927246,114677444
2004-09-30,30.70023978374249,31.043678255133717,30.70023978374249,30.93317985534668,85039650
2004-10-01,30.945123532636796,31.954529355115618,30.595715052097383,31.850004196166992,94983970
2004-10-04,31.835069555579125,32.81461236632423,31.835069555579125,32.62348175048828,79911306
2004-10-05,32.61154548064043,32.719057283353465,32.091912546129144,32.2472038269043,53412698
2004-10-06,32.18747245377486,33.193888565282876,32.18747245377486,32.6324462890625,103549667
2004-10-07,32.844481158169,33.71053912292054,32.68620328253103,33.376060485839844,95659486
2004-10-08,33.447725744553395,33.59704691741433,32.97885911245022,33.116233825683594,57210105
2004-10-11,33.149091278019874,33.34320852979592,32.55479625105327,32.6652946472168,35896923
2004-10-12,32.671271897527696,32.96692454415818,31.841050088848515,31.960508346557617,55923086
2004-10-14,32.07398882754263,32.60556816033875,31.87688494422321,32.42638397216797,62169500
2004-10-15,32.62945556640625,33.262573349598725,32.37560921556168,32.62945556640625,81406066
2004-10-18,32.79071915281476,33.178953611638335,32.61153499976643,32.89225769042969,58737538
2004-10-19,33.04157540744125,33.62093722865897,32.96989983926124,33.43876647949219,77133714
2004-10-20,33.86582240439246,33.86582240439246,32.6503562005902,32.73994827270508,102341073
2004-10-21,32.79968601581748,33.023666255046365,32.05009966608587,32.20539093017578,85962610
2004-10-22,32.20539093017578,32.20539093017578,32.20539093017578,32.20539093017578,0
2004-10-25,32.25317288716959,32.49208620072142,31.906750975641113,32.062042236328125,119406508
2004-10-26,35.83685065437131,35.83685065437131,32.082940335338144,32.95497131347656,89558592
2004-10-27,33.00276241921872,33.08936789712161,32.14566429690171,32.28900909423828,152264923
2004-10-28,32.429372110945614,32.76086415096035,32.0501005966152,32.1695556640625,118056469
2004-10-29,32.312901698777175,32.492085884489896,31.49163978398424,31.605121612548828,77086687
2004-11-01,31.769368527445845,31.93361959590426,31.399053778805513,31.646926879882812,68538803
2004-11-02,31.894792515017055,32.58166603884274,31.894792515017055,32.45623779296875,71018031
2004-11-03,32.54583481416783,32.63542688785316,32.14267048258385,32.474159240722656,62216919
2004-11-04,33.08936696784373,35.06039297498544,32.02620514526254,32.0919075012207,85779153
2004-11-05,32.31289736402922,32.47714844862212,32.04412112151624,32.27407455444336,44382852
2004-11-08,32.49208373309878,32.81162926857232,32.31289955925034,32.393531799316406,58939551
2004-11-09,32.54584304461794,32.584665860922314,32.16656834771625,32.253173828125,45152968
2004-11-10,32.34873414193536,32.64140331306147,32.34873414193536,32.51298522949219,50998492
2004-11-11,32.65333913383244,32.95496808254913,32.34872676115457,32.60555648803711,80185036
2004-11-12,32.850449198246885,32.96691762469708,32.3427596866153,32.584659576416016,17702509
2004-11-15,32.584659576416016,32.584659576416016,32.584659576416016,32.584659576416016,0
2004-11-16,32.67126538361433,32.67126538361433,32.10384674969918,32.542850494384766,68620518
2004-11-17,32.61153426042114,32.781758563792195,32.32782496091723,32.47714614868164,49323579
2004-11-18,32.55181497656705,32.82656129565933,32.16955367899717,32.59661102294922,96953003
2004-11-19,31.98439913653582,32.4323596406193,31.25272924958974,31.497615814208984,123713592
2004-11-22,30.986933292567198,32.181496522272084,30.401598139627215,31.808195114135742,189682670
2004-11-23,31.83507902183517,31.978427026337098,31.184044555445833,31.554359436035156,117157022
2004-11-24,31.655891534329093,31.655891534329093,30.44341164029548,30.768930435180664,115179292
2004-11-25,30.46133088436881,31.258699877028388,29.870022430085356,30.064136505126953,247558475
2004-11-26,30.064136505126953,30.064136505126953,30.064136505126953,30.064136505126953,0
2004-11-29,29.744585083643255,30.640505744446745,29.087574471835424,30.44937515258789,284858794
2004-11-30,30.58078670972048,31.279606969826784,30.527030814200156,30.882415771484375,158185245
2004-12-01,31.237788881701487,32.06203401823544,31.237788881701487,31.50656509399414,86882028
2004-12-02,31.721589753483865,32.49208230534113,31.3632214215343,32.37262725830078,145983386
2004-12-03,31.07353563788784,32.72501896153849,31.07353563788784,32.474159240722656,104307894
2004-12-06,32.49209147323064,32.6712756897636,31.5752640762499,31.71263885498047,75261674
2004-12-07,31.960507534483323,31.960507534483323,30.55092374146651,30.882415771484375,106320902
2004-12-08,31.11833849674778,31.357251809227915,30.225404179316165,30.32992935180664,104018899
2004-12-09,30.347841154921376,30.7599653585484,29.86404456406721,30.592727661132812,94423541
2004-12-10,30.64050968168848,30.64050968168848,29.604227558755298,29.816261291503906,132904782
2004-12-13,29.804315508445214,30.16268382697059,29.048756062331332,30.004405975341797,137602477
2004-12-14,29.983499571163875,30.341871079363724,29.62513125379241,30.210466384887695,85411957
2004-12-15,30.204499756353755,30.204499756353755,29.404140991778384,29.571378707885742,97643799
2004-12-16,29.56540875328839,29.681880396994597,29.150301032716513,29.33247184753418,99023093
2004-12-17,29.266764205673084,29.607216036437848,28.588850350468253,28.702335357666016,161103721
2004-12-20,28.968129431295242,29.189123057737728,28.197636759285917,28.70831298828125,295404841
2004-12-21,28.87852850538336,29.36829827296553,28.753100246154034,28.968120574951172,154198974
2004-12-22,29.144321137376163,29.79237199719649,28.97111021026469,29.568391799926758,135207331
2004-12-23,29.786401793109253,30.416533024844725,29.71472620820291,30.24033546447754,121328109
2004-12-24,30.75996433662055,31.39905533300573,30.48222826139283,31.261680603027344,131770663
2004-12-27,31.058608922006325,32.67126641289574,30.2433203301132,30.87643814086914,260987301
2004-12-28,31.055612774138577,31.59615172066845,30.974977371681984,31.509546279907227,107505941
2004-12-29,31.6081105406349,32.17851591348917,31.452819270099045,31.745485305786133,97058344
2004-12-30,31.897787722730627,32.18448366838548,31.130281776285546,31.24376678466797,94488003
2004-12-31,31.730547353159647,32.00529681364355,31.39308216269396,31.87687873840332,66972340
2005-01-03,32.217330351534734,32.55180892472407,31.882851778345398,32.48311996459961,96188867
2005-01-04,32.85045381915481,32.85045381915481,31.632000734342363,31.730552673339844,73639782
2005-01-05,31.416982897292947,31.86195677588447,30.828661022260132,31.65290641784668,112450407
2005-01-06,31.53643888995315,32.04412852900286,31.193000373465473,31.428930282592773,91978134
2005-01-07,31.95453063469152,32.713076744234286,31.50955682372273,32.38755798339844,108134977
2005-01-10,32.56076651609575,32.72502078756957,31.721588229971847,31.903759002685547,74712197
2005-01-11,31.95452987275949,31.95452987275949,31.24376643838324,31.40204429626465,59161157
2005-01-12,31.596169556622584,31.655895500004235,30.765947673490206,30.95110511779785,104515537
2005-01-13,31.357244332168026,31.402040368149738,30.969013083935884,31.0645751953125,79849238
2005-01-14,31.27661580967946,31.27661580967946,30.527026378870403,30.69426727294922,70329448
2005-01-17,30.75996599774181,30.939150160361503,30.126848197708437,30.553905487060547,70620236
2005-01-18,30.646490275753823,31.201959375794708,30.39264386769702,30.512102127075195,89287341
2005-01-19,30.70023423398539,30.963040415228633,30.5329965475082,30.68231773376465,45571602
2005-01-20,30.467305435841297,30.759971464412875,30.11491027883859,30.55092430114746,51300805
2005-01-24,30.670376015223194,31.13924276188282,30.19852584375564,30.264225006103516,93907843
2005-01-25,30.216439763167642,30.455353039524688,29.77146597964716,29.959609985351562,114963988
2005-01-27,30.168666326987445,30.640519793130398,30.085047452416905,30.228395462036133,96741397
2005-01-28,30.28213691443366,31.264663008038678,29.26675805727243,31.1929874420166,79472072
2005-01-31,31.357248524067728,31.924663992079957,31.2198737826374,31.793262481689453,85855126
2005-02-01,31.888831694887717,32.67127081266793,31.658878225886774,32.42937088012695,112269960
2005-02-02,32.50402426106419,32.692165056591804,31.667829475222938,31.867919921875,68624103
2005-02-03,32.24122847195382,32.45625206322458,32.01426160736842,32.30991744995117,46163680
2005-02-04,32.49208827158704,32.55181740148903,31.799241213542967,32.082950592041016,55698469
2005-02-07,35.70545010530413,35.70545010530413,31.575251703624335,31.676790237426758,36173762
2005-02-08,31.775338272120962,32.059044341898385,31.596154147702475,31.88284683227539,50453651
2005-02-09,31.909739625237272,32.28304110317375,31.897793161091055,32.082950592041016,36176185
2005-02-10,32.127746806096866,32.53389787168384,31.766391790458236,32.402496337890625,49713070
2005-02-11,32.495068814503504,32.96990557645158,32.43832631124289,32.69515609741211,77901211
2005-02-14,32.96392813897804,33.0445635557758,32.18447903350051,32.4651985168457,53840435
2005-02-15,32.471180601338794,32.471180601338794,31.984397306858543,32.20539093017578,47321985
2005-02-16,32.1964334917837,32.48611611191761,31.78132256646128,31.957523345947266,50273330
2005-02-17,32.01425145424284,32.118776600692776,31.66484301548426,32.00529479980469,47137365
2005-02-18,32.014254491554865,32.42040865553298,31.72158852088806,31.90674591064453,60691531
2005-02-21,31.909731750683203,32.181494597970506,31.751450712293085,31.92466163635254,46948572
2005-02-22,31.894799683553902,32.33380023819456,31.77833125567134,32.22629165649414,59620726
2005-02-23,32.235249471119324,32.85044753192353,32.235249471119324,32.74890899658203,77989467
2005-02-24,32.86835763009403,33.05948820272453,32.58763819122402,32.67125701904297,69616806
2005-02-25,32.850452541807186,32.904208432881845,32.145662299000186,32.26213073730469,55788518
2005-02-28,32.265114532054234,33.447731268986644,32.00529813720908,33.223751068115234,106164094
2005-03-01,33.298407952642435,33.298407952642435,32.52194224208625,32.7041130065918,68262594
2005-03-02,32.671266211085765,32.966918806257844,32.52493162581766,32.82954406738281,72767349
2005-03-03,32.862404074018166,33.59706058677098,32.862404074018166,33.36412048339844,90881098
2005-03-04,33.42086217973803,34.24809746931941,33.42086217973803,34.16746520996094,121987730
2005-03-07,33.1610292269579,35.266445918139475,33.1610292269579,35.05440902709961,101548550
2005-03-08,35.16789642861564,35.457575753196785,34.773688767922216,35.30527114868164,101433671
2005-03-09,35.54418763133061,35.88165285778202,34.88419344723214,35.11116027832031,106666278
2005-03-10,35.12012434892738,35.657676930760914,34.911073995439445,35.478492736816406,75587613
2005-03-11,35.59794024702158,35.88463617281466,34.97079570132403,35.117130279541016,82768457
2005-03-14,35.07829675617846,35.353046136764725,34.40635318592622,34.58255386352539,49492780
2005-03-15,34.64229175477949,34.88717826683177,33.99722749103612,34.09577941894531,70095617
2005-03-16,34.10772829641165,34.51089269209851,33.90166777050318,34.30184555053711,59880508
2005-03-17,33.985284824663786,34.33170669540069,33.343207164939884,33.59705352783203,65083999
2005-03-18,33.44772564182259,34.27794395765878,33.15804314171112,34.15550231933594,67256937
2005-03-21,34.22418716431243,34.45115391516407,33.32826342823572,33.42980194091797,38254691
2005-03-22,33.39397435351461,33.483566431102226,32.318869422463194,32.53388977050781,66773281
2005-03-23,32.492086175230085,34.03904469416755,32.21136343088054,33.014705657958984,191023424
2005-03-24,33.14908484462204,33.88971432058745,33.14908484462204,33.44772720336914,113013930
2005-03-28,33.567193819858886,34.242121188821756,33.537330850006605,33.81208038330078,56543733
2005-03-29,33.865823868586595,33.91957975234529,32.55777892099024,32.799678802490234,66827170
2005-03-30,32.73099407867825,33.131175047993075,32.199414784457645,32.441314697265625,81073602
2005-03-31,32.557782336342704,33.05352542153784,32.465203635387844,32.614524841308594,88299330
2005-04-01,33.26854714093714,33.84193581756495,32.72502142751201,33.72248077392578,70413811
2005-04-04,33.86583139389064,33.95841010570573,33.393981177888705,33.74936294555664,48299339
2005-04-05,33.8031156665252,34.033069116506816,33.06248604156324,33.21180725097656,54556466
2005-04-06,33.3282734449965,34.21822421946787,33.3282734449965,34.14057540893555,61530703
2005-04-07,34.21822823861773,34.457138356664764,33.659769376254395,33.77325439453125,51138382
2005-04-08,33.865824571954654,33.92555368746354,33.05352264067844,33.259586334228516,47054753
2005-04-11,33.26855156363307,33.26855156363307,32.55181482485876,32.69217300415039,26125348
2005-04-12,32.74294191728228,32.99081507179001,32.55181446234545,32.77280807495117,46659100
2005-04-13,32.91017831456483,33.01768689494308,32.43235176567803,32.584659576416016,28987919
2005-04-15,32.48611037731185,32.48611037731185,31.419965185166838,31.640958786010742,54798014
2005-04-18,31.47670173284637,31.47670173284637,30.759965103211023,30.972002029418945,62412014
2005-04-19,31.297514998601923,31.685749434908587,30.580778427978043,30.700233459472656,50673926
2005-04-20,30.8555398036183,31.772367177120316,30.76594769764615,31.65888214111328,60793889
2005-04-21,31.536436263030296,32.61154139205496,31.357252074859517,32.42638397216797,85251326
2005-04-22,32.67125932641334,32.8384969938622,32.02619519364229,32.70112228393555,77975210
2005-04-25,32.55180785769697,32.778771464957536,32.22628914095437,32.653343200683594,48498327
2005-04-26,32.372626321733975,32.892259111696035,32.31887043533104,32.68022537231445,54222699
2005-04-27,33.14908156417687,33.41785774595425,31.852983300327782,32.19343185424805,187602973
2005-04-28,32.241220082776984,32.850448114807634,31.855975431844335,32.48311996459961,105195802
2005-04-29,32.86239730989721,32.86239730989721,31.36322162257824,31.539419174194336,52691821
2005-05-02,31.626028746445872,31.984397127199095,31.336346149616837,31.885845184326172,43024214
2005-05-03,31.835077408528846,32.432359134937116,31.390103527465847,32.30991744995117,48375663
2005-05-04,32.372627270892266,32.551811436936745,32.07398486693246,32.33380126953125,29381639
2005-05-05,32.41742339992632,32.69515952354822,32.20538963288513,32.321861267089844,24326384
2005-05-06,32.25316621294202,32.88031073926371,32.25316621294202,32.79669189453125,64922192
2005-05-09,32.80565029459024,33.1460988889741,32.62347953701204,33.05352020263672,44323347
2005-05-10,33.07443005279322,33.193885096973226,32.44131225606517,32.50701141357422,31828111
2005-05-11,32.37263336820143,32.69814899121808,32.2322687954236,32.402496337890625,43816108
2005-05-12,33.03927521594893,33.13106792581174,32.718000731429115,32.98725891113281,51668659
2005-05-13,32.95360322204782,32.9841997029787,32.67822508605765,32.815914154052734,24848524
2005-05-16,32.89240683088244,33.26875760207798,32.89240683088244,33.06069564819336,33790996
2005-05-17,33.16779132286971,33.27182067489579,32.12441167369052,32.18560791015625,50494417
2005-05-18,32.31105720812648,32.5313590833281,32.01120251366955,32.40896987915039,62603483
2005-05-19,32.4946401081353,32.73942176655483,31.98366023511184,32.084632873535156,42422193
2005-05-20,32.12746186978955,32.24373435676217,31.552225922037373,31.849023818969727,59314715
2005-05-23,32.066282812380855,32.61398255327183,31.94389358041023,32.50382995605469,28727787
2005-05-24,32.62621330123947,32.78532221637768,32.22538594176318,32.49464416503906,51323478
2005-05-25,32.3110519684833,32.678222790679435,32.15806303616696,32.47322082519531,56454483
2005-05-26,32.49464413987488,32.64763310401955,32.22232594137235,32.45792770385742,108808070
2005-05-27,32.500764989212215,33.008684964241006,32.39367238442997,32.509944915771484,58721979
2005-05-30,32.525239922330364,32.72106526913211,32.127472547193214,32.23762512207031,31958688
2005-05-31,32.249858526478086,32.91688732130745,32.09075290002977,32.73942184448242,75922486
2005-06-01,32.92300865104974,33.30241942110103,32.800616181817816,33.10659408569336,61706710
2005-06-02,33.290177630196276,33.36973044223721,32.34471073394053,32.42426681518555,53623380
2005-06-03,32.3110497653359,34.012274676792615,32.3110497653359,33.8501091003418,131507128
2005-06-06,33.90212448326693,34.642586006763224,33.596146647763824,33.798091888427734,87661891
2005-06-07,33.77973803808466,34.01227979589912,33.35137422306128,33.525779724121094,58967210
2005-06-08,33.73690666106757,34.26930643757794,33.65735383636306,34.17445373535156,72495426
2005-06-09,34.31825897421468,34.49878443215332,34.06735735667725,34.21116638183594,56698538
2005-06-10,34.33049730758833,34.844537199603614,34.33049730758833,34.67013168334961,88373329
2005-06-13,34.69154453461209,36.71098745229787,34.309077083687185,34.856773376464844,45665964
2005-06-14,34.942440175042165,35.18722178645853,34.563029494647665,35.129085540771484,46370063
2005-06-15,34.743562271367004,35.309615114934644,34.743562271367004,35.184165954589844,48590532
2005-06-16,35.30961885662518,36.411134719815486,35.248425891984326,36.12045669555664,115223307
2005-06-17,36.10515425418268,37.056741074895655,35.7379834156116,36.73240661621094,126440530
2005-06-20,38.24698280149118,39.5137207701709,37.71764314774562,38.58355712890625,337512174
2005-06-21,38.67535280183043,39.654472843574645,38.00220409527685,39.541263580322266,230734168
2005-06-22,39.34850777789052,40.38882430038466,39.287311534495075,40.05531311035156,179770966
2005-06-23,40.03388906485705,40.08590537588447,39.57492546073784,39.8135871887207,89786122
2005-06-24,39.715673751390526,40.297026548995724,39.35156285042455,40.06142807006836,90283194
2005-06-27,39.65447560704525,41.30674773969175,39.48619005328121,39.694252014160156,174238637
2005-06-28,41.000772236426386,41.000772236426386,38.37855976614757,38.525428771972656,140205952
2005-06-29,38.79774616058315,39.593284140575705,38.718193343345185,39.27812957763672,123681858
2005-06-30,39.65447210147844,39.96962989384373,38.959906852909384,39.320960998535156,100769540
2005-07-01,39.34850507884747,39.470894288038544,39.01499064248648,39.17103958129883,49208211
2005-07-04,39.28730838781873,39.746275272716986,39.10372294154122,39.43417739868164,53426086
2005-07-05,39.40970035952321,39.654478771951865,38.94767677436825,39.045589447021484,65828880
2005-07-06,39.00275126281891,39.59328397764784,39.00275126281891,39.483131408691406,47018524
2005-07-07,39.25059442316404,39.25059442316404,37.286230678182115,37.57078552246094,122340039
2005-07-08,38.430576986344896,38.430576986344896,37.63503897119874,37.959373474121094,77600621
2005-07-11,37.827795002412955,38.92012747262791,37.827795002412955,38.79161834716797,57751866
2005-07-12,38.852820609444116,39.409696842205385,38.5866191241497,39.060882568359375,71883881
2005-07-13,39.164911636007005,39.250584391873446,38.49788289944082,38.6110954284668,38361489
2005-07-14,38.65393367361109,39.584100672300124,38.00832472942675,39.25670623779297,117997062
2005-07-15,39.34850182895187,41.000770727986485,39.34850182895187,40.79576873779297,99419446
2005-07-18,40.817180714309636,41.17517488429022,40.27866437573257,40.498966217041016,109784920
2005-07-19,40.63359395913426,41.110917323868165,40.456128502021436,40.673370361328125,74060628
2005-07-20,40.7559855606523,41.79630175307897,40.7559855606523,41.557640075683594,81588474
2005-07-21,41.36793816047017,41.99825049297364,41.04054372916691,41.50563049316406,69635530
2005-07-22,41.61272316927729,42.310348467825946,41.49951389594854,42.19713592529297,53589574
2005-07-25,42.31034307483844,42.5734812898826,41.894215928878374,42.07474136352539,77096196
2005-07-26,41.91869268399288,42.37153622512193,41.62495474256689,42.295040130615234,61723656
2005-07-27,42.37765993189754,43.13648143847077,42.18795782445836,42.76625061035156,105898221
2005-07-28,187.09274291992188,187.09274291992188,187.09274291992188,187.09274291992188,0
2005-07-29,42.71423155111759,43.5648457161434,42.40825694968303,43.0416259765625,106627570
2005-08-01,43.020215430016414,43.44245932743793,42.622444796474,43.310890197753906,62404620
2005-08-02,43.56484741750256,45.67913974399917,43.5097711371004,45.373165130615234,127336266
2005-08-03,46.49609770736777,46.50221765735306,43.48835478786095,43.72395324707031,366024503
2005-08-04,43.87694212235317,46.24213605866375,43.87694212235317,44.6235237121582,202590728
2005-08-05,44.67248521022607,45.278317828275,44.20434167495169,44.41240692138672,112590409
2005-08-08,45.88414350510293,48.894946287830294,43.27110803381637,43.52812957763672,155661566
2005-08-09,43.693354994110635,44.35426379685828,42.99572976214455,43.30476760864258,124684979
2005-08-10,44.04217060235335,44.22269604834589,43.39961835980546,44.02687072753906,102268684
2005-08-11,44.222703680846486,44.64189090027035,43.632167641541145,43.913665771484375,92569484
2005-08-12,44.0482938796176,44.22575936405274,42.96819782783248,43.09364700317383,90467352
2005-08-16,43.112004634883526,43.44857573526272,42.659157752322464,42.82438659667969,72875687
2005-08-17,42.83663190862165,43.93814460001381,42.53065398154304,43.75149917602539,98007171
2005-08-18,44.06053241741102,45.52921595953688,43.157905080214306,43.34761047363281,121478124
2005-08-19,45.89638381428585,45.89638381428585,43.02938674846745,43.18849563598633,90752944
2005-08-22,43.430225673570106,43.66888741622005,42.506178457928385,42.79379653930664,70989812
2005-08-23,43.14259666906529,43.23438937228962,41.799362573428255,41.92787170410156,92582004
2005-08-24,42.04110084597242,42.65305353239349,41.80243906942385,42.521484375,96855547
2005-08-25,42.8060242465334,42.88558032363141,42.40519696300121,42.61326217651367,100857642
2005-08-26,42.80296821869242,43.07528966012581,42.4449772809534,42.7601318359375,50759283
2005-08-29,43.203790279386745,44.36649887292361,42.41131245106017,42.858036041259766,63972553
2005-08-30,43.02021772473094,43.436344962981245,42.77849601026686,43.30171585083008,62999919
2005-08-31,43.57097528273945,44.29001722595761,43.34149346371188,44.02381896972656,93999740
2005-09-01,43.999335086032104,44.6388240969699,43.999335086032104,44.47053527832031,74764182
2005-09-02,44.36650810825632,44.831591642482856,44.06665015654521,44.70307922363281,69581739
2005-09-05,44.79488190164693,45.1192164576601,44.5623400828223,44.693912506103516,52224536
2005-09-06,44.67248357477009,44.972341532077046,44.397105419302555,44.605167388916016,43420875
2005-09-08,44.91726610166159,45.62100811066396,44.877489692120136,45.20182418823242,74357032
2005-09-09,45.284433855014456,45.59040847826563,44.95397943114886,45.385406494140625,57343021
2005-09-12,45.60570613945711,46.135042571594404,45.53838996023987,46.04936981201172,52799613
2005-09-13,46.0799724603672,46.4746798281066,45.893327054818045,46.03713607788086,76416716
2005-09-14,45.896383669706836,46.2635545036818,45.073305998955924,45.342567443847656,59383645
2005-09-15,45.37622753280609,46.75005829534914,44.98457686828905,46.55729293823242,76116756
2005-09-16,46.75006367327996,46.988725415774155,46.26050355552092,46.75618362426758,54661723
2005-09-19,47.38954326297951,51.4039491528464,46.38594342511475,46.76535415649414,53922696
2005-09-20,46.81431821654878,47.793438417078264,46.26356187779927,47.60679626464844,135365077
2005-09-21,47.73224499863952,48.038219649775215,45.89639055341646,47.86993408203125,160400406
2005-09-22,47.97701881148639,47.97701881148639,45.896383025115064,46.168701171875,117798830
2005-09-23,46.99789915304252,46.99789915304252,45.22935778029649,45.758697509765625,147985891
2005-09-26,45.896389072682474,47.946425380640704,45.896389072682474,47.74754333496094,90435660
2005-09-27,48.33807427487405,48.71136508880187,47.73530167117129,48.2218017578125,99754361
2005-09-28,48.34419548687922,49.17950987730144,48.03821757972421,48.98368453979492,97726775
2005-09-29,48.95613860583016,49.77615628620842,48.95613860583016,49.46406173706055,99975589
2005-09-30,49.32331332198276,49.561975016402634,47.79343049779362,48.561431884765625,120956922
2005-10-03,48.038214782071705,49.127490706611184,48.038214782071705,48.604270935058594,67338023
2005-10-04,48.71136915334835,49.5007872298852,48.60733652818195,49.36309814453125,60690606
2005-10-05,49.445707266323204,49.56197978444351,48.83681470678811,49.08159637451172,53923117
2005-10-06,48.95614210723204,48.95614210723204,48.1544874877562,48.39620590209961,83636940
2005-10-07,48.64710029102195,48.64710029102195,47.46909506789642,48.246273040771484,111805490
2005-10-10,48.283000173139584,48.52166189913023,47.75060043528286,47.91276931762695,52026164
2005-10-11,48.16060647555389,48.39314822928143,47.24267936063046,48.270755767822266,53107808
2005-10-13,48.08105167506484,48.521658663482256,47.30999353183954,47.44156265258789,84604085
2005-10-14,47.426271005662976,47.5731367479554,46.600133224643415,46.74394226074219,102288851
2005-10-17,47.573131608219676,47.72000060384906,46.450202488536846,47.18148422241211,87172339
2005-10-18,47.570073833311305,47.81791547922405,45.80459563664855,46.29109573364258,87963924
2005-10-19,45.90556088995078,46.373704362869034,44.978453868917356,45.73115539550781,122569754
2005-10-20,46.20235975890081,46.86938853895473,45.103907196592,45.783172607421875,106523223
2005-10-21,46.14116605256071,47.303874884171655,45.48332043070551,47.1937255859375,133090971
2005-10-24,47.13252950064137,47.453804009278976,46.1411661981799,46.33087158203125,68344505
2005-10-25,46.572595658926765,47.695528143663964,46.511399421556625,46.97342300415039,70279578
2005-10-26,47.11416569954083,47.42014357586904,46.590949219434485,46.72557830810547,59117043
2005-10-27,46.875508901416254,47.10805067328042,45.59959076600088,45.91474533081055,148738838
2005-10-28,46.20236935971433,46.425731234743694,45.131453080620986,45.382354736328125,86146124
2005-10-31,45.13144761563868,46.80819636694338,45.13144761563868,46.66132736206055,66613295
2005-11-02,46.73782124300559,47.69552813666868,46.309457389090646,47.591495513916016,72144349
2005-11-04,47.591495513916016,47.591495513916016,47.591495513916016,47.591495513916016,0
2005-11-07,46.80819458663966,48.38703060797299,46.80819458663966,48.2218017578125,71521727
2005-11-08,48.6501650910773,48.6501650910773,47.885226940745255,48.371726989746094,60874064
2005-11-09,48.4665861659227,49.011222541914435,48.16673146927729,48.41456985473633,59545592
2005-11-10,48.55225818701729,48.67159068413372,47.921949050283885,48.0810546875,45070188
2005-11-11,48.160612200308556,49.21622850794948,48.160612200308556,48.674652099609375,70424608
2005-11-14,48.6501647875637,49.13972480841752,48.1055284879279,48.861289978027344,44978599
2005-11-16,49.017338922478544,50.11885149550419,49.017338922478544,50.02400207519531,80866742
2005-11-17,44.97845685346212,50.91133018676482,44.97845685346212,50.74916458129883,83636814
2005-11-18,50.91132742744435,51.09797282389372,50.400347568437255,50.556396484375,52042255
2005-11-21,50.54721462655701,51.027597986682835,50.2290001261108,50.73386001586914,72091861
2005-11-22,50.767527072073364,51.339699952868074,49.87407640036898,50.13721466064453,96006908
2005-11-23,50.24124130221898,51.030659258287415,50.097432288012335,50.91438674926758,80664015
2005-11-24,50.97558458774935,51.917991512568356,50.97558458774935,51.654850006103516,82044219
2005-11-25,51.771121579407854,51.771121579407854,51.180588909198775,51.56611633300781,65803378
2005-11-28,51.77112470302472,52.01590310043931,51.57223939457166,51.887393951416016,52587586
2005-11-29,51.96695091234539,52.985847465437885,51.44067113754429,51.90269470214844,113205258
2005-11-30,52.02814189029967,52.34941639060099,50.736923938909044,50.95722579956055,88891688
2005-12-01,50.97559170546641,51.60590088057229,50.807302862991094,51.37641906738281,85128004
2005-12-02,51.5263421743084,51.96694916685039,51.097975082193614,51.36723327636719,56707221
2005-12-05,51.83232155746852,52.13217953022957,51.15917601025667,51.419254302978516,53802777
2005-12-06,51.52634117647159,51.82007916581118,50.791999472326715,51.2050666809082,70506198
2005-12-07,51.40395982264768,52.00979247481355,50.73081097837244,51.615081787109375,73922461
2005-12-08,52.01591720419655,52.150546340039604,51.11328967193002,51.78031539916992,66309469
2005-12-09,51.40395945898806,52.92771937056333,51.40395945898806,52.83286666870117,90717219
2005-12-12,53.001146359736985,53.44787004001848,52.630915519869596,52.82368087768555,37374178
2005-12-13,52.98891175120721,53.515188267146584,52.585021169239184,53.33772277832031,56156161
2005-12-14,53.24898853699482,53.44787057791389,52.383074405685015,52.747188568115234,55358288
2005-12-15,52.872636288164564,52.92771257075135,51.34887657235213,51.72522735595703,73842272
2005-12-16,52.015907850691256,52.260689539664284,51.5324676928246,51.976131439208984,67600031
2005-12-19,52.26069529638453,52.71965897051279,52.26069529638453,52.453460693359375,34209980
2005-12-20,52.61562039132491,53.037867577684466,52.15359679359304,52.29434585571289,50743906
2005-12-21,52.38918613550985,52.83591301939416,51.957762394347036,52.637027740478516,52644388
2005-12-22,52.872636357321966,53.22450734059113,52.21172750382429,52.3800163269043,80228450
2005-12-23,52.32188647152188,52.627861134883375,51.41619584493999,51.581424713134766,81345567
2005-12-26,51.403952740253054,51.52022198616206,50.60841479262935,50.95722579956055,74546889
2005-12-27,51.09797908413087,53.233691492553646,50.67879188450622,53.050106048583984,82522974
2005-12-28,53.23981422443716,54.457599476627415,53.117425011798716,53.39280319213867,151772052
2005-12-29,53.117414070765555,54.76968281247382,53.117414070765555,54.53102111816406,127220281
2005-12-30,54.95327971969485,55.127691796067815,54.173044762406626,54.42088317871094,69291357
2006-01-02,54.64729764200536,55.19805392972591,54.472888868863855,54.944095611572266,51281633
2006-01-03,55.04505961725715,56.538222795134295,54.83088098357064,56.299564361572266,68687753
2006-01-04,56.36075597704294,57.278683066375244,56.299563017223434,56.9023323059082,60512596
2006-01-05,57.0951124312385,57.27869789663782,56.29957759397796,56.40361022949219,74344078
2006-01-06,56.40360673684574,57.00025619324277,55.87732364045599,56.3424072265625,89054027
2006-01-09,56.483146186802934,56.636131849466146,55.45506657999143,55.69678497314453,87383441
2006-01-10,55.6264221360274,55.68762164286981,54.3566239067714,54.71461486816406,134444371
2006-01-12,52.81756339712491,54.8920795336068,52.81756339712491,54.27095031738281,275574236
2006-01-13,54.46065006158653,54.8920738415401,54.03840293736495,54.16691207885742,141888428
2006-01-16,54.34130936353143,54.34130936353143,52.88486610831273,53.42032241821289,215346951
2006-01-17,53.56107995728594,57.33988428038224,53.36525463391432,56.81972122192383,632289604
2006-01-18,56.8197318972118,71.24749713151624,56.8197318972118,67.94664001464844,533724706
2006-01-19,68.5637036498133,71.46786843189109,67.72134744114399,69.00447082519531,89000074
2006-01-20,69.24932825163268,69.48440360017621,68.75958848703425,68.9750747680664,33771785
2006-01-23,68.75961102735565,69.15140558283271,67.97602191640152,68.79389190673828,36528785
2006-01-24,69.54318342853006,69.93497792670335,67.4813748529657,67.9221420288086,98982821
2006-01-25,68.17190981543217,68.54411524577037,67.09448474371011,67.42750549316406,117047947
2006-01-27,68.06416355915061,68.87712955473368,68.05436902444748,68.43146514892578,54941663
2006-01-30,68.56370534653104,70.34636316322114,68.56370534653104,69.64603424072266,63495319
2006-01-31,69.3864736047344,70.50307685340418,69.3864736047344,69.92518615722656,54326385
2006-02-01,69.99375769039816,70.40514133340396,68.66166138847908,69.03386688232422,43206477
2006-02-02,69.53339667369427,70.12108848671616,68.66165675999584,69.41096496582031,43943959
2006-02-03,69.24934795651991,69.24934795651991,68.07397087934898,68.2306900024414,30004832
2006-02-06,68.07397400932737,70.79203648581304,66.94756956307901,70.55696105957031,83346920
2006-02-07,70.57654571533203,70.86549107694809,69.20037412350226,70.57654571533203,59512226
2006-02-08,70.51775806482767,70.71855255946288,69.93497018822983,70.17984008789062,59064976
2006-02-10,70.0329282469157,70.87038724806916,70.0329282469157,70.48348999023438,45202538
2006-02-13,70.03292795523595,70.62061974171166,70.03292795523595,70.20923614501953,27743423
2006-02-14,70.03292323979049,70.94873846529246,69.74887517106994,69.9545669555664,57810973
2006-02-15,69.74886097140042,70.41490886693397,68.22087450965307,68.73999786376953,67014266
2006-02-16,68.74000321173544,69.48440743345567,67.98090065016378,68.27474975585938,35513864
2006-02-17,68.85753369847596,69.29830079348868,67.58421162053361,67.89274597167969,40528581
2006-02-20,67.97602469671094,68.9016346315375,67.4862847515382,68.76451110839844,28227011
2006-02-21,68.76450087482951,69.1513981200697,68.00540472662179,68.34332275390625,29401892
2006-02-22,68.49025101051156,69.10242261455724,68.36781276665711,68.95060729980469,25688530
2006-02-23,69.05343561118667,69.23464103607428,68.07885328432579,68.59797668457031,54348189
2006-02-24,68.7595961852011,69.28851414403871,68.46574706281774,68.84284973144531,21010408
2006-02-27,68.85753434760447,69.1366851001689,68.26984924098537,68.573486328125,47238261
2006-02-28,68.93100005941497,70.0231167377858,68.10333579510731,69.43053436279297,67553448
2006-03-01,69.34728751779208,69.92518474067106,68.76939683332147,69.37178039550781,39579019
2006-03-02,69.54318177847098,70.42471610924049,69.24933918101716,69.85172271728516,33440448
2006-03-03,70.0329187272092,70.32676785093179,69.37177454485291,70.10638427734375,36620586
2006-03-06,70.2288209299305,71.88414321342061,70.2288209299305,71.71763610839844,53639371
2006-03-07,71.82537318838746,72.48162666242338,71.4041950977071,71.74701690673828,47205302
2006-03-08,71.79600309285698,71.79600309285698,69.70481058716587,70.51288604736328,61494358
2006-03-09,70.9144587326762,71.37481498672098,69.69010907992146,71.1838150024414,40411075
2006-03-10,71.60009725700272,72.27593984786091,71.22300108726292,71.64417266845703,30233677
2006-03-13,71.64908131400048,72.60408140586999,71.60010862683012,72.02618408203125,34700724
2006-03-14,71.89394730483392,73.11830364671201,71.41889918878341,72.72650909423828,32703088
2006-03-16,72.97137382384274,75.42007979364972,72.72650388070291,75.27315521240234,77186860
2006-03-17,75.42008146260966,76.59056125516932,74.74423883537001,75.91471862792969,55913414
2006-03-20,76.07633089459053,76.39955711688187,75.46905005510033,76.20855712890625,21719690
2006-03-21,76.39955099590125,77.86877702833485,75.86083848910677,76.4436264038086,38242210
2006-03-22,76.68849493244964,77.03621399868995,74.30346029696562,75.6649398803711,44707366
2006-03-23,76.54647805658048,76.83542338958026,75.28784102596124,76.1399917602539,33847162
2006-03-24,76.0077400923333,76.88927421363718,76.0077400923333,76.61502075195312,24725660
2006-03-27,76.9872513589997,78.13324478527731,76.9872513589997,77.80511474609375,26706864
2006-03-28,77.86877417098873,78.06466486561105,77.14395244725537,77.46228790283203,16031818
2006-03-29,77.9667291170094,78.14303730228299,77.1096810688923,77.74634552001953,16167392
2006-03-30,77.96674628517952,79.0343836294418,77.18316362245423,77.93736267089844,28515650
2006-03-31,78.35362262148563,79.14210234198099,77.18314294087499,77.90306091308594,73076882
2006-04-03,78.45647603415112,81.59081935308157,78.45647603415112,81.17943572998047,44027176
2006-04-04,81.3949081472696,82.5702850560956,81.30185352503274,81.9581069946289,34384454
2006-04-05,82.57028648608726,82.76618373068557,81.78670404610213,82.3254165649414,39932982
2006-04-07,82.7172166117738,82.89352479759894,81.26268225172703,81.6348876953125,37107883
2006-04-10,81.59080498226345,82.44294915041478,80.72396247306749,81.90913391113281,40280750
2006-04-12,81.79650266774716,84.10807850035276,80.42522842546192,81.17453002929688,82064393
2006-04-13,81.29696472048643,83.53997216629243,81.02270465326093,82.9131088256836,76596896
2006-04-17,83.25593715397508,83.94157435270861,82.87393713777482,83.39796447753906,26106094
2006-04-18,83.62813750766999,87.7370631797801,83.62813750766999,87.30119323730469,71843982
2006-04-19,88.04559071369103,91.2876735149942,87.56564539543707,90.28860473632812,93268219
2006-04-20,91.58151120473184,97.91875843414735,91.58151120473184,97.21842956542969,130476958
2006-04-21,97.94815590306428,98.73174496871954,93.39356570877172,95.49455261230469,75692148
2006-04-24,95.4994489655845,97.89918228315238,94.61792108278092,95.71493530273438,58418086
2006-04-25,95.74432688905532,96.47893673830353,93.14869626793927,93.55028533935547,30839609
2006-04-26,94.03023075444572,96.18508762111493,93.26134002718426,95.85696411132812,41957400
2006-04-27,96.18508592299432,102.84556021141172,96.18508592299432,97.74736022949219,86212039
2006-04-28,96.47894826588116,99.02559997060139,95.1076737680772,98.81990814208984,54765263
2006-05-02,100.39686000662776,102.15012775762209,100.29890810608872,100.99923706054688,26648041
2006-05-03,101.00412225487565,102.06195812458927,100.01484158761183,101.43019104003906,23390951
2006-05-04,102.06196425461918,109.78027359928966,101.8660670162821,105.80358123779297,124128451
2006-05-05,106.14641377287707,108.62450330004941,105.97990012269172,107.66950988769531,52275053
2006-05-08,109.21217255225096,114.50137813286078,108.91832997724183,113.1301040649414,67921200
2006-05-09,113.61988080887579,114.56997712307438,111.26912636772367,113.04197692871094,63383719
2006-05-10,113.61983669361268,115.0890560142754,111.39150830096729,114.57972717285156,89270042
2006-05-11,115.08908606707718,116.00979865099926,107.8409198336095,108.74694061279297,106032727
2006-05-12,109.75578703180639,109.75578703180639,103.53118388840103,104.4959716796875,74881301
2006-05-15,104.8045129537439,104.8045129537439,99.07944376412308,100.06871795654297,85087660
2006-05-16,100.39197234329154,103.32552121906939,95.59740910171904,102.22850036621094,109591379
2006-05-17,104.7261793017041,106.95449534988205,103.3353157954057,106.39129638671875,51148724
2006-05-18,104.31480139109532,104.78495227710765,97.21355887404304,98.41831970214844,83552753
2006-05-19,98.92762716879568,103.82503879173954,94.17714665600718,95.80308532714844,122474060
2006-05-22,97.45840284718132,97.85019732710798,82.27644194171451,91.03300476074219,112969668
2006-05-23,91.97331903213835,95.98919666208951,90.22984577774137,94.72566223144531,73477471
2006-05-24,95.20559321700685,95.20559321700685,84.72514004672811,91.92922973632812,100243526
2006-05-25,92.50223707680038,94.22612779674103,90.35717475171906,93.05075073242188,79605105
2006-05-26,94.03023299944691,97.14498720551236,93.30052040059951,93.88330841064453,58021662
2006-05-29,94.22611867530293,95.7932901221567,93.1486870796394,93.63352966308594,32605426
2006-05-30,94.0008523392133,95.74433223253217,92.5610161697207,93.53559875488281,31027558
2006-05-31,91.87537383752016,94.31427879857638,89.32872243706454,93.45723724365234,79677166
2006-06-01,95.60554868393933,95.60554868393933,91.64262490016233,91.67729949951172,78184283
2006-06-02,92.13800414389728,95.30834631859855,91.64759293410988,94.92195892333984,49858174
2006-06-05,95.30833121886954,96.17026914242588,91.6475784143551,91.67729949951172,51169635
2006-06-06,91.14725714419598,91.64262177357973,89.16579201315757,89.80976867675781,73627018
2006-06-07,89.66116548596113,91.14725941107228,87.07039822505524,88.47228240966797,100805037
2006-06-08,87.29331836555635,87.67970571988631,79.95200492781453,81.80467224121094,104511487
2006-06-09,80.7445879052754,92.05873909280193,80.7445879052754,91.41971588134766,98846897
2006-06-12,90.94912423780903,93.92131909389185,88.50202179113226,89.26983642578125,61593736
2006-06-13,88.17506154012888,88.17506154012888,84.31120822524007,85.06912231445312,63382091
2006-06-14,85.69824002360038,88.47228746650094,83.53844821054341,85.04931640625,75101186
2006-06-15,86.88712256482299,89.16579870838753,86.44129304220074,88.70510864257812,52498149
2006-06-16,89.95838297403614,93.62408925989732,89.95838297403614,91.30577850341797,60863192
2006-06-19,90.94912013547813,93.12873268459447,89.46302608122033,92.50457000732422,35025945
2006-06-20,92.1379962128869,92.73243779953958,90.75097245753476,91.64263153076172,39634604
2006-06-21,92.13799000350478,95.95230838041994,90.94911352382452,95.5213394165039,56845197
2006-06-22,96.10092182315728,98.41923280529062,95.82351839034301,96.60619354248047,42457577
2006-06-23,95.90277146576523,100.70781938271465,94.3275141841121,100.25208282470703,52768668
2006-06-26,100.55921581618651,101.43105421914964,96.84397408058616,97.21054077148438,61659515
2006-06-27,98.37959531144827,100.15300628818602,97.04706032181576,97.66131591796875,109435620
2006-06-28,95.32319668637018,99.66755451445114,95.32319668637018,99.167236328125,56030177
2006-06-29,101.44095802627017,102.04530662383128,99.22172405261915,99.90037536621094,52730100
2006-06-30,101.54003403148587,105.41379468925588,101.54003403148587,105.00263977050781,52072458
2006-07-03,105.1809631350028,106.96923467278961,104.45277670564317,106.1172103881836,38339251
2006-07-04,106.00822576406279,107.3655283296479,105.81007858346962,106.47386932373047,31663257
2006-07-05,106.4045216099655,108.88134486818146,105.52772313434536,108.40084075927734,38295941
2006-07-06,106.98905467163992,108.08876795482237,106.12216318275487,107.32095336914062,37355775
2006-07-07,108.38597681121942,108.38597681121942,101.67377342668419,102.20381927490234,57829355
2006-07-10,102.63972801440154,104.01188430153192,101.37158889576125,103.36296081542969,39154175
2006-07-11,103.53139372717622,104.2992148623488,102.65955540999522,103.94750213623047,30355671
2006-07-12,102.6595549832462,108.98041747742602,100.17281818090535,108.78722381591797,64260537
2006-07-13,107.61817183248856,108.48506332927376,106.04290791738568,106.54817962646484,29174001
2006-07-14,105.51286597458005,107.29618406847557,104.10107468808073,105.9190673828125,28412300
2006-07-17,104.81936364780421,105.84972119177988,101.82240118462846,102.18402099609375,25732995
2006-07-18,102.34253061281127,103.0360425137326,97.9932256480296,99.50904083251953,55770770
2006-07-19,100.0638464944453,102.03540484952299,96.80929477564854,97.39382934570312,58942316
2006-07-20,98.7758973137009,100.06384416205633,97.6117883288873,98.61737823486328,63024777
2006-07-21,98.08239444168356,98.57775916833536,94.67427692157335,95.85820007324219,58215228
2006-07-24,95.308332811174,96.5962795903297,93.27733243667433,96.24952697753906,46571895
2006-07-25,97.56719295624747,98.18144189990977,96.7944183425709,97.86441040039062,27579168
2006-07-26,98.0823796291116,99.55856655613785,97.20062763889305,99.06320190429688,25801706
2006-07-27,99.55857370026125,100.63847295140832,97.90900704266997,99.08302307128906,40973706
2006-07-28,99.93505589580163,99.93505589580163,96.49721749427009,96.9975357055664,31577196
2006-07-31,97.88422847082468,98.87495773427543,96.70525906007748,96.9727554321289,29046931
2006-08-01,96.49720623087936,98.17649381131508,96.49720623087936,97.25016021728516,30444199
2006-08-02,96.99256989099874,98.5232520324578,96.99256989099874,98.17153930664062,18028876
2006-08-03,98.57775107988715,99.86570455430711,97.22540191579742,97.88423919677734,34767693
2006-08-04,97.88423682591258,99.02357822153286,95.33310412531794,95.8829574584961,43700494
2006-08-07,95.90278671857028,95.97214254564834,94.31762215587078,94.6098861694336,21285415
2006-08-08,94.66434934604044,97.06192283250239,94.61481420682709,96.80928039550781,19332271
2006-08-09,96.80929346323072,98.71645610191077,96.10092103635097,97.88423919677734,29473831
2006-08-10,97.88423770319235,98.08238489727228,95.82351614366678,96.98762512207031,23640138
2006-08-11,97.6761736762497,100.55920480980926,96.59627455298126,100.16291046142578,48343496
2006-08-14,100.5592094305889,102.2434505683559,99.29107010289106,101.97100067138672,23130442
2006-08-16,102.54070433440461,104.5221702552775,102.45154104643527,103.68004608154297,36026229
2006-08-17,104.91843013559412,106.40453083283877,102.8428479649307,105.6218490600586,46844190
2006-08-18,105.81008113473652,106.8503522045575,103.92769279396916,104.61129760742188,18878851
2006-08-21,104.52213572009464,106.4936873440441,103.53139978025447,105.77045440673828,20695564
2006-08-22,106.99895764901336,107.48441527716581,104.5766230225485,105.49304962158203,27080339
2006-08-23,105.21565654128656,106.39462612737961,104.53700517537744,105.20574951171875,20861526
2006-08-24,105.01749776480682,110.9420661311619,104.22490903269671,109.65907287597656,49476974
2006-08-25,110.46650665077883,111.45723587271323,109.07948309466943,110.03553771972656,41967707
2006-08-28,110.26837207391924,111.34827128177051,109.688797661504,111.1699447631836,18145464
2006-08-29,111.9426992360852,112.93342850917522,110.46651235464094,110.84794616699219,34556191
2006-08-30,110.46650783083525,112.44796629587094,109.68383279530667,111.8337173461914,28771180
2006-08-31,103.03602870480213,112.52723939812785,103.03602870480213,110.69933319091797,44955888
2006-09-01,110.4665182305337,111.79409975973275,110.4665182305337,111.2095718383789,18774303
2006-09-04,111.46221475683156,112.74026122353823,111.46221475683156,112.11114501953125,21722805
2006-09-05,111.45724532893762,112.44797463492719,110.56559292164921,111.5513687133789,13024825
2006-09-06,111.55633059711998,113.53780270223542,111.35819000011301,112.6956787109375,31321902
2006-09-07,112.44798388084129,112.44798388084129,110.99161088766748,111.52660369873047,24551500
2006-09-08,111.95261378189014,112.39349640649468,110.21883743755959,112.0318832397461,39334302
2006-09-11,112.1507728361692,112.44303681460748,107.29618958587898,107.76183319091797,41672348
2006-09-12,108.18783285273625,109.94638331528984,106.31535156270644,109.65907287597656,50741607
2006-09-13,110.14949820287855,111.48698028698789,110.0702419648586,110.5804672241211,35040119
2006-09-14,110.96188722929838,112.6362280560511,110.54578539339049,111.59100341796875,27713657
2006-09-15,111.65539682644443,113.33963132113162,110.3922110351737,113.00279235839844,26321350
2006-09-18,113.43872086318012,113.99847460628352,111.47211611641495,112.29442596435547,24127707
2006-09-19,112.44797353453588,113.47834417152883,109.87208000957159,110.7488784790039,26778672
2006-09-20,110.36744009555696,112.13094398994797,109.4807346343548,111.76931762695312,27366195
2006-09-21,112.26470507179646,113.30991645699451,111.97738800786063,112.83436584472656,32394562
2006-09-22,112.42323053782397,114.81583780570803,111.75448617193486,114.52853393554688,46463515
2006-09-25,114.90500163959635,116.41090971550959,114.52852131386607,115.23193359375,37707061
2006-09-26,115.3210920819998,117.10439668916493,114.9396516878428,116.81709289550781,33132674
2006-09-27,117.50070304956171,118.57070179589593,115.9402997847889,116.31678009033203,21181864
2006-09-28,116.03441482142742,116.90625971039108,115.22201209848315,115.71737670898438,33521163
2006-09-29,117.87718554404,117.87718554404,115.8263777227459,116.08892059326172,17727148
2006-10-03,115.44492559030971,116.54464533083468,114.92480002974268,115.1031265258789,9095349
2006-10-04,115.420175530935,115.61831610090256,113.24056312625507,113.83995819091797,44511779
2006-10-05,114.92481209102677,115.36073457656006,113.993524948343,114.41954040527344,35692547
2006-10-06,115.51926954258589,116.3514865613946,114.13224558690808,115.20719146728516,23645475
2006-10-09,114.42945973839993,115.61832975259645,113.94400205765139,114.27589416503906,14470574
2006-10-10,114.92482820722991,115.40037887386234,113.64182152871409,114.02326202392578,11522501
2006-10-11,114.42946401436382,115.11306231401996,112.79475114999704,113.27030181884766,23692513
2006-10-12,113.38422060325935,116.21276318890706,113.16625275130566,115.79169464111328,34037745
2006-10-13,116.21276303405915,118.48648557188996,116.21276303405915,117.96634674072266,47385989
2006-10-16,118.39236299817678,120.77011596390079,118.29329271356481,120.2153091430664,38044671
2006-10-17,120.3738245556079,121.04751566049985,119.39298914060863,120.39363861083984,22184239
2006-10-18,119.10570993214702,120.91874926824178,119.10570993214702,119.72986602783203,21577563
2006-10-19,120.27476097506637,120.27476097506637,117.56015559659998,118.60043334960938,32234690
2006-10-20,119.46237094779573,120.79984634701495,118.88773679880318,119.23945617675781,33183754
2006-10-23,118.88772359652059,118.97688684963266,118.06542703525793,118.27843475341797,15570647
2006-10-26,117.89699118213127,118.29328552349905,115.91553270229888,116.40593719482422,21219811
2006-10-27,117.29266279280904,121.57261836493139,116.91618246370864,121.1366958618164,41792532
2006-10-30,121.36457147342774,122.85066551360273,120.09147194456033,122.46923828125,17880493
2006-10-31,122.35531272058604,122.75160714853504,120.69583889711852,121.46365356445312,17921966
2006-11-01,120.96825923805481,125.62469447986417,120.87909598965965,125.26802825927734,48093538
2006-11-02,125.62473232333902,128.69599116640248,124.6835379638502,127.1455078125,36317956
2006-11-03,127.80432906429053,127.99256262163853,125.62471647574512,127.57645416259766,28470721
2006-11-06,127.40802209017933,130.28113967557618,126.83834811917602,129.24087524414062,30595173
2006-11-07,129.58761885488022,130.37526066225502,127.32380339551969,127.93310546875,31880044
2006-11-08,127.9331153984115,128.2699543824821,122.98441555767349,124.0643081665039,42717762
2006-11-09,124.43581926107905,125.48600393325127,123.22713536441927,124.89155578613281,35843381
2006-11-10,125.52563530183424,128.1708780397928,124.15346556347083,127.33866119384766,30040836
2006-11-13,127.60616978779245,128.39875855460713,127.01173482618539,127.34858703613281,9861469
2006-11-14,127.84393257102941,128.3888323065177,126.0655616263648,126.75411987304688,14216391
2006-11-15,127.01175064044543,127.39317791447543,124.64390430109822,125.09468078613281,18325127
2006-11-16,125.32749272926449,127.01174062894155,124.35163049653502,125.40180206298828,14140848
2006-11-17,125.82283578201847,126.0209895621953,124.07419910576614,124.75779724121094,10982566
2006-11-20,121.38929644832537,125.6147687468354,121.38929644832537,124.73301696777344,24385013
2006-11-21,125.52562528389089,126.65505289395962,124.747890543126,126.22409057617188,16005333
2006-11-22,126.80366117470156,127.85384581403068,126.05071382664295,126.63029479980469,15767608
2006-11-23,126.81361866820251,127.78454747064497,125.72381871055876,126.01608276367188,16107904
2006-11-24,125.82282591501836,126.25874832481496,124.66367731585808,125.0649185180664,18410392
2006-11-27,125.03026729860959,125.7237725002973,123.90578652928839,124.12374114990234,15857501
2006-11-28,123.77205292778666,125.79313988277238,122.8407656874291,123.91075134277344,27266564
2006-11-29,124.34665454833974,125.3968259811849,123.45995569268405,123.77203369140625,15458547
2006-11-30,123.94044932612097,124.93117855963347,122.8555967150528,123.29151916503906,23547891
2006-12-01,123.35593976424643,125.71387886438704,123.35593976424643,124.9361572265625,19952019
2006-12-04,125.32751454928768,126.4173276499407,124.39622717304482,124.8222427368164,21858012
2006-12-05,126.81356457379808,128.2402162328291,125.32747074901653,126.76898956298828,32943928
2006-12-06,127.2891487050734,128.69103977835692,125.83773570760697,126.94734954833984,27990519
2006-12-07,126.91269068204925,129.68673871036737,126.91269068204925,128.89414978027344,33453887
2006-12-08,129.29041649714077,129.29041649714077,125.32748592420194,125.7386474609375,25528483
2006-12-11,126.81360319254684,126.81360319254684,121.49338224063187,122.8506851196289,39687399
2006-12-12,122.65249009796447,124.7330319692916,116.54464242025955,119.4227066040039,60181243
2006-12-13,120.36390775330649,123.0586987041796,118.98679119416957,122.692138671875,45985404
2006-12-14,123.34602177090711,126.15969719414757,122.75653374151872,124.77763366699219,26296213
2006-12-15,125.42656070866084,125.82285510286161,123.39556681876617,124.20796966552734,21131992
2006-12-18,124.83213156701355,128.5969086474193,123.15284374799633,127.71515655517578,22069305
2006-12-19,128.5771096509599,128.5771096509599,121.8599575879757,124.19312286376953,36971040
2006-12-20,124.83212089598845,126.31821489642722,122.18686484538233,123.73241424560547,36757166
2006-12-21,124.03953697648804,125.58508643699584,123.1577849252263,124.97578430175781,20249661
2006-12-22,124.98567805178895,126.31820640278498,124.46059233389451,126.07547760009766,12273869
2006-12-26,127.29901817741674,127.29901817741674,125.4265371067498,126.51634979248047,14411909
2006-12-27,127.3089603917353,128.587006949702,126.8631440393149,128.13623046875,20441871
2006-12-28,128.4978548419568,129.0922899238326,125.64949747849232,126.28852081298828,35820527
2006-12-29,126.81855281403786,127.50711122712913,125.34731259104878,125.83773040771484,19637297
2007-01-02,126.31821458575672,127.38821337412756,125.85257100647733,126.90275573730469,10061125
2007-01-03,127.30893353284097,127.89347463671014,126.35288549383789,127.26435852050781,13034467
2007-01-04,127.80433054315164,128.79505994204308,126.51637703378931,126.8631362915039,26444841
2007-01-05,126.31823481636242,129.98394186505163,126.31823481636242,127.62105560302734,26660981
2007-01-08,128.20061247509972,128.20061247509972,125.4860202551357,126.50151062011719,19173370
2007-01-09,128.27990811762908,128.27990811762908,126.02103879399564,126.64519500732422,22409750
2007-01-10,126.31821248501801,127.89348294155761,125.23831991284233,126.13492584228516,42113055
2007-01-11,126.31822571404015,128.7950624872233,125.34731035485946,128.44830322265625,19496132
2007-01-12,129.65700570284787,133.25335019662052,128.29970290626918,132.7084503173828,39190014
2007-01-15,135.21497395307424,135.9282931619125,133.35238664325985,135.22982788085938,28151257
2007-01-16,135.43296757454675,135.92833232053127,133.1641914825936,133.44654846191406,15692397
2007-01-17,134.5412682592161,134.93756258321025,133.26818216762666,133.73382568359375,13686536
2007-01-18,134.24406865070375,137.1865489206073,133.6496336699893,135.4725799560547,30901337
2007-01-19,141.47643480260837,141.47643480260837,136.1512536091187,136.99337768554688,56511743
2007-01-22,137.21625422383178,138.20202335917713,135.834177510921,136.11158752441406,13715121
2007-01-23,135.83422534092466,136.79523385794215,134.50664342853696,134.79396057128906,10620755
2007-01-24,136.16611976589652,136.16611976589652,134.76422861614952,135.68064880371094,14724968
2007-01-25,136.69117788836903,136.69117788836903,134.99207616001817,135.78961181640625,22136178
2007-01-29,135.73015486764032,138.09800062061313,135.25955121184967,136.94874572753906,14797851
2007-01-31,137.31038520562853,137.61255619256826,134.6007268977931,135.37844848632812,23624188
2007-02-01,135.53202251664712,137.1172001057356,135.14068824750748,136.48312377929688,8045902
2007-02-02,137.08747508240248,138.07820443363636,135.53697875372856,136.23048400878906,14278285
2007-02-05,136.720910165079,137.81070987284468,135.9283213446992,137.4490966796875,8424574
2007-02-06,131.7672517101689,139.49495974878792,131.7672517101689,137.63238525390625,15368716
2007-02-07,138.50424421616134,138.68257076895972,136.8447570505189,138.19711303710938,13360974
2007-02-08,138.40018818596482,138.99958327365147,136.81997078524907,138.41009521484375,8767390
2007-02-09,138.7518762084347,139.3760321733214,135.7301534328493,137.8899383544922,13458978
2007-02-12,137.41444746327699,137.41444746327699,134.06577809650793,134.6354522705078,11095995
2007-02-13,134.34314821577723,137.21626596950685,132.9561244835966,135.33387756347656,12632180
2007-02-14,135.24964341532313,137.384667391938,132.98086795214866,136.42861938476562,12438544
2007-02-15,136.96860364016658,140.0596898582951,136.96860364016658,139.3909454345703,17888402
2007-02-19,139.69307907579787,141.67453762562292,139.69307907579787,140.75811767578125,13674777
2007-02-20,141.57547074713946,143.10119280902398,139.71785661877146,140.14881896972656,28700335
2007-02-21,137.81070560381997,141.179188145574,137.81070560381997,139.37110900878906,13364272
2007-02-22,140.18845843436685,141.273311204688,138.70236436594416,139.8961944580078,32546891
2007-02-23,141.08011437164257,143.031851998225,138.91040887943225,140.01507568359375,32824943
2007-02-26,140.68383168321267,141.65474706273415,135.97786023338637,139.35130310058594,63419942
2007-02-27,129.3003502284901,140.19838840742193,129.3003502284901,139.24234008789062,26148818
2007-02-28,133.75860175492124,136.72089587872307,131.88117355124774,133.9963836669922,61743983
2007-03-01,136.22555799350224,136.22555799350224,130.68240909610932,135.5072784423828,34581643
2007-03-02,135.82925058812046,135.82925058812046,129.58763679606867,130.40003967285156,41534412
2007-03-05,128.79507184188043,128.8941421455213,123.66308461617457,124.76773834228516,47152367
2007-03-06,126.21913236283241,129.47863710957134,125.15905393048142,128.58203125,31088166
2007-03-07,129.8848585884129,131.6681767828455,124.94110543624765,127.67057800292969,30188258
2007-03-08,130.67743341579228,132.75796226877563,127.80431584404997,132.3170928955078,29274218
2007-03-09,132.55985050591477,133.72890655444635,129.29043786439723,130.59820556640625,21098499
2007-03-12,131.75734757534337,132.22299120929463,129.48857158519672,130.3505096435547,18864108
2007-03-13,130.3505068715799,131.93567130848805,129.31518919787254,131.4452667236328,13837877
2007-03-14,129.68668972491878,129.68668972491878,124.95594534915219,127.3436050415039,23510172
2007-03-15,128.69599579727955,129.77590185081115,126.71453670116412,127.15045928955078,25017125
2007-03-16,127.15043238001452,129.3696729760394,126.4172990185739,128.80990600585938,22468407
2007-03-19,128.9040235864599,130.57835106664064,128.50772922355705,130.13748168945312,10332291
2007-03-20,130.57833840488814,132.2625859771575,130.38019785615336,131.06875610351562,10261183
2007-03-21,131.96531193179266,134.3446853669624,130.46570884450435,133.96478271484375,10490395
2007-03-22,134.66456566404557,137.9586916034815,134.66456566404557,137.4888153076172,21121580
2007-03-23,137.56382526937315,138.3436246595016,135.96423814575016,137.56881713867188,16677657
2007-03-26,138.26365297466361,138.26365297466361,134.96452077841442,136.4191436767578,12894448
2007-03-28,135.96424337372386,137.36387548708933,134.21970511194115,134.96450805664062,18664269
2007-03-29,136.36417205903783,136.8640398344745,134.56464272856667,135.68435668945312,23169325
2007-03-30,135.96424807847177,137.45386736666038,135.2844328443397,136.99398803710938,23147171
2007-04-02,135.464359986045,135.8442625657638,130.49067002008007,131.36044311523438,28788942
2007-04-03,132.0152792492406,134.5646028130442,130.9155731389322,134.0397491455078,23283681
2007-04-04,134.76455185174007,136.85900125362778,134.7345605962848,136.28915405273438,17412059
2007-04-05,136.26417470887338,136.4441356153181,135.1844626591859,135.8492889404297,10617290
2007-04-09,136.4641246877136,138.7635079138514,136.1641987530134,138.39361572265625,9728896
2007-04-10,138.91349028090985,138.9634757167317,137.02398741786092,138.40362548828125,11596942
2007-04-11,138.4785707461941,139.80323125999664,137.66879349197328,138.62353515625,14678962
2007-04-12,138.3636030121123,139.26336732946942,137.18891219192304,138.7135009765625,9616770
2007-04-13,137.48887500414662,141.55280487161062,137.48887500414662,141.1579132080078,13299955
2007-04-16,141.77275070740976,146.36154762248822,141.68776878484903,145.73670959472656,14851941
2007-04-17,146.46148675412354,148.76088325726184,145.19682201420855,147.54119873046875,33423430
2007-04-18,147.26129804899185,149.55068439450204,147.26129804899185,148.4959716796875,20053251
2007-04-19,146.48647976079468,149.9105819634605,146.02160856871294,149.19577026367188,19251241
2007-04-20,149.46066083216354,154.4593495602523,149.46066083216354,154.1044464111328,20879952
2007-04-23,154.25944744197432,155.9589921683945,152.48990976364573,155.38914489746094,21884768
2007-04-24,155.35917431923028,158.9182443224203,154.06451809250245,158.25341796875,20824121
2007-04-25,158.15841149119902,159.9579403556549,156.25891176699432,159.7979736328125,18046358
2007-04-26,160.95765537935674,162.61721148394363,158.35833326973625,159.64300537109375,54287817
2007-04-27,161.15764230241658,161.15764230241658,153.15974538187518,153.8795623779297,27450567
2007-04-30,154.9392895800191,157.15870987828538,150.06057710632734,156.06399536132812,20872174
2007-05-03,157.45861699786775,162.95717543642414,157.45861699786775,162.57228088378906,32242197
2007-05-04,162.98212147508548,163.55696050710355,157.66851757331273,158.2733612060547,32242949
2007-05-07,160.45781652955543,161.75747781709651,159.55805204950738,160.60777282714844,24784859
2007-05-08,160.8077318559872,161.397573321592,158.95821741791264,159.27313232421875,18773874
2007-05-09,158.95820986325558,159.9579451854183,157.3086372386158,159.78298950195312,20192089
2007-05-10,160.65777078842993,160.93770257967878,157.45860942624705,158.09844970703125,15843099
2007-05-11,155.05924328467208,159.95796292318283,153.08477181071135,158.8682403564453,29450679
2007-05-14,160.95768712141623,162.65723190003015,160.45781943979503,161.982421875,16711929
2007-05-15,162.00740922364207,162.54726525636377,159.30811571278812,159.8079833984375,30350894
2007-05-16,160.05793580759786,164.75670041017958,159.81799236009016,163.4270477294922,24876581
2007-05-17,164.46675397299344,168.93057986906027,164.46675397299344,168.48069763183594,24973307
2007-05-18,168.43571832879817,170.55515405538304,166.96610657183714,169.80035400390625,20283846
2007-05-21,170.95505220923386,176.9534776695525,170.3752078405293,176.04872131347656,28342277
2007-05-22,176.85350015953603,178.45307399347857,173.7693123093437,177.87823486328125,34401499
2007-05-23,177.95319739932955,179.73273204277163,174.95399160609122,175.56883239746094,14032887
2007-05-24,174.95895431095965,175.95369754032845,171.65982314944057,172.674560546875,24716385
2007-05-25,170.08028329362034,173.65434176893788,170.06528099046935,172.75958251953125,21165870
2007-05-28,173.9442679670956,174.954000367775,171.58488888769563,172.3446807861328,13474797
2007-05-29,172.15472258846597,176.7535153506405,171.23496403603107,175.643798828125,20311599
2007-05-30,174.95402895983526,177.95323539342232,174.16423232648035,175.23895263671875,26982519
2007-05-31,175.45388335470858,177.1284421548573,174.6540896943479,175.8337860107422,16331017
2007-06-01,177.2334426331692,177.94324926030563,174.68911021300164,175.07901000976562,13167670
2007-06-04,176.85346994596338,176.85346994596338,173.8092709606459,174.14918518066406,12200442
2007-06-05,173.85426993628306,175.05396024673553,172.16971430193388,174.49411010742188,15844324
2007-06-06,175.05400646595544,175.7538293353034,168.1858066554707,169.0855712890625,23865990
2007-06-07,167.25601876374677,170.6351407110718,165.9563708502699,166.87112426757812,22658622
2007-06-08,166.35628615761948,169.74040062249193,164.6667382076723,165.66146850585938,30218286
2007-06-11,179.9526778526599,179.9526778526599,165.98135607373587,166.57119750976562,18858124
2007-06-12,167.44599965523634,171.1400236526829,166.22631491807616,169.84536743164062,26005430
2007-06-13,169.78537130840442,170.93506299257353,166.95611564163664,167.4959716796875,19604810
2007-06-14,168.55568423831716,170.25524234076812,168.4557133728189,169.5604248046875,17465782
2007-06-15,169.95533928648595,170.95507477060247,166.77118003443275,168.14581298828125,17472641
2007-06-18,169.73540602065052,169.73540602065052,166.60622402921902,167.1160888671875,12464749
2007-06-19,167.11606649731928,172.9945270000269,166.96611019659176,172.609619140625,19266710
2007-06-20,172.6096256739035,174.83405096207204,172.1547515375237,173.2494659423828,17149940
2007-06-21,173.45439202878572,174.70405445959392,172.07475413415608,173.389404296875,14187474
2007-06-22,173.45441724876264,173.45441724876264,169.8203625475836,170.46519470214844,17986039
2007-06-25,170.75511349863106,171.35495205110152,169.63539974047484,170.87008666992188,25281291
2007-06-26,170.85509546647828,171.95480177532866,169.95533090569302,170.28024291992188,12617428
2007-06-27,169.85534207292278,171.9447865082716,169.2205070690677,169.8103485107422,13754039
2007-06-28,170.85506021622678,171.43490451323018,168.5906603239653,169.15550231933594,24648261
2007-06-29,169.95529378149902,171.05499985013503,168.855587712863,170.01028442382812,23062353
2007-07-02,170.35519085076587,171.1549843642863,167.860844674066,168.38571166992188,23953923
2007-07-03,167.56596535154216,171.23999518778072,167.56596535154216,170.68515014648438,23453510
2007-07-04,171.05500951255243,173.11946778959776,170.85506779686747,171.7698211669922,19068174
2007-07-05,171.75483072299232,172.45464006906704,168.00581680844738,170.94004821777344,15396233
2007-07-06,171.35496228801162,173.00952695996153,168.45572687274841,170.945068359375,13805731
2007-07-09,170.2452784419001,171.89984330379585,170.05532041317784,171.05006408691406,13210342
2007-07-10,171.45992379508627,171.45992379508627,169.45544788909882,170.22525024414062,9858905
2007-07-11,171.65490419754707,171.83485178657673,168.57071570623592,170.28526306152344,10772489
2007-07-12,170.61516950007368,172.46467075619813,170.61516950007368,171.88983154296875,12406162
2007-07-13,172.93454055406613,179.0229402094919,172.5796372827197,177.25840759277344,38976595
2007-07-16,177.95325407238062,178.85301876635037,176.67859187167286,177.6233367919922,13185327
2007-07-17,178.85298719703206,183.83168340172583,177.96321974899809,182.73696899414062,31204282
2007-07-18,183.45176028151855,183.85165706889745,180.3075899763722,182.2170867919922,26883867
2007-07-19,182.2520441001531,190.84979044266598,181.67219984685883,189.23020935058594,33599436
2007-07-20,189.85008837877453,191.44966223323047,188.05055945048363,189.16526794433594,31593917
2007-07-23,187.95059783518332,191.44967165339506,187.45071679962194,190.8698272705078,20646199
2007-07-24,191.14974953353314,193.0492494566626,190.74986605266014,191.20973205566406,20243493
2007-07-25,189.45019951496073,191.14974430391055,187.45071542907073,190.20999145507812,19721223
2007-07-26,190.9497955600762,194.79878059486265,190.54989875757653,194.14395141601562,33158301
2007-07-27,191.92956681004105,193.5491484467153,185.45126695783802,186.70094299316406,57384677
2007-07-30,188.45047359519793,189.83510354738326,183.95165086041555,184.826416015625,24399424
2007-07-31,186.45101215398174,190.13004748860558,183.25186376037178,189.30026245117188,19654919
2007-08-01,186.15112211891656,187.35079957547984,179.2029445798861,179.72779846191406,36609150
2007-08-02,183.65169778092138,183.92163244405293,179.15288905759948,180.00765991210938,20934716
2007-08-03,181.05238852755008,183.81166428123925,179.55278562156528,180.06764221191406,26123969
2007-08-06,178.2531395844347,179.152904073965,175.09396678446717,177.9682159423828,19342158
2007-08-07,180.95246370913176,182.0521701172002,179.17792047234283,180.9724578857422,27077163
2007-08-08,182.25207186347575,188.44045502699095,181.8321808996111,187.49569702148438,28523314
2007-08-09,188.65036738936956,191.19969072626637,183.50172194479052,184.5314483642578,32078790
2007-08-10,181.95216673458418,181.95216673458418,177.57330936655998,180.85745239257812,29431457
2007-08-13,182.15208563215015,183.6316942933129,180.70747344304158,182.8719024658203,13780410
2007-08-14,179.95271343283963,183.95166884895147,179.95271343283963,183.25685119628906,8919702
2007-08-16,179.15289400385166,179.15289400385166,172.45464614193818,173.85928344726562,35041064
2007-08-17,171.05505728095346,177.34341285673204,168.27579992058406,175.24395751953125,52133783
2007-08-20,179.95270359443336,184.45152652319283,178.05320354612306,179.7527618408203,20630590
2007-08-21,179.95267527443582,181.22234525180448,173.48438704879294,174.6390838623047,33584247
2007-08-22,174.65405365232348,179.3328229095938,171.48488427334388,176.57354736328125,37659201
2007-08-23,179.85273006309163,180.75249463556347,173.45442052770423,174.3541717529297,26753018
2007-08-24,175.50887214630225,178.15318860736397,174.1642304788192,177.5883331298828,14865687
2007-08-27,181.75216394736384,183.9915774761322,179.1528553983625,183.33175659179688,17956745
2007-08-28,183.33183096020232,188.95035455544263,182.65200228506285,188.20054626464844,28190228
2007-08-29,185.35129718295786,190.3299938307885,184.45153256772045,188.9203643798828,23266768
2007-08-30,189.95002679725505,192.44936468895176,188.05052733011703,191.1547088623047,36922515
2007-08-31,189.95003846669997,196.94819834062022,189.83506531286318,196.03843688964844,31770666
2007-09-03,196.0384968280628,197.8480231980297,193.94903863865312,195.7435760498047,17448851
2007-09-04,196.3483613146211,197.63303357953188,192.07449360284937,197.23812866210938,17767160
2007-09-05,198.64777177941377,199.3475945422646,195.0487271399867,196.4083709716797,21831606
2007-09-06,194.34891309230736,198.74776490599646,194.24894222091575,198.23289489746094,13398046
2007-09-07,198.2478690271399,198.94767837467126,195.44860494252657,196.23838806152344,16099767
2007-09-10,195.44860886650082,199.44755001209484,194.3488893736671,198.50779724121094,13639157
2007-09-11,198.94769029161247,200.7972046492764,198.44782262850694,198.9576873779297,18968079
2007-09-12,199.54752463090915,202.04687624123926,199.14762783936658,201.2620849609375,21066003
2007-09-13,202.44677389605263,203.44650920554994,201.31207124990692,202.6967010498047,17281779
2007-09-14,203.44655395992655,207.0356021080403,202.77173047548084,203.4215545654297,22388716
2007-09-17,202.94663617057134,205.88585950424232,202.0468717464281,202.77667236328125,12641000
2007-09-18,201.9469254413654,206.34577752879957,201.53704484315256,205.7509307861328,21998267
2007-09-19,213.44391179327366,218.22265325471096,207.94036144234636,217.3328857421875,28944037
2007-09-20,217.54281914712158,220.11714245424093,216.64305462445884,218.97244262695312,23858535
2007-09-21,218.34259954264135,229.839596602397,218.09766423791544,227.98507690429688,25276339
2007-09-24,229.93955313597115,237.83746491668398,228.5399076565218,235.4880828857422,34178621
2007-09-25,231.46416399649058,242.53623785916378,231.46416399649058,239.8969268798828,29360349
2007-09-26,239.83693404169472,241.43652123810935,231.43914130225207,232.13397216796875,34436400
2007-09-27,233.00870828094455,236.93768305741972,230.48437075036972,231.76904296875,30579013
2007-09-28,234.9382403922175,234.9382403922175,226.4404763518525,229.74461364746094,30223702
2007-10-01,230.9393097050786,232.8337911127335,226.16556038284614,229.15977478027344,38920492
2007-10-03,230.1395491857858,243.93593203714767,223.44129953450954,239.52706909179688,58659731
2007-10-04,237.93743566033794,243.92087203188635,236.1379067273757,242.5262451171875,30557209
2007-10-05,249.4143678412128,251.43385901797612,241.93633498931968,249.1844482421875,35575321
2007-10-08,250.43413291427203,253.13339924830782,238.52225245661612,242.05633544921875,32690288
2007-10-09,233.03876156639515,261.8161994098044,219.7122565720951,259.93170166015625,36199645
2007-10-10,263.42079988171633,268.3295171641607,258.1571792832316,261.771240234375,43742833
2007-10-11,265.8301457671032,265.8301457671032,258.172162958402,262.98590087890625,42900147
2007-10-12,263.1808484582683,272.3984035770708,254.11822817809656,256.5075988769531,87039965
2007-10-15,258.44201554048186,267.9295024426074,257.55223496756145,266.56488037109375,43056335
2007-10-16,265.43018556350034,269.92398868158574,261.83112821837705,265.08526611328125,49332781
2007-10-17,251.73386714032412,270.4289563686112,225.0408669285822,268.6844177246094,75476314
2007-10-18,274.9278100802054,298.8215214039545,252.53368887948767,258.2471923828125,66271385
2007-10-19,262.33103070285006,269.92903018661656,241.906408546854,246.86509704589844,46568956
2007-10-22,239.93691173266916,248.23473384528253,237.1176532333662,240.94166564941406,44200234
2007-10-23,246.93510218094286,261.3313082243342,245.43548570591605,259.91668701171875,42698443
2007-10-24,263.93052002449275,265.0002479511896,255.59271252117782,261.4361877441406,37642822
2007-10-25,260.4314992532572,266.7098558306251,259.15184561029463,262.73590087890625,36587556
2007-10-26,264.9303544985981,271.30868273260023,260.46153657787653,269.75909423828125,34497805
2007-10-29,276.42727063548,284.42517875600527,273.4280651007151,282.71563720703125,39456350
2007-10-30,283.8253725523091,285.36996912313765,273.95796794074687,276.877197265625,38271801
2007-10-31,276.7272573605792,281.77590619513114,275.3276118541564,278.30682373046875,36337643
2007-11-01,281.92596763345523,283.82546808599784,264.9354263299321,267.9896240234375,52379007
2007-11-02,257.6322224935056,272.4283354661503,257.6322224935056,271.2586364746094,33839830
2007-11-05,271.2586955941744,273.42813025713224,263.2308076533774,266.0450744628906,38966769
2007-11-06,269.7991041731136,275.42761130642396,265.05533261796256,266.5499572753906,26487784
2007-11-07,275.42751343989704,280.32621809119865,269.9289570517996,277.01708984375,30466913
2007-11-08,274.9277462456621,279.40654809028933,265.1303071479333,274.2129211425781,31842605
2007-11-12,264.9302903412913,270.39884231128786,260.1315563713199,267.4896240234375,39563331
2007-11-13,268.5293903266149,272.30839559917723,265.9300678923605,269.23919677734375,37113194
2007-11-14,272.9282435320086,289.8237994310767,272.9282435320086,288.7690734863281,53647963
2007-11-15,287.9243494072784,290.9235558189181,284.9251163011453,287.4344787597656,23093037
2007-11-16,284.9251160557603,292.7230847526998,282.12585140174207,288.08929443359375,22269626
2007-11-19,288.43917801248847,290.523617322941,284.0253240499426,285.01507568359375,15561048
2007-11-20,282.925633096623,285.72489763171774,275.9474792807866,278.4118347167969,33284548
2007-11-21,276.9271637694808,279.71641729826774,268.92925529667684,270.8787536621094,37514807
2007-11-22,276.8972160728194,276.8972160728194,266.52995621676934,272.4034118652344,30793018
2007-11-23,274.9327565044128,283.2255878174877,271.9385419299388,281.046142578125,20879620
2007-11-26,285.5449504079627,290.2937137138831,282.7357021293618,288.37921142578125,26472035
2007-11-27,289.4238582509739,289.4238582509739,282.4257119160534,284.2552185058594,21357048
2007-11-28,285.42499419862804,286.8046189886797,276.82725857007176,279.1566467285156,20948085
2007-11-29,283.8253942851393,284.2952707311926,279.72648175161765,281.18109130859375,35395334
2007-11-30,282.4256696666229,288.22413824417595,281.2559708593011,285.0899658203125,27007770
2007-12-03,288.7440859098522,294.21266596138963,285.52494384278623,293.4128723144531,21453424
2007-12-04,294.92247900348366,296.48207798423726,284.9450924115963,286.1747741699219,23074751
2007-12-05,291.1934927053789,291.9232934645822,286.42473498835966,290.06378173828125,17131715
2007-12-06,294.92240487348573,298.72140380471626,286.4496287392003,287.3044128417969,21700398
2007-12-07,290.4236899810503,290.4236899810503,280.1613918903814,284.07037353515625,28847057
2007-12-10,284.92507998210317,286.8045856304917,280.05637873811116,282.2207946777344,16149578
2007-12-11,285.42498557804504,289.81881891865993,282.92563365780904,288.4891662597656,27847587
2007-12-12,287.0245268732389,290.9234970907421,283.92532351513086,288.0142517089844,27173714
2007-12-13,288.3942152644566,292.33816634517314,281.4560230580718,283.2005615234375,28950529
2007-12-14,280.4262962386045,289.9237957502432,280.4262962386045,288.7890930175781,31167534
2007-12-17,284.9301095954376,288.7240908211747,270.92876899032126,277.43707275390625,31451054
2007-12-18,278.42676786102936,279.93639455341867,270.23393581639976,272.68328857421875,36252011
2007-12-19,267.93447423178395,278.4167303306452,265.08523859235703,270.3088684082031,33185923
2007-12-20,271.4286074619729,278.3267831845942,269.1192140200452,271.29364013671875,21879693
2007-12-24,276.5273083481509,279.9214329228108,269.729102153314,278.78173828125,23564594
2007-12-26,279.9263844366778,291.3933755461395,279.726442720403,289.5738525390625,27736485
2007-12-27,289.9237224660091,292.5230177951752,287.43438171784,289.3088684082031,33440220
2007-12-28,288.6241441406368,292.9230253291331,285.54995291218665,289.408935546875,15896769
2007-12-31,290.2736878905326,292.92298248284936,286.92457056626785,288.1942138671875,11211489
2008-01-01,288.9240767566813,289.82384132433174,283.4355022162165,284.7501525878906,10540548
2008-01-02,285.4249824183908,288.3242178004138,281.05613517088364,286.09979248046875,27276294
2008-01-03,285.1250903952254,292.92303255875646,282.9506370071605,290.2937316894531,30204199
2008-01-04,290.3236699806126,301.9006165903027,290.3236699806126,299.2213439941406,35463186
2008-01-07,297.4018151076551,302.9203669680006,295.92219293131285,301.94561767578125,27412209
2008-01-08,304.9698492943189,308.3189671039772,299.9211731869625,305.3847351074219,42941270
2008-01-09,304.68489325950765,306.9193020874809,301.15580170622343,303.2852478027344,22068981
2008-01-10,303.4202258617662,309.6685784708236,301.42075516242704,302.7004089355469,35935303
2008-01-11,307.86904995202633,313.9174608388789,302.4204909536474,312.67779541015625,44021961
2008-01-14,315.8169575259034,323.91483781433317,312.5178389084253,322.0003356933594,24160570
2008-01-15,329.7133099033218,329.7133099033218,314.0474348667676,316.4718017578125,33236461
2008-01-16,310.9182177155055,314.41730437451577,302.4204548968283,309.2836608886719,48600925
2008-01-17,315.8169464378041,315.8169464378041,297.5367739535751,299.57623291015625,41921623
2008-01-18,297.4218103819975,297.4218103819975,277.9269312433665,279.88641357421875,50776299
2008-01-21,277.90697886625503,277.90697886625503,234.4633985955377,254.01324462890625,72442557
2008-01-22,235.16313877230982,248.73458951351054,211.94426021349727,235.68301391601562,76700972
2008-01-23,241.9363231410142,282.4256884278461,239.93685292589623,255.00289916992188,64128524
2008-01-24,258.9319309947223,264.4304619629852,243.435993336557,248.82456970214844,42719162
2008-01-25,257.4323226501332,262.4309994558915,252.43364584437492,261.47125244140625,26217694
2008-01-28,256.43258107326307,259.4018091719917,242.9361406776133,256.5725402832031,26471239
2008-01-29,264.4304735566822,264.4304735566822,253.96823526062994,257.6222839355469,17399346
2008-01-30,254.453106568446,259.7317017143308,245.23552586804047,247.12501525878906,21854267
2008-01-31,247.1350168104221,256.90245026467727,237.03766616618952,247.8248291015625,49427967
2008-02-01,248.93452718836545,255.95768656399366,241.93635385261496,254.2081298828125,18456589
2008-02-04,253.53326865641918,264.1304706758043,253.53326865641918,259.05181884765625,25814077
2008-02-05,259.93169336510647,263.33078316322656,256.5625814819282,261.6412353515625,15151447
2008-02-06,255.92265698771257,256.9323758297273,250.06420553430686,255.18284606933594,19264427
2008-02-07,251.9337343493476,257.9321724853363,240.64671788107987,242.48121643066406,27417100
2008-02-08,243.4460195211403,246.7351545757942,238.9371864631573,242.57623291015625,27651544
2008-02-11,241.33654506065037,241.33654506065037,223.44124044149297,227.64013671875,41653038
2008-02-12,228.04005521496657,241.93637909326623,225.64067438523372,232.4239044189453,35641327
2008-02-13,236.93775379219932,246.83014659153542,234.94327455165512,238.8872528076172,41541105
2008-02-14,244.93563728882347,253.2334334555954,244.93563728882347,251.60888671875,25193638
2008-02-15,250.42420635029367,259.93171764412034,246.53521886477836,259.3268737792969,18833476
2008-02-18,259.93170063520387,261.4312904810399,253.7333194148677,255.3029022216797,11414925
2008-02-19,258.93193036815126,261.73119462453394,252.93349170762298,255.3878631591797,14075130
2008-02-20,249.95428293248915,254.9329654586478,246.13528912939526,248.33470153808594,19315507
2008-02-21,250.93395631172925,254.0331323584847,246.0752401355501,249.56431579589844,14064753
2008-02-22,244.1658186006049,247.93484066196163,241.43654701406487,243.3810272216797,17346910
2008-02-25,249.43440643349066,256.4325804699478,240.9416613064959,255.07794189453125,16217938
2008-02-26,256.422598886694,258.5320510908177,253.14347409483412,257.5972900390625,12791606
2008-02-27,260.431528750608,263.73067412876736,256.93746020330474,258.7769775390625,23321593
2008-02-28,257.9322320458887,259.9317029880981,251.60387528123883,253.25845336914062,24690014
2008-02-29,255.13290507566177,255.13290507566177,240.93661680310933,246.28021240234375,29196461
2008-03-03,239.91693295288178,239.91693295288178,228.89483062991513,230.53939819335938,26500060
2008-03-04,231.93903900633134,233.73856805820395,220.94192295477464,224.2610626220703,39850780
2008-03-05,223.95116237181685,231.93906261385618,222.6515008857088,229.21478271484375,25698697
2008-03-07,227.8100971690865,227.8100971690865,216.56804703458926,224.76588439941406,29082647
2008-03-10,221.03186415400344,228.81980734736374,212.17919798227769,227.39520263671875,45876779
2008-03-11,224.94085852401287,235.43811994405934,220.38206684138748,234.72828674316406,32079079
2008-03-12,241.8164328545671,242.77617992217222,235.9379854022971,237.39761352539062,27963509
2008-03-13,228.9398046371915,232.43886474557556,220.10211385794173,224.24603271484375,35443360
2008-03-14,224.94084596164524,233.9284800444717,222.97136659315595,232.19894409179688,23942995
2008-03-17,226.0505935167468,227.240286978008,215.44337662997182,217.9627227783203,41204921
2008-03-18,224.92089070612465,224.92089070612465,211.94431021009913,215.04348754882812,34696227
2008-03-19,224.94083000822042,234.43832816041365,214.4585989152448,215.8532257080078,29746169
2008-03-24,215.94322230277223,220.91192113189987,212.48413692987677,219.9671630859375,26119935
2008-03-25,221.44176688687784,232.43387654159002,221.44176688687784,231.3191680908203,27254936
2008-03-26,233.3386474271079,233.5436077226212,226.99531581185062,229.8845672607422,20401798
2008-03-27,228.93983407240248,231.33918835838443,224.34104054736363,227.0203399658203,36296397
2008-03-28,233.33864210005768,236.72774779998113,223.10633726545586,235.1831512451172,34512259
2008-03-31,230.43939595425948,233.43860179620773,224.9508489965493,226.5204315185547,27093559
2008-04-01,229.83956940693372,237.43756817152814,224.29101327325745,234.46334838867188,26807230
2008-04-02,239.43709716587034,245.21557433621564,232.9388029476685,234.29344177246094,32063820
2008-04-03,234.9382374863991,241.73644329570973,234.5383540188769,239.54202270507812,17304422
2008-04-04,238.43735214755415,241.42654814879674,231.10925985555832,232.0540313720703,21753752
2008-04-07,225.5656840022848,242.90613053143898,225.5656840022848,240.42677307128906,23036200
2008-04-08,239.9368958772626,242.22130341990407,235.93296286183374,238.1123809814453,24671220
2008-04-09,235.43813660550714,243.11611332780507,235.04321828287178,241.761474609375,19966184
2008-04-10,242.4362549255071,251.8737712705577,240.53675515302217,246.80010986328125,32081433
2008-04-11,253.93317874635366,256.6324716261097,246.48515063681103,255.08787536621094,37507186
2008-04-15,251.4239307068144,263.6307353908116,248.56967535836765,261.11138916015625,37333368
2008-04-16,261.9361530060473,266.52995475627785,261.46128468672896,264.1805725097656,31515766
2008-04-17,267.9495826430505,271.72858862073986,261.98114769437177,263.9356384277344,21934177
2008-04-21,262.90095288346976,267.92963576943765,262.14117407425846,264.29058837890625,18499558
2008-04-22,260.0316821392801,267.4297408775375,259.646774227168,260.66650390625,25134990
2008-04-23,261.13127274357515,263.1307428628844,256.7324224644054,257.6921691894531,27790487
2008-04-24,259.93166759093066,259.93166759093066,255.56781257644303,258.1971130371094,28908505
2008-04-25,258.9318334854797,263.3306566035694,256.1325702764773,262.38092041015625,29490656
2008-04-28,263.03079056190154,264.43040906625487,258.1870763925187,259.07183837890625,17866432
2008-04-29,257.9322183879407,267.42971820777313,257.9322183879407,265.92510986328125,21756290
2008-04-30,264.93031481335623,267.4296662201524,260.5914463236113,261.3812561035156,23952348
2008-05-02,302.5204686815136,302.5204686815136,262.83091294405955,267.4046936035156,21082119
2008-05-05,267.43966440946997,270.8287699377495,264.9303291290303,266.8498229980469,18407373
2008-05-06,259.931651994266,268.12947591016274,259.931651994266,264.9303283691406,18400969
2008-05-07,269.92900831967194,269.92900831967194,262.33100945141916,268.8243103027344,22305438
2008-05-08,269.3403029155916,269.94331324636715,266.5865977799563,268.0589294433594,16574019
2008-05-09,267.8830703473637,268.70215652729314,252.2553042664267,254.10450744628906,30690657
2008-05-12,252.36087481016403,257.6924097054532,248.94890501080812,256.66229248046875,24158943
2008-05-13,261.30033094561855,261.30033094561855,250.04431602894456,251.36087036132812,22755830
2008-05-14,253.26025835486269,256.782787177733,249.26537909593003,254.34063720703125,17585152
2008-05-15,254.35586533727687,264.5867852560242,254.34078403411166,263.6069030761719,21878267
2008-05-16,264.41583305182627,266.12434015060245,261.601829252386,264.88818359375,16919206
2008-05-20,263.81281323428124,264.81781263855146,258.687318956008,261.5968017578125,15553322
2008-05-21,259.2903488193356,268.83785729496174,256.30046798729137,268.10418701171875,29178778
2008-05-22,264.81785329239057,266.3253660477478,260.99884960287494,263.91839599609375,20887381
2008-05-23,264.31535041645895,265.3203499122215,256.27532761530784,256.8984375,18053839
2008-05-26,255.27030194517593,256.762733154644,251.46136202895389,252.818115234375,23292457
2008-05-27,257.2803203598518,260.27524615038715,249.24032460472694,250.75787353515625,15293041
2008-05-28,251.7527784301141,254.76777614049544,248.33576492398876,253.5115203857422,18875789
2008-05-29,256.8230635864113,256.8230635864113,245.72282498870857,247.50169372558594,36074351
2008-05-30,251.1397705535616,251.1397705535616,240.22045408216385,241.55206298828125,31400272
2008-06-02,244.0142904166295,245.22031117143368,235.17029028000772,237.0596923828125,23995763
2008-06-03,236.17525301976823,243.7026976677201,232.45674774568676,241.8685760498047,31603646
2008-06-04,242.10477456583402,245.62228569537712,229.64276657079353,231.853759765625,34076759
2008-06-05,236.17530862441964,236.17530862441964,218.58779078037682,225.80369567871094,67512736
2008-06-06,231.04981589373534,231.04981589373534,222.30628540360226,224.96954345703125,43442435
2008-06-09,219.2912897221114,223.04999485773502,212.15578248396716,217.3516387939453,45759185
2008-06-10,226.1252992991143,226.1252992991143,215.57279069883273,220.87417602539062,39890958
2008-06-11,229.14030271896917,229.14030271896917,222.10530578321374,227.27102661132812,41869703
2008-06-12,226.130348308948,230.64781475242964,216.7134721167485,228.8689727783203,45823345
2008-06-13,229.8437689110812,231.14022374736805,224.6177640816372,228.1754608154297,30620547
2008-06-16,236.1753167160714,236.1753167160714,227.35141502095985,229.37649536132812,27675956
2008-06-17,229.14535184862396,235.17033117610282,227.1303076977931,234.456787109375,21817003
2008-06-18,236.17528790883387,236.17528790883387,229.1402652872475,229.8538360595703,25210402
2008-06-19,227.0146956688521,228.1403186478753,224.14040695308228,225.93936157226562,17822807
2008-06-20,227.13534126890636,227.13534126890636,208.5679273221166,210.96987915039062,46870019
2008-06-23,209.04026357562668,209.33171905467293,199.22643082410673,203.58311462402344,47741229
2008-06-24,205.5227652670817,214.3667792998913,202.50775346946304,207.30162048339844,52403051
2008-06-25,196.60337417817308,215.8742813442798,196.60337417817308,214.66827392578125,36568788
2008-06-26,215.57279625980064,227.12026838964286,214.66829396586934,225.07508850097656,83441319
2008-06-27,218.68831665001935,225.9243219478496,214.5929385118287,219.3566436767578,57025184
2008-06-30,219.0902921863289,222.7987486375226,208.83927588095895,210.56285095214844,52730468
2008-07-01,212.05528707305007,215.9747878705966,203.6484423691689,205.43734741210938,51852931
2008-07-02,204.99015872606395,219.39182194435716,199.99529615478485,215.47232055664062,60769519
2008-07-03,214.06527919850276,214.06527919850276,203.5730695579993,208.04531860351562,43012613
2008-07-04,208.04029558144518,214.18587090499722,206.03028324296503,210.83921813964844,35613854
2008-07-07,210.05030291864213,213.0602832663133,200.69877062260636,203.83436584472656,32556971
2008-07-08,200.79925156316807,202.70372157115546,193.99538590672202,198.93496704101562,42090551
2008-07-09,201.00027071798243,210.54276163186267,201.00027071798243,208.95486450195312,30800621
2008-07-10,208.72872812854416,209.51765178912183,204.1760678254789,205.6885986328125,25189447
2008-07-11,206.4272547457953,207.92470411732836,200.19623700948003,202.61830139160156,29313661
2008-07-14,201.0002406509998,208.53774950769326,199.99524125911057,205.36697387695312,32490063
2008-07-15,201.50274773481812,205.70365393415213,197.78424179797855,198.72894287109375,41694564
2008-07-16,200.0103446040644,203.51277498217132,192.96025336904472,195.32200622558594,33919101
2008-07-17,204.8192665317111,205.4926250548801,197.49281451303776,202.8645477294922,27019109
2008-07-18,199.99523588996928,213.76374865725626,199.99523588996928,212.37684631347656,33682872
2008-07-21,215.97478840268326,217.50741870688756,210.35181193502248,216.36170959472656,26038363
2008-07-22,213.56279188015364,220.99980459535925,213.56279188015364,216.29136657714844,24964382
2008-07-23,218.08531635508925,229.03981471020367,218.08531635508925,227.86398315429688,44183828
2008-07-24,227.1202361658998,234.1652952811766,227.1202361658998,231.95932006835938,29147884
2008-07-25,235.01452312643073,235.01452312643073,214.5677716190508,215.78382873535156,62377468
2008-07-28,216.08030027329565,219.99478261841668,211.65326848214102,219.08023071289062,29603543
2008-07-29,215.05017779109983,216.97476077981318,208.537767224166,209.35182189941406,31092016
2008-07-30,214.86930113248238,218.4872968772556,211.05531557938977,217.633056640625,18342355
2008-07-31,222.587675991676,223.11027515663298,216.60289649192666,221.85401916503906,28463721
2008-08-01,218.09032097101093,232.45681503006264,216.37679554686565,230.9091033935547,33025291
2008-08-04,236.1552089992777,236.1552089992777,224.37659409792926,225.36148071289062,35839785
2008-08-05,226.7935857610433,229.7432673406249,221.60276177696792,228.7432861328125,41976693
2008-08-06,230.14532126242403,236.07482116086112,229.75336849466603,231.0095977783203,36432724
2008-08-07,230.94929065858503,232.84875606376843,227.1554316728312,228.3966064453125,24556347
2008-08-08,226.0951520213071,229.54230215057754,224.22081764089896,226.30618286132812,28902817
2008-08-11,226.24089655671932,234.7683254795865,226.24089655671932,233.68797302246094,25610677
2008-08-12,235.17030050959224,238.63754995161543,232.66785161235072,235.89892578125,32882192
2008-08-13,234.14520342318227,238.78831111251193,231.88896609019113,234.85372924804688,28458078
2008-08-14,234.76824315147599,235.67274517959783,227.26591593952347,228.80860900878906,20978604
2008-08-18,230.14530463188072,230.14530463188072,222.12538160657854,223.59268188476562,21991145
2008-08-19,223.61281284468697,224.51731516543728,220.63801296434602,223.0701141357422,18173673
2008-08-20,223.11030875495092,227.1303070653861,222.859065569312,225.7584991455078,19893266
2008-08-21,227.25595839456417,227.25595839456417,221.3565937184481,222.37164306640625,17102509
2008-08-22,221.05003155697466,227.12024054235434,221.00983265262,225.60269165039062,20077470
2008-08-25,221.6379885610785,229.64281778757845,221.6379885610785,224.31631469726562,12172890
2008-08-26,223.00977850408663,223.00977850408663,215.73859381522965,219.0249481201172,30411756
2008-08-27,221.09022283090115,221.09022283090115,215.0702626837301,215.874267578125,32314258
2008-08-28,217.88428130707038,217.88428130707038,206.306661022085,208.12069702148438,41999424
2008-08-29,215.07027276459107,215.86422797045873,210.9497642595846,214.68836975097656,22026362
2008-09-01,213.06031846003037,217.62804744661105,211.3518109760329,215.23614501953125,20027134
2008-09-02,215.07026916296098,223.61277781630497,213.56277000369877,222.38165283203125,22061325
2008-09-04,226.1252737537849,226.1252737537849,214.266261722624,216.3013916015625,23303097
2008-09-05,211.55275583516467,211.55275583516467,207.53274495014495,209.1306915283203,28217684
2008-09-08,220.0953079908197,220.0953079908197,213.56279737912578,214.38690185546875,25098286
2008-09-09,215.57277835239748,216.97978031302063,209.698545502234,215.32655334472656,17241294
2008-09-10,214.06024969941146,214.5376318385694,208.23627884085772,209.3065948486328,33404610
2008-09-11,208.03525483854833,208.03525483854833,199.2163722149798,200.73895263671875,49802072
2008-09-12,203.90978350135052,205.0203120477003,192.93013977076603,194.2316131591797,59654354
2008-09-15,189.91513766664056,190.95028652368362,183.23689861141295,189.63876342773438,43957670
2008-09-16,180.9002139226433,194.4677326503464,180.9002139226433,193.76925659179688,39166941
2008-09-17,196.98027239198427,196.98027239198427,185.77450469533073,188.60357666015625,35299106
2008-09-18,181.1012252915881,195.77424095378194,177.38271939248406,194.79437255859375,76522901
2008-09-19,199.09076427084054,208.23125247160073,196.9802679647929,206.53782653808594,45121517
2008-09-22,211.05026513623048,212.05526454588772,202.63840317131854,204.92979431152344,50737652
2008-09-23,201.00024059231873,210.6884578054441,201.00024059231873,201.64846801757812,45365420
2008-09-24,200.0003049126157,207.52776525121726,200.0003049126157,205.63333129882812,47808469
2008-09-25,205.13081272053867,207.00011547487819,200.29676021454026,203.58311462402344,43038005
2008-09-26,202.8092447227751,204.5177517378111,196.59833989982846,197.3018341064453,30364929
2008-09-29,198.487734580788,198.99023425751622,189.04072455726896,194.25164794921875,53055417
2008-09-30,189.93521217731802,199.49277095132442,181.44295130554502,195.90994262695312,59449825
2008-10-01,196.9802927992027,197.28178464234838,189.28700454573158,191.62362670898438,30413112
2008-10-03,196.87976325731776,196.87976325731776,175.4380599002856,177.02597045898438,93519208
2008-10-06,173.76472045187464,175.77473281868026,164.07651585572503,164.98101806640625,52962304
2008-10-07,166.94581299726755,172.0562539810717,162.15699014415563,168.3025665283203,56489869
2008-10-08,163.8152196542598,167.42317899308875,151.64465138262298,165.67950439453125,67137013
2008-10-10,160.770069842833,160.770069842833,148.43869267639795,153.5240020751953,73448501
2008-10-13,156.57921490671262,160.19721055425978,155.79530936460648,157.92591857910156,39084214
2008-10-14,163.312727169171,167.63423073636267,161.80522779701485,162.91575622558594,40474211
2008-10-15,159.8002005958892,160.77003255961856,151.39838934933783,152.7802734375,45259130
2008-10-16,145.72517708672734,147.2326761426196,133.16265811924427,139.89114379882812,89683073
2008-10-17,140.70020373685935,144.72021569163925,129.3235896285974,131.25820922851562,62609392
2008-10-20,133.6601440701161,138.69017266084848,128.74066246194917,132.7506103515625,61508244
2008-10-21,135.67517775088916,143.21268762593857,133.01193302782198,140.19265747070312,58829228
2008-10-22,137.94145196389243,138.04194922367924,131.20291614107833,132.33856201171875,39086690
2008-10-23,127.73565505627766,130.3386146249141,120.13784743380887,122.37398529052734,62538390
2008-10-24,120.60016735674238,121.58506750696667,99.49514209457055,102.45989227294922,80998549
2008-10-27,103.22871759150749,109.54515224331077,93.46512589503027,108.2386474609375,86584017
2008-10-29,120.60015456917401,122.39910930787549,115.47464638988104,120.77603149414062,67998730
2008-10-31,127.12762498429862,140.1926296707658,124.15281248136779,138.23287963867188,91581008
2008-11-03,144.61968095907565,146.2276908407549,140.40872487227773,144.8910369873047,61689421
2008-11-04,145.72519070740816,147.13219264125573,138.20778075849478,145.885986328125,54802265
2008-11-05,151.27276165399246,151.27276165399246,124.44928190666347,127.5396728515625,102413467
2008-11-06,120.56999362053965,123.91664618774824,116.20829192669571,117.64041137695312,83827121
2008-11-07,117.88666707294524,124.60007264337125,115.70580919738333,122.68553924560547,62624476
2008-11-10,125.65532717000282,131.52956069501502,124.11767858841155,130.96173095703125,43389771
2008-11-11,128.6502194853824,129.64518272003832,120.0021945162742,121.37401580810547,59637607
2008-11-12,120.60016628098477,121.26347513870608,114.82644346393293,116.80126190185547,72334211
2008-11-14,119.53484782811262,120.09764589567122,109.27880736829111,115.2485122680664,98632848
2008-11-17,115.57516458836058,117.57511398990063,108.37432701080793,114.71086120605469,65078384
2008-11-18,110.75617820017996,115.776157809961,107.57032076185162,114.56513214111328,64322213
2008-11-19,115.70077314766262,122.79608149210667,112.05764657136862,113.81137084960938,88865366
2008-11-20,109.04263197057867,110.44963384655419,104.52012785744655,106.1331558227539,67832147
2008-11-21,107.03264968022343,116.17816328871129,103.72619543110801,112.9973373413086,76070173
2008-11-24,118.24343245729098,118.24343245729098,108.03763994073284,115.05254364013672,65458351
2008-11-25,117.5851631141291,119.47456550574884,105.62564554911106,107.71604919433594,66249013
2008-11-26,107.19847326615667,115.27365708579073,107.19847326615667,114.45960235595703,74275220
2008-11-27,114.45960235595703,114.45960235595703,114.45960235595703,114.45960235595703,0
2008-11-28,112.56014998421972,117.55501193130632,109.64564862846582,114.01238250732422,63797424
2008-12-01,113.09279698803164,118.59015861148143,110.36422233886545,111.4948501586914,55672136
2008-12-02,107.53514364710283,108.91199648385935,103.01263907928943,107.93212127685547,62975613
2008-12-03,110.60542079378082,111.95714929335442,105.52513633217485,107.44469451904297,57455881
2008-12-04,108.94214192118696,117.5851549753966,105.53519069924576,116.48970794677734,81077077
2008-12-05,118.08764972155096,118.79114396755214,110.8516389427306,112.31893920898438,58443609
2008-12-08,115.79624792716437,118.05750344766592,111.25364414218718,112.41442108154297,60947625
2008-12-10,115.44450659976465,124.01717905412491,114.26866165216926,123.33377075195312,65787255
2008-12-11,125.62513058693376,130.41898303797643,119.92677615446547,126.52963256835938,79516743
2008-12-12,124.6201691619171,133.0621812705079,121.22828570287815,131.3637237548828,86870714
2008-12-15,135.57467059804,136.5796700524439,127.85626620100209,134.72544860839844,86264860
2008-12-16,135.67516824065606,140.3785742876792,133.2279995268005,139.54443359375,67795872
2008-12-17,139.69518938790623,141.40369663679124,133.6752285265986,135.81588745117188,77332575
2008-12-18,134.6701907452254,137.88619758331748,128.8964543702033,136.78070068359375,93671319
2008-12-19,136.70527183784543,138.43889623149943,132.91138688627944,135.80580139160156,72070062
2008-12-22,131.15266911737245,135.91637346485416,128.53965982576634,129.19793701171875,42665195
2008-12-23,128.74066869481044,128.74066869481044,125.2633560982979,126.60504150390625,33676275
2008-12-24,125.7256615871087,126.32865859747739,123.63023322311396,124.82115936279297,35923133
2008-12-26,125.62515373977384,128.13765225261105,121.00214574213392,121.62022399902344,27758079
2008-12-29,120.6001609314655,125.82114849803781,119.39416683596555,125.2533187866211,51221529
2008-12-30,126.63522823471307,127.93670170403688,123.42927071174053,125.67544555664062,39436803
2008-12-31,126.02719109743244,127.20303616521502,122.20818693296818,123.89156341552734,43146700
2009-01-02,126.60001350231431,130.64012429604895,125.8261577300186,129.2833709716797,43414060
2009-01-05,130.54966038482183,138.38867494230877,130.15772106184374,137.26809692382812,48183501
2009-01-06,136.6801894394162,139.69520170820647,133.79081889467085,137.77565002441406,52756287
2009-01-07,137.58465281218608,139.29315972787572,118.08763624398338,120.6755142211914,74375989
2009-01-09,121.60516931872091,121.60516931872091,109.91198217700995,115.90179443359375,83016869
2009-01-12,114.54000380715593,115.07266619520149,109.04264860962203,110.33910369873047,64436797
2009-01-13,110.01749657351404,115.17315390189485,107.03264056530337,108.29391479492188,57574149
2009-01-14,109.65568732380717,122.40915196710151,109.65568732380717,118.56501770019531,57312974
2009-01-15,114.75106102803278,116.57513350768076,111.30390390744518,114.80632781982422,54892324
2009-01-16,115.67566063911875,123.71567048703277,114.56010066873195,122.3438491821289,58287963
2009-01-19,123.07246126739291,125.62012721374913,121.40415306394415,123.60511016845703,37148665
2009-01-20,122.28857071516269,122.28857071516269,117.38415618505718,118.95698547363281,40660034
2009-01-21,116.58016060627288,118.88161517413563,111.55514951952891,112.54507446289062,43462384
2009-01-22,115.5651062857492,116.06257445863379,111.2636958567493,114.19830322265625,61203969
2009-01-23,120.3991443029126,134.1676571090196,112.56013044998969,116.19320678710938,70946672
2009-01-27,119.19312798171346,123.96186317209721,117.58513179864326,123.2081069946289,39227602
2009-01-28,125.42417432572856,129.64518038598183,123.2533662253744,128.03717041015625,40185450
2009-01-29,129.1426365851598,130.14764929052123,124.74576805524616,127.64518737792969,55501398
2009-01-30,124.4191663995096,133.7455816993201,124.4191663995096,133.02198791503906,48641391
2009-02-02,129.64516480037295,135.9565669694278,127.99192454343428,128.64015197753906,46945414
2009-02-03,129.64514358576153,134.13749099743708,127.94165497906185,131.2732391357422,60467187
2009-02-04,132.15770240857233,134.41895844820638,130.15775273203016,131.40394592285156,34707190
2009-02-05,133.56467751411122,133.56467751411122,127.7507429385354,129.52456665039062,35930771
2009-02-06,130.65017810847888,135.67517566974874,130.20797671298405,135.15760803222656,37982348
2009-02-09,136.17766162698697,140.59967513385246,134.77065976889784,139.66502380371094,38828552
2009-02-10,139.58462592763186,142.1172239039116,137.92134935489628,140.89614868164062,59468514
2009-02-11,137.18269691110834,139.62484775664478,136.78069439763058,138.81581115722656,36794369
2009-02-12,138.55952238515923,138.55952238515923,135.2028198507951,135.83094787597656,27513310
2009-02-13,137.38368831980569,141.1021947125974,136.78069127213107,139.93638610839844,25414398
2009-02-16,139.13736546854318,140.40367091482787,131.76568511923202,132.68023681640625,40197078
2009-02-17,130.76576614691734,131.3536953922809,126.44929369380579,127.36384582519531,33499857
2009-02-18,127.33367827425863,132.439073807005,124.62017145705268,130.16275024414062,40022087
2009-02-19,129.6451927052564,131.55469466985141,128.85123736881036,130.02206420898438,26286999
2009-02-20,126.23318235015836,128.94165722462378,124.7759318700461,125.96685791015625,32176864
2009-02-24,124.11766776021618,126.99197011982879,120.73583407274106,125.95178985595703,39986923
2009-02-25,127.13265180440648,129.24316127189334,126.88642681799335,127.2884292602539,25854675
2009-02-26,126.4291813915064,130.34868246065176,125.75582281327755,129.7255859375,33594353
2009-02-27,129.584876715421,129.94668032437323,125.27845441572626,127.23820495605469,42086745
2009-03-02,123.48449422675624,127.00200553800832,122.10765498017923,123.17797088623047,43205200
2009-03-03,123.61515401249113,125.8211291663253,118.08764390772961,120.2835693359375,45821621
2009-03-04,116.11281594680361,122.37900120045656,116.11281594680361,121.71570587158203,52293436
2009-03-05,121.40415542795832,122.61016283655827,114.79626583145924,115.5550537109375,62274477
2009-03-06,113.5651495299596,118.28865542875155,112.08779939789397,117.57511138916016,39923401
2009-03-09,116.6806436048368,117.3841378254719,114.38422089010855,115.91181945800781,29283265
2009-03-12,118.6906455380528,122.06744740417484,116.37914146533019,120.80115509033203,42565853
2009-03-13,123.60511079283472,130.0270602338822,123.2131580552539,129.06729125976562,35991799
2009-03-16,129.0672967720233,134.06717663182332,127.73566103823954,133.42398071289062,39608190
2009-03-17,133.66518741035836,134.971692248522,129.96176216515792,130.6702880859375,41608363
2009-03-18,132.167746981543,136.8812037217797,132.167746981543,133.80589294433594,38224746
2009-03-19,134.46915399583185,136.0620823232763,132.6701996031254,135.2429962158203,37983276
2009-03-20,134.5696985171572,136.67014538896964,132.8611910466192,134.5897979736328,44674678
2009-03-23,136.07719437175462,145.72521499050077,136.07719437175462,144.56443786621094,43499158
2009-03-24,145.73019819834624,148.2376785218087,144.72018065333654,145.97140502929688,60343381
2009-03-25,145.72519429196115,155.67470533658047,145.72519429196115,153.98629760742188,83712931
2009-03-26,155.7450497683848,158.6897000812595,153.061692339472,157.33294677734375,71881938
2009-03-27,156.17719739416407,159.13189735723589,154.26769577506698,155.64956665039062,59012548
2009-03-30,152.87072894914044,154.26768098839864,150.2476701970535,152.4033966064453,60118929
2009-03-31,154.26769454234864,155.97117005510037,152.25769567883944,153.23756408691406,49999155
2009-04-01,153.06171367005192,160.19722160474825,150.4838847168725,158.9158477783203,41804082
2009-04-02,161.8052356771888,168.84024650739383,161.02636163451868,166.96591186523438,48027558
2009-04-06,170.85023579207973,175.1013912258343,165.383023094403,167.99603271484375,46014129
2009-04-08,164.81521330572895,174.76974371508098,161.30273282082672,173.37782287597656,80451816
2009-04-09,175.8752329718663,177.66915612434232,171.3778528693309,174.44309997558594,45443125
2009-04-13,176.87518618451517,179.7947187216512,173.1617118975484,178.2419891357422,33290726
2009-04-15,175.87524478551543,184.89010504924195,174.18181878490086,183.92027282714844,52910376
2009-04-16,182.01574576068302,184.92019653078788,172.69436501602007,174.36769104003906,57919904
2009-04-17,175.8852650724638,178.95554344308073,171.08638023648314,172.55368041992188,56174264
2009-04-20,172.86021953637223,176.34758196208,169.67437573985103,172.39791870117188,43137461
2009-04-21,170.3476952711768,174.23202801843593,169.31254676491147,171.46324157714844,43770744
2009-04-22,172.86021999382302,174.16672469111202,169.9457188043113,172.6592254638672,38704160
2009-04-23,172.55873385065902,178.3776866937713,170.44822412937103,177.25209045410156,37089448
2009-04-24,175.8752601815488,181.1012663945603,173.56375562728041,179.77969360351562,47905047
2009-04-27,179.99572822999238,181.60372461271092,176.98071656329898,179.447998046875,36727750
2009-04-28,178.99070456213744,180.09621458727133,173.96570778434196,174.5837860107422,35210193
2009-04-29,175.97572283709476,182.91023513544053,175.4581418146816,181.52835083007812,37372907
2009-04-30,181.9253692626953,181.9253692626953,181.9253692626953,181.9253692626953,0
2009-05-04,186.0257347800859,190.44774855216977,184.95038722489684,189.65379333496094,37496293
2009-05-05,189.44274588337777,190.41759615854542,184.5182324590806,189.30706787109375,42684575
2009-05-06,189.844761664432,194.779325509792,186.93026015470116,189.0910186767578,42714525
2009-05-07,185.92521123861317,193.4526698960868,185.92521123861317,192.51300048828125,32146923
2009-05-08,192.9602575834038,194.16626506346765,188.43774630507173,190.98040771484375,34869757
2009-05-11,192.85975323091043,193.76425545335542,185.93529039120048,187.09104919433594,32877309
2009-05-12,185.92023946688707,198.52797810881182,185.22176328329613,196.97023010253906,40121823
2009-05-13,198.21138583979194,198.48776002654694,191.55324749767755,194.26675415039062,45730547
2009-05-14,191.17637111272035,193.71400077791708,188.96034610386798,191.84971618652344,35410007
2009-05-15,192.4577188867773,196.98022925020274,192.12104639511685,196.0455780029297,27591942
2009-05-18,215.77382011891453,254.76787865112195,211.17592864688046,237.9391326904297,462151
2009-05-19,246.22532895963124,251.2503263629735,221.10028827281872,224.2057342529297,91641231
2009-05-20,221.1002729086096,226.3966259757516,214.6883600297759,216.3214874267578,59032384
2009-05-21,215.57274727095117,218.7887532054786,211.30652494376443,212.60296630859375,34800216
2009-05-22,211.03016387727897,221.82387852546344,210.1457745454434,219.66815185546875,38903746
2009-05-25,221.10029313034488,222.60779238446702,216.47728468368325,220.57266235351562,27159102
2009-05-26,219.10031845117487,222.00476962925873,214.1155070045071,215.34161376953125,21734582
2009-05-27,218.286300452041,221.60280434975024,216.32151840615015,219.7284698486328,45717213
2009-05-28,219.0902649291275,225.72327149737833,219.0902649291275,223.16554260253906,39356028
2009-05-29,225.60270514834022,231.92415766415309,222.40679813825614,228.3262481689453,55968204
2009-06-01,234.16529225105808,234.16529225105808,226.74336180199617,229.36138916015625,26050762
2009-06-02,231.1603661034685,231.99955187854334,223.51734050459604,229.05990600585938,28865737
2009-06-03,227.26089172339152,231.90399843254525,223.66298315562182,225.7131805419922,30082029
2009-06-04,223.59269295529697,228.01973845084476,217.08028220807535,227.30616760253906,33775337
2009-06-05,228.63778843137047,229.24079882909516,220.09527977802648,222.38165283203125,40927517
2009-06-08,221.80380586485583,227.31123096977407,218.68830983069557,220.497314453125,33055905
2009-06-09,219.8942843802304,230.24581139957363,218.5877930848752,228.3513641357422,36345045
2009-06-10,230.24580407886347,235.16024099640495,229.75837222711354,233.18040466308594,34694005
2009-06-11,233.16033370929455,233.6628200856222,229.39156512909648,231.47694396972656,22236115
2009-06-12,232.15527265645943,239.0897706591868,231.67787718152593,237.39132690429688,43019175
2009-06-15,237.15017278001693,237.15017278001693,217.61292745199927,218.9696807861328,62480205
2009-06-16,216.07527884422703,219.582740740236,213.72357575070163,215.40695190429688,44870038
2009-06-17,213.64317911470172,218.8892839802897,204.65343705049034,206.16094970703125,43046719
2009-06-18,206.82926178964127,208.28651229106973,200.00529667179094,203.5177764892578,54312001
2009-06-19,205.52278964459228,207.2765140445351,198.69882344868924,205.17103576660156,42449160
2009-06-22,205.79414127553426,206.025298434321,194.22155089132008,196.22653198242188,40433018
2009-06-23,190.95026082068014,204.38712153187922,190.95026082068014,202.5379180908203,52029156
2009-06-24,203.51277178936732,204.59313751640076,198.19128729624694,201.23643493652344,41212516
2009-06-25,201.1208907866041,203.41229591254555,195.21650772758244,196.78933715820312,46686191
2009-06-26,197.59834130991257,204.71878105015,197.2767500373727,203.93487548828125,34815029
2009-06-29,203.61329650111088,212.34675153844566,201.4776689491751,209.74380493164062,32603982
2009-06-30,211.0502460335596,211.98489727839672,202.06552367930115,203.3519287109375,26084929
2009-07-01,204.00520152962622,209.54274788374,199.79424577915964,206.90965270996094,32531518
2009-07-02,219.3918080106499,219.3918080106499,200.53296401059555,202.14096069335938,33686302
2009-07-03,201.00024683291574,204.52780795611343,198.99024798731818,203.77908325195312,37909158
2009-07-06,205.824263193052,206.22626567255875,187.03576941644528,190.26182556152344,51827829
2009-07-07,191.050739092882,192.25674646746256,183.43283209181277,186.47296142578125,51057090
2009-07-08,186.47296046325783,189.945241415547,180.6288770956418,183.8800506591797,50495159
2009-07-09,184.41776419420975,188.4277129134408,183.92531411610196,186.2669677734375,32268349
2009-07-10,186.22671859893822,187.62868878784784,175.37270693705244,178.4027862548828,36758916
2009-07-13,175.84507300067017,177.7344751482868,172.56876842017383,175.97068786621094,36305996
2009-07-14,178.28721157990185,183.4127190617603,177.4832067230352,182.31224060058594,32365032
2009-07-15,185.92524648694754,189.9452579812042,181.55851270790274,188.5684051513672,27771011
2009-07-16,191.0507499600281,197.82445352593803,188.940253706371,194.50794982910156,48357416
2009-07-17,195.48279016519982,197.58325000258031,193.49289073217344,194.67376708984375,28917805
2009-07-20,196.98027261904863,204.91977168894243,195.9752730764678,204.346923828125,36034847
2009-07-21,209.9146157842866,209.9146157842866,201.7389286972008,202.8745880126953,26978476
2009-07-22,203.5127837860367,206.78907532937092,197.2415662234231,198.55812072753906,27518674
2009-07-23,199.9952822725154,206.40719634540184,199.69377702610873,205.1760711669922,25944577
2009-07-24,206.02528019741018,207.77398636399505,199.60331680462505,202.69369506835938,37085126
2009-07-27,195.97523582525412,200.49773290722604,191.61855249974323,195.03555297851562,52651678
2009-07-28,195.67374785502014,196.9501033157567,189.50304163340587,191.7140350341797,50364983
2009-07-29,190.95023502362037,194.76923811398984,188.03573407755144,194.00543212890625,41704949
2009-07-30,192.9602575834038,193.50295625329846,189.84474832304994,190.98040771484375,26943006
2009-07-31,192.45774934983834,198.47770992323447,192.0808778990744,196.51795959472656,30553219
2009-08-03,197.87471802781067,204.11577274433054,196.78930729024478,202.70877075195312,23955323
2009-08-04,204.31678622156576,206.32679883812196,201.25153878479875,204.9951629638672,33575331
2009-08-05,204.51777445459138,209.44227470046988,204.17607033012462,208.67848205566406,33289859
2009-08-06,205.38707073865237,213.5627571921503,203.64841456714123,205.70364379882812,43022238
2009-08-07,204.6685070273472,207.43226218808726,200.01534970468555,200.7741241455078,34997614
2009-08-10,204.06047906102975,204.492630698666,198.2867437267596,199.80430603027344,26363427
2009-08-11,200.29677310003342,205.82930206326301,198.88977108063386,201.04046630859375,27474086
2009-08-12,198.48270359291027,201.000233555306,195.30187834889097,200.06558227539062,29958739
2009-08-13,203.51279009835258,205.43234170619147,200.69878591484166,203.4424285888672,26524147
2009-08-14,203.7137330213832,207.43223856563984,201.70373437611687,204.6634521484375,29262231
2009-08-17,201.90474977002694,202.0052470291867,193.46273848516364,195.1662139892578,30040259
2009-08-18,193.33211021817976,196.59836537051675,192.9753382058698,195.0908660888672,26014696
2009-08-19,194.9702646219786,195.96521446047672,188.03576493441452,189.52818298339844,29148426
2009-08-20,190.95023774128416,193.86473872883315,189.7995105932142,190.7894287109375,20579108
2009-08-21,189.7442411513684,194.4677467210958,187.69404330153787,193.8446502685547,26343198
2009-08-24,196.98026824119,199.0807148233471,195.83455912749224,198.41741943359375,22140885
2009-08-25,197.50283729161038,204.31673890193616,196.5330052547009,203.57806396484375,28437053
2009-08-26,203.618272507301,205.6936012624043,202.13087283737167,205.0353240966797,21993621
2009-08-27,204.41726872627316,206.92978096102584,203.010266705121,205.25645446777344,25676360
2009-08-28,206.02526034226017,209.04025865423432,203.56802853331112,208.4473114013672,21877637
2009-08-31,207.4322966796808,207.4322966796808,200.49778330971725,201.51283264160156,31540641
2009-09-01,203.49266790138677,205.22127460898517,197.52296907554177,199.07569885253906,22733195
2009-09-02,197.88478474406244,200.78923651859682,196.980282427197,198.10086059570312,23849191
2009-09-03,198.99026750639348,199.71386125807555,193.2919113646031,194.045654296875,26446530
2009-09-04,194.76922074208773,200.3972276190839,194.4677155817047,199.10580444335938,25361664
2009-09-07,199.49277411963817,201.8997575824657,198.63852047186407,201.2866973876953,22578214
2009-09-08,202.50772989354806,210.48743970482738,201.53791129705982,208.59803771972656,52059674
2009-09-09,208.5377749065301,218.53753483302432,207.2312701709388,217.9295196533203,52578339
2009-09-10,220.1002888616293,225.1102313899232,214.32655376789916,215.81898498535156,35669728
2009-09-11,217.58278535728482,218.21594498434584,211.55278823260025,215.1557159423828,31370847
2009-09-14,214.5677684438253,216.9898194969133,212.20601574672392,215.02001953125,19047648
2009-09-15,215.27127437561552,219.4922666010937,215.27127437561552,219.18072509765625,18872954
2009-09-16,220.69827114117552,222.97962598285704,217.44206606293082,219.4922637939453,19382756
2009-09-17,219.5927992531274,221.10029854416183,208.13577512270865,209.65835571289062,145062738
2009-09-18,209.0403073066562,212.3568115887269,208.54785719940287,211.3065948486328,25713816
2009-09-22,213.9346006683771,215.04009725146148,209.85429156790974,210.84422302246094,23011168
2009-09-23,210.74876457434155,213.56276835018681,210.04525692161792,211.2211151123047,24365231
2009-09-24,210.04527332998393,214.0652847884525,206.8292802642399,211.145751953125,41664465
2009-09-25,209.48245543321008,215.86421916336894,208.5478040984951,214.56776428222656,31204369
2009-09-29,215.62301710254675,219.25107553793524,215.07026875362178,218.1907958984375,40254449
2009-09-30,219.49229133686518,222.3967563769675,217.58278952728077,221.26612854003906,36946165
2009-10-01,221.0902398586843,221.0902398586843,216.47728121266428,218.5224609375,26342402
2009-10-05,217.07022462902776,218.2862817683638,213.19092292279691,214.97982788085938,25912186
2009-10-06,217.07523801751478,217.07523801751478,211.25125437408715,214.47731018066406,32106115
2009-10-07,216.02502571952814,216.87927929109466,209.45231686615713,211.18092346191406,27123920
2009-10-08,221.1002749778834,224.66803499549692,211.0502673579885,213.02508544921875,61481645
2009-10-09,213.92961336921613,214.2260870263059,210.0452798108114,211.02516174316406,27668151
2009-10-12,213.06026058562568,219.6932673184705,213.06026058562568,217.9897918701172,39339692
2009-10-13,217.28126525878906,217.28126525878906,217.28126525878906,217.28126525878906,0
2009-10-14,218.58777327782957,220.84901523202018,216.3415857859131,219.5123748779297,29186933
2009-10-15,220.99979352002003,223.2911982656981,217.582779145881,218.2360382080078,28442679
2009-10-16,219.5090597805393,225.1737965537573,218.5986525211546,224.44041442871094,29379397
2009-10-20,227.09576820907347,230.97003630583936,220.30312448362554,220.98086547851562,27662481
2009-10-21,220.41942932011125,223.45412435305062,219.3724718909321,220.74313354492188,22306470
2009-10-22,220.72289647954412,220.72289647954412,214.55236674767198,215.98878479003906,20217305
2009-10-23,217.10150408285267,217.9208732241974,206.1159397073184,207.1022186279297,44095335
2009-10-26,207.3702995245568,209.1911139923911,202.71710999678493,203.865234375,27736152
2009-10-27,202.51478116691467,203.32402144915994,199.78355976339753,201.4020538330078,30934515
2009-10-28,200.80018942082813,206.69760566200458,200.80018942082813,205.7669677734375,25810298
2009-10-29,202.41364591780362,206.75326023888732,200.3298326208775,202.25180053710938,30886813
2009-10-30,202.41869187395804,205.8529495207069,194.42228292382853,195.34786987304688,43583626
2009-11-03,194.22500207706673,194.70548716434314,182.3087882430077,183.9576416015625,42857711
2009-11-04,187.13905663938527,195.02924856433125,185.3890494337026,194.29080200195312,39964979
2009-11-05,193.12240407364217,197.05232616027243,187.24016848758632,196.35940551757812,30087288
2009-11-06,195.23153790768134,199.77345856693398,195.23153790768134,198.01333618164062,30606215
2009-11-09,199.78357465244306,205.5494779306084,198.42807918437907,204.7806854248047,28682653
2009-11-10,206.35872114684756,212.67593014023828,202.8182458745108,207.8254852294922,55352725
2009-11-11,209.19109495334465,215.50323949624652,205.91868282544687,213.8442840576172,36604347
2009-11-12,214.95700126608745,217.08127564834322,210.80959234701638,212.55453491210938,33326415
2009-11-13,211.41654661422527,215.36164921767354,210.81972828247834,214.40066528320312,22380386
2009-11-16,217.38473299687766,218.68965163717635,215.62967522758618,217.8500518798828,18087647
2009-11-17,218.49743401998165,218.66940819818927,213.13615859678058,215.70046997070312,26297936
2009-11-18,218.69976793299656,218.69976793299656,211.83125333504194,212.43313598632812,34189418
2009-11-19,212.30165757762305,213.42955123127436,209.6867691130501,210.78936767578125,20240605
2009-11-20,210.4049724092389,215.9635045155567,208.88763158520626,214.7850341796875,27023694
2009-11-23,218.49747166095003,223.3276861438677,215.7713144780092,222.0328826904297,48369770
2009-11-24,221.73447590109689,223.04951003943344,219.31684317633275,220.23736572265625,30382900
2009-11-25,221.10221220700086,225.16363358615567,219.49888450614674,222.007568359375,36335219
2009-11-26,224.7691598791137,224.7691598791137,213.09572559634452,215.2098846435547,22221066
2009-11-27,212.4280879755631,214.04658200845995,204.53789749053217,211.6087188720703,25469866
2009-11-30,214.9570103069713,218.27493488075282,213.23734925463108,215.15931701660156,18071456
2009-12-01,217.4858948501725,222.5437107553318,215.90786212197455,222.1390838623047,12511349
2009-12-02,223.60588016509215,226.31687128586398,220.763389674281,222.63478088378906,20681036
2009-12-03,223.5350528613325,226.5899651387849,220.9454595106879,222.47291564941406,17415284
2009-12-04,220.7229256517488,223.95992771852696,218.55818971995495,220.19691467285156,13963709
2009-12-07,220.11596141633552,221.35005925136136,212.42809101607872,213.4396514892578,20671910
2009-12-08,214.45123515436035,219.39776937427754,213.47002057895557,218.56829833984375,20434211
2009-12-09,216.47433666081636,218.09283074493138,214.88618858111553,216.84861755371094,11179921
2009-12-10,217.2229124878982,218.90209868938416,214.85585646498754,216.83851623535156,12944596
2009-12-11,218.4974579957688,220.11596558762244,215.36162317051222,216.72723388671875,15450296
2009-12-14,216.06976194369284,219.30676439876893,215.05820120869217,216.0596466064453,13923500
2009-12-15,216.0697096280276,217.28359031919265,212.0234676677172,212.7517852783203,14673678
2009-12-16,212.40784310600637,213.4396477354172,210.0205566498563,211.8514862060547,14773099
2009-12-17,213.39919500781286,213.39919500781286,208.38184036111784,209.38328552246094,14196403
2009-12-18,209.39341917061876,209.39341917061876,203.32404215746206,203.86016845703125,21984942
2009-12-21,202.5147956656425,208.54369764829434,200.2893543436216,205.74166870117188,24594381
2009-12-22,205.9945621910595,208.1390672890455,204.5986054082661,206.19686889648438,13939289
2009-12-23,207.37031475140114,216.0495166132475,206.6419835087388,215.70558166503906,21453446
2009-12-24,217.4859196475179,219.2662727777819,214.11741827328052,217.74893188476562,16147574
2009-12-29,218.29515129744377,220.31827228212327,216.47433700918427,218.54803466796875,12172264
2009-12-30,218.45698204741197,219.5090173138111,216.37316919314102,217.6983184814453,9279882
2009-12-31,219.30670187926222,221.7344496521911,218.77057565285702,220.63185119628906,17542130
2010-01-04,220.7431613596851,220.7431613596851,206.73302898424873,217.5870819091797,76646086
2010-01-05,232.63909817452716,232.63909817452716,215.54368385434742,216.61593627929688,21392825
2010-01-06,218.47725881675467,221.43103154609915,216.60586758463737,220.11599731445312,23691760
2010-01-07,220.11596972049605,225.57839918276431,218.09283519269283,223.7677001953125,26197920
2010-01-08,224.16219894726856,225.3356182568051,221.73445115785432,223.1809844970703,15110149
2010-01-11,229.56396332231196,232.59867205302726,212.42811208163744,218.8009490966797,188649642
2010-01-12,221.53218234589906,230.08999983118585,217.89055328658668,219.37754821777344,32790509
2010-01-13,220.1159816959202,220.9252220459481,216.19110995203317,220.23736572265625,15360176
2010-01-14,219.7113339378135,227.56104967112483,219.7113339378135,226.93389892578125,24545629
2010-01-15,227.7633482736139,230.41364687600685,223.56537652179665,224.7185516357422,18766617
2010-01-18,223.9598913331536,225.871743553487,220.91508114569567,222.4425506591797,14172193
2010-01-19,222.54371469689724,223.76769722723498,219.03358545367348,219.509033203125,13064666
2010-01-20,221.53215928916546,221.95701686887483,216.87897008770136,217.99168395996094,19331024
2010-01-21,217.48591420256977,217.8905411316015,212.47868803046416,213.24746704101562,18611321
2010-01-22,210.60726187327847,216.6766377883938,208.28066754739893,213.20697021484375,39869565
2010-01-25,212.35727355196246,213.31825736730556,209.73733431560765,210.8197021484375,13393277
2010-01-27,209.19110346266322,212.42810529753038,206.35872854529455,207.8861846923828,24843485
2010-01-28,210.40497202076503,211.70989079917447,207.3702903783027,209.82838439941406,33223459
2010-01-29,208.96852661039125,212.7922309231218,205.97430670018926,211.65928649902344,23333042
2010-02-01,209.89920518812593,213.43968083617048,209.50469357821635,211.4974822998047,12132865
2010-02-02,212.83272797708696,213.7127891975697,207.1882085671944,207.8356170654297,17248998
2010-02-03,208.60436816746878,212.10438190945035,208.60436816746878,209.18096923828125,15052266
2010-02-04,210.00032619357737,210.00032619357737,205.14483060074906,206.18673706054688,11974603
2010-02-05,197.25465609446596,203.88037581594554,197.25465609446596,198.61013793945312,29882876
2010-02-08,199.2777965612137,203.19253947123454,197.2546754249401,201.16941833496094,25894932
2010-02-09,201.04802225300347,201.90785279365775,198.8124790534475,200.94686889648438,14292031
2010-02-10,202.29223965373995,202.29223965373995,198.67084161766203,199.2980194091797,18261247
2010-02-11,200.13761048994212,206.3182555824347,199.98586696372735,205.37750244140625,23450102
2010-02-15,207.77490846930593,207.77490846930593,203.85003696548532,204.33558654785156,13498617
2010-02-16,204.35583354518752,206.56104426447104,203.32404228836205,205.90353393554688,10068256
2010-02-17,207.37026437186964,209.95985742806053,206.77344615462113,208.89772033691406,15630122
2010-02-18,208.38183516428438,210.0711500641923,201.30089836233688,201.86737060546875,19834114
2010-02-19,201.30090658557444,201.30090658557444,197.68962394226673,198.9136199951172,17754534
2010-02-22,201.36163311332245,202.31250177849603,196.24312415916788,197.8515167236328,12692045
2010-02-23,197.05232718500355,198.87314135075624,196.24307344353147,197.32545471191406,12976934
2010-02-24,196.243099691472,199.41940957223713,195.56535870829512,198.02345275878906,12487589
2010-02-25,198.28641287971055,199.2777425077946,194.04796687570666,194.8470916748047,18954063
2010-02-26,196.04078156500967,201.30090427156554,195.48442464015318,198.0537872314453,22579233
2010-03-02,199.27778556097817,202.11016039746102,198.1448275233129,198.9136199951172,18210596
2010-03-03,199.88474560150286,207.9772442752173,199.88474560150286,207.32984924316406,26623966
2010-03-04,210.4049747015982,210.4049747015982,203.93098441416743,205.1448516845703,20781218
2010-03-05,206.76335837908852,207.5725987203788,203.34426695530615,204.29513549804688,11774505
2010-03-08,206.6014761247993,207.77489541980674,202.7170797098325,203.14193725585938,11941298
2010-03-09,203.62750094213956,204.69975346338285,199.8948342826868,200.3601531982422,17459521
2010-03-10,201.30090450410285,206.1361696451437,200.14772931344058,204.08270263671875,24807175
2010-03-11,204.33556905962163,206.3587034005961,203.72863550988876,205.64048767089844,14583772
2010-03-12,205.34715239486266,208.9887673652942,205.14483219893228,206.68240356445312,22333253
2010-03-15,206.76335263910929,208.7763583586808,204.96276895813523,207.98733520507812,18131701
2010-03-16,208.78651654861403,216.83855458475247,208.17958280863826,216.0596466064453,33998717
2010-03-17,217.4454263694205,219.00322837705733,215.62461216316274,216.41363525390625,21599472
2010-03-18,217.28359858917761,218.82117005241193,215.2807082023876,217.8804168701172,15292424
2010-03-19,218.2547035850894,221.8356268711407,216.5046965313136,220.9353485107422,19737747
2010-03-22,214.85585064168941,222.34140125496435,214.85585064168941,217.2734832763672,20468483
2010-03-23,218.082726772846,221.31972861485275,217.88042006621086,220.8038330078125,20005544
2010-03-25,221.73445679316953,221.93677699208226,217.97144424766174,220.81393432617188,22967888
2010-03-26,221.93680918384322,224.7691843384975,221.56252824091726,222.63478088378906,18075516
2010-03-29,223.29224541360736,224.55670268908122,220.72288303145487,221.18820190429688,20249784
2010-03-30,221.73446464620105,223.69689366597427,219.10441000814632,220.1463165283203,18938795
2010-03-31,221.10732645707498,221.53218408433688,216.73737965468067,217.33419799804688,21647708
2010-04-01,218.0928447127277,222.24025379436384,217.8905380036765,220.9353485107422,12519976
2010-04-05,221.83562071112732,228.54229050675224,221.83562071112732,227.78359985351562,19912935
2010-04-06,228.20846488360164,229.22002538415973,226.63041861822538,227.23736572265625,12481837
2010-04-07,227.60154533417202,232.5986834427712,227.21716256131515,228.5524139404297,20218574
2010-04-08,229.22001109451762,229.9281115038371,222.8471749362381,223.8688507080078,14723428
2010-04-09,224.20270743648607,228.81544946414598,224.20270743648607,227.54086303710938,16826518
2010-04-12,231.64781580496154,231.64781580496154,227.12611198058735,228.0769805908203,12699784
2010-04-13,228.20849598145793,229.42236334549273,224.8298791275531,226.77206420898438,13971281
2010-04-15,227.60150949027764,229.6043997486453,219.92375449645522,220.66220092773438,24286918
2010-04-16,219.73151957823657,221.5321027889404,216.7069541212395,219.35723876953125,18193722
2010-04-19,218.45698350453543,218.45698350453543,212.63038893693349,214.81536865234375,16389189
2010-04-20,216.4439822872884,218.4468725216581,213.30813408323772,215.09860229492188,16748550
2010-04-21,216.47437038178126,217.2229322841765,212.05384683743893,213.25759887695312,19187549
2010-04-22,212.5292715961633,221.309626271761,212.438233572833,217.63766479492188,25598349
2010-04-23,218.49744898396492,221.734450529044,218.49744898396492,220.1564178466797,23235165
2010-04-26,218.4974579957688,222.09862523303522,215.15930296897054,216.72723388671875,16652152
2010-04-27,215.058121222027,216.06968158079758,213.4396273490177,214.70407104492188,13970196
2010-04-28,213.22717930624222,213.22717930624222,204.7401719188179,205.8023223876953,40110291
2010-04-29,207.1679772165441,210.38474851031185,206.18676264177913,209.40353393554688,23447044
2010-04-30,210.40497366384787,211.86162248421945,208.38185255307417,209.1101837158203,15821019
2010-05-03,207.57260473670672,208.90786957045032,205.9743411735852,207.11740112304688,12535244
2010-05-04,207.208418553171,210.20265217207356,205.04368289831447,206.59136962890625,17348783
2010-05-05,204.33558526139578,207.0769220443097,202.98010337737725,206.49021911621094,14976570
2010-05-06,206.3182519931557,207.0263389177336,203.12171173519266,203.90061950683594,23863448
2010-05-07,197.45697363558298,214.45122286093337,197.45697363558298,208.9483184814453,72063684
2010-05-10,214.20332527082877,220.52140291165625,211.9614214866551,219.9915008544922,38050844
2010-05-11,221.94807078230903,221.94807078230903,216.72036764215642,217.6273193359375,26325489
2010-05-12,219.30877395037166,222.0398058801115,216.86306660768108,220.71505737304688,15294301
2010-05-13,216.44519418521284,222.8447920953806,216.44519418521284,218.44252014160156,11947698
2010-05-14,217.60694191738702,218.27951987716546,210.94238492699418,212.70533752441406,18161695
2010-05-17,210.88123621673432,210.88123621673432,205.64334303594558,207.18209838867188,20611809
2010-05-18,207.8852558864463,210.62647774400844,205.39877449750725,208.00753784179688,15445191
2010-05-19,207.2738050749506,207.42667111396696,202.8103915571381,203.53392028808594,26097480
2010-05-20,204.0128809238458,206.45858800559213,202.5352529070384,203.7988739013672,18577281
2010-05-21,201.75058408258792,203.7784807595955,198.93801771421533,202.902099609375,19167407
2010-05-24,207.47761123435728,213.78549821741424,207.16170261535956,208.42532348632812,24726303
2010-05-25,208.90430438852124,208.90430438852124,200.2933716028274,200.88441467285156,25245934
2010-05-26,202.76962802203056,205.84713861276524,201.97476816653253,205.44972229003906,13726569
2010-05-27,206.0509716118357,209.45458126226833,204.13516656278838,208.3438262939453,27405100
2010-05-28,209.91314864144317,211.75762251879382,206.76429311737084,211.27867126464844,17535288
2010-05-31,209.95389734072435,213.69379569626687,209.66855919502007,213.10275268554688,16548811
2010-06-01,212.63397467346502,212.98044015953548,204.64465688576266,205.959228515625,19466130
2010-06-02,206.86620728951772,208.0890540229695,204.4918313564558,206.0611572265625,19728249
2010-06-03,207.8648550232831,211.5537888803896,207.8648550232831,210.08636474609375,17106958
2010-06-04,210.12714871632824,211.14620583841184,208.38459001626669,210.1679229736328,14088022
2010-06-07,206.8662083406487,206.8662083406487,203.80906428143805,205.38858032226562,13503377
2010-06-08,205.78599906855652,206.39743601011773,202.8103900783777,203.07534790039062,15226706
2010-06-09,203.84980242847865,206.8661855037092,203.80904178199114,205.2458953857422,15242486
2010-06-10,205.8471271574336,207.36551564908353,205.26627434382755,206.93751525878906,13962908
2010-06-11,208.90429599041474,214.1727598029363,208.0890557579672,213.26580810546875,23307069
2010-06-14,214.99819717481415,218.07570806438147,213.81609743890394,216.75094604492188,15892958
2010-06-15,217.09743033115345,218.05533289626396,214.01991936878753,217.28085327148438,18992836
2010-06-16,218.07569392852864,218.61578614340908,215.03894388824872,215.6197967529297,11833071
2010-06-17,216.71019256810897,219.5023789830314,215.69114901325142,218.36105346679688,21047804
2010-06-18,220.15455715657436,222.111136511364,214.11162713329713,214.88609313964844,38277934
2010-06-21,216.24138994401295,218.4221525284998,216.24138994401295,217.18910217285156,11792906
2010-06-22,216.64901490755187,219.05396109925192,215.41596452402217,216.8120574951172,12908863
2010-06-23,215.97644561893082,217.5661516258841,214.81472639440875,215.7726287841797,11659191
2010-06-24,215.83381670949723,217.21971978823584,213.4492503777746,214.41734313964844,18805263
2010-06-25,213.99953470079365,217.6680886681618,212.57287104542152,216.63885498046875,20325423
2010-06-28,218.8909316713047,222.55948534723234,217.0872185178357,222.1824493408203,31472648
2010-06-29,222.35568711555644,222.35568711555644,216.89361032530303,217.5559844970703,14213976
2010-06-30,216.0375887798301,222.95689896964757,215.5280670953155,222.1212921142578,26637611
2010-07-01,220.9290339090793,221.40798517714754,217.36238160868814,219.34951782226562,13310905
2010-07-02,219.2985326562855,220.9188091414742,217.11777008145063,217.86167907714844,10948784
2010-07-05,218.07569666196764,218.71769050939642,216.58789211052942,217.72921752929688,6399512
2010-07-06,217.15855793465263,220.50102654329714,217.15855793465263,218.8705596923828,9255011
2010-07-07,218.89095221000414,219.0539948226699,214.20334104561906,214.72305297851562,13738578
2010-07-08,216.03762204774105,217.9839976312157,215.06952933758328,215.4465789794922,11977911
2010-07-09,216.84267141270766,217.26046810081303,214.72304945768613,215.5586700439453,12974909
2010-07-12,216.03760481570154,217.6578814438226,214.4173145825573,215.2733154296875,12563614
2010-07-13,215.47714657658432,219.65522225590382,215.47714657658432,218.95208740234375,15043285
2010-07-14,220.1137796120271,223.05883177886727,217.51522017660716,218.1674041748047,15970199
2010-07-15,218.47312063732318,220.2972141090074,217.6884509302235,218.77883911132812,13877250
2010-07-16,218.289715830055,218.890949060634,216.03762174988975,216.63885498046875,8779539
2010-07-19,215.65036947390792,217.2400756476644,214.77398828407252,215.23255920410156,9808534
2010-07-20,215.42618415455772,217.24007388986206,213.81608406369457,214.6007537841797,6845092
2010-07-21,215.81343422879078,216.64905485418282,215.1510599896531,215.71153259277344,9824712
2010-07-22,215.71150406369384,216.21083561916427,213.51037459673145,215.8337860107422,15879834
2010-07-23,216.84268743636008,218.25914742538671,215.38543958177294,216.1293487548828,13790021
2010-07-26,216.75094069223297,217.54580060528443,214.0504795094728,214.63133239746094,9113728
2010-07-27,215.80321943964438,216.27198051685824,214.22370344654112,214.7128448486328,12133425
2010-07-28,216.6489981425822,218.81957044669153,207.47759480632044,208.1399688720703,52927114
2010-07-29,209.6176472853944,209.6176472853944,205.439571181288,205.8777618408203,46281590
2010-07-30,206.85601592556569,207.9565807002858,205.2866764595489,205.77581787109375,19242072
2010-08-02,207.07001869125355,208.2521184254623,206.132496476373,206.7744903564453,12676917
2010-08-03,207.71197478472695,210.1067307017585,206.6623609667343,209.46473693847656,20104173
2010-08-04,209.51570166028586,210.1271249804506,206.36685999716838,207.08018493652344,18318233
2010-08-05,207.8750387143193,208.63931444098216,204.83827531584498,205.2458953857422,18308022
2010-08-06,205.6229756477639,205.86753956317554,203.5033672940996,203.82945251464844,19955917
2010-08-09,203.8090661065867,205.03192646222664,202.17859923742392,202.5046844482422,22253619
2010-08-10,201.97477548117524,204.29820055406373,201.01687299704722,201.3429718017578,19989721
2010-08-11,201.73018508021468,202.76960872771596,199.75323939672765,200.39523315429688,21917268
2010-08-12,199.73289950353345,200.39527371748082,197.6947988355716,198.22470092773438,24910354
2010-08-13,197.79668980370369,202.54544132910772,197.79668980370369,199.5494384765625,30512197
2010-08-16,199.73290683004421,202.15823378911043,198.71386326119534,199.10108947753906,14028775
2010-08-17,199.73288531358168,200.7417386101626,197.69478479041595,197.8272705078125,14788743
2010-08-18,198.30624015862952,199.12146683854988,195.32042703665155,196.59423828125,24859327
2010-08-19,196.4108192378056,200.73157106573387,196.4108192378056,199.1622314453125,20662946
2010-08-20,199.16221899810162,202.46392704578508,198.20431646590407,201.49583435058594,20996195
2010-08-23,202.1888042798744,202.1888042798744,198.83614522425125,199.10108947753906,13543428
2010-08-24,199.10108662196342,199.93670723424364,197.1445208210314,198.18394470214844,19276160
2010-08-25,197.6947796687592,199.29468955837237,196.77763785835077,197.24639892578125,18620473
2010-08-26,197.69476833399935,198.3062052425638,194.64782837290804,194.93316650390625,27834839
2010-08-27,195.4325033949614,195.84010987183217,192.91545177014874,193.53707885742188,24315870
2010-08-30,194.0466163825885,196.63498574690652,192.5995724566263,193.2008056640625,11908601
2010-08-31,192.5282199982212,193.608404340449,186.48527728968025,187.34127807617188,46605039
2010-09-01,188.53357125921383,192.35499105438262,187.708140882891,190.80604553222656,27886811
2010-09-02,192.59955991115396,192.93583526009067,190.76527631504425,191.060791015625,17699285
2010-09-03,191.58049691986045,191.90658207339447,188.36031079356184,188.666015625,14440305
2010-09-06,189.73608344190873,195.18797098447317,187.97313060218025,194.1587371826172,33928353
2010-09-07,194.63763809100345,197.6336272420336,194.23001802055308,196.1254425048828,28379708
2010-09-08,194.6580078287493,196.614573176495,194.02620423667102,195.5751495361328,11632859
2010-09-09,196.25790641609478,197.12409732902694,194.67839061340896,195.36114501953125,10114309
2010-09-13,198.10239813687008,202.89191039412646,196.74706575683405,202.28048706054688,27474309
2010-09-14,202.89191558680878,204.42048076239027,200.61945495075494,201.3939208984375,19472955
2010-09-15,201.56717767187493,207.62031172591003,201.56717767187493,206.64202880859375,33554695
2010-09-16,206.2751425166461,206.93753027577506,203.23839252302034,203.88038635253906,18540979
2010-09-17,204.8281010963588,210.20867011175477,204.8281010963588,209.38323974609375,31955142
2010-09-20,209.71953673597656,212.7664770447941,208.1094365927021,212.24676513671875,30419766
2010-09-21,212.36906995422206,213.69383207655972,208.91450915626234,210.9729766845703,21351925
2010-09-22,210.738583879344,212.71552991786334,206.86621310615783,207.89544677734375,25872625
2010-09-23,207.8954531063306,208.70048961140594,202.9938349077139,203.3301239013672,23030491
2010-09-24,203.80906624569968,205.64334997789973,202.19897970111407,204.14535522460938,22669074
2010-09-27,205.4395129801936,207.86483936410025,204.8484564222079,205.8878936767578,16465376
2010-09-28,205.50066781931727,206.25475340192787,202.38238305521432,203.5033416748047,19682506
2010-09-29,203.80905837598416,205.6433420373567,202.7900149207824,203.60525512695312,17790040
2010-09-30,204.21667448973966,204.21667448973966,199.34564088281954,201.2104949951172,28981699
2010-10-01,202.17857701526663,205.84713046891525,201.7709569415229,205.4191436767578,19104034
2010-10-04,206.85603941451356,209.06735937768974,206.85603941451356,207.44708251953125,21163057
2010-10-05,207.07001026020734,210.29019690260034,205.64334666978246,208.66990661621094,22938984
2010-10-06,209.92333563335356,213.38808615025712,209.3017221101357,212.97027587890625,28137687
2010-10-07,212.97029418026938,215.1714375147033,210.43287545135746,211.7882080078125,31547758
2010-10-08,213.32692847014212,214.9777891010883,210.03541097506763,213.92816162109375,20865341
2010-10-11,215.22238915394948,218.5342875292047,214.63134606546396,217.9126739501953,25796876
2010-10-12,217.66808229289626,217.9534204576231,213.21485868374512,215.14085388183594,13979878
2010-10-13,215.24275103308193,218.89093809644763,214.95742647931388,218.6973114013672,23967306
2010-10-14,219.09473316719263,220.41949507528548,214.85550322430933,215.8337860107422,24414709
2010-10-15,216.03758600103637,217.66805264950668,211.06463755391127,212.03273010253906,11601973
2010-10-18,212.42002361084445,217.04649413440342,210.58573966388184,213.47982788085938,22209315
2010-10-19,217.0566542624067,217.8107535069268,211.80857085372062,212.85818481445312,18579617
2010-10-20,211.83914352486195,216.93437454664033,211.55380536331327,213.88742065429688,18232837
2010-10-21,214.40712994972216,221.7136942207788,213.8364672385925,220.4500732421875,37273145
2010-10-22,221.22453034284567,222.92632814079013,218.9622464482803,220.48062133789062,19627279
2010-10-25,221.7442695670531,224.57721646457708,221.33664944873703,222.2232208251953,18019151
2010-10-26,222.33533531181504,224.3836126702871,221.5608556474551,223.9556121826172,15444185
2010-10-27,223.78235084753953,226.22805789005068,220.77617125851884,222.7123565673828,21946562
2010-10-28,224.06770907287012,224.37341397742432,219.01323832896892,220.52142333984375,36188021
2010-10-29,221.68311587899714,225.6573879959067,220.2156917002141,223.42567443847656,29722655
2010-11-01,228.46995742585844,229.26481734908674,221.9990270622197,222.8040771484375,30509287
2010-11-02,223.25245790022896,223.25245790022896,218.13684642480808,219.06417846679688,20360675
2010-11-03,220.52140744545224,221.11245049001482,216.57770562075328,217.1177978515625,19939993
2010-11-04,219.68578614844793,225.61663771463046,219.09474310588,225.21920776367188,24311819
2010-11-08,227.02289751346868,228.0623212131143,224.30204271937936,226.60508728027344,22364112
2010-11-09,226.68664183104275,228.36805956714704,223.6295112535672,225.93255615234375,15410057
2010-11-10,225.55549328088372,227.63434086323366,224.0269280818015,224.6383514404297,11899060
2010-11-11,225.41282909422614,226.5949288275919,219.2985679806951,220.09341430664062,12690058
2010-11-12,220.14435230120782,221.62198028311622,215.42618462068498,216.41465759277344,19131902
2010-11-15,217.48464091644874,217.64768350816544,211.59456403041096,214.95741271972656,16084932
2010-11-16,215.8337939971128,215.8337939971128,209.22020158422976,210.02523803710938,19833309
2010-11-18,213.95877765933253,213.95877765933253,206.66241618505197,210.52459716796875,22776798
2010-11-19,211.14621092604273,211.14621092604273,201.17994549782622,203.0447998046875,24826481
2010-11-22,204.522420903559,207.16174131264466,203.23841946925998,206.3057403564453,18956753
2010-11-23,204.7567662643901,204.82809740000783,198.7138368010709,202.91229248046875,33113827
2010-11-24,203.60523092092038,207.43684038736134,200.9658975296113,203.00399780273438,19703855
2010-11-25,204.2166596585487,204.42046288879732,198.30620272107427,199.63095092773438,29112802
2010-11-26,200.75193032886503,201.85249509638965,195.31022025661042,196.13565063476562,30639363
2010-11-29,197.59287888070213,204.30838628647422,196.14583502339653,203.4829559326172,23409097
2010-11-30,203.76829426012142,205.5821975657367,199.95706472788288,200.87420654296875,30483669
2010-12-01,200.75191653920163,203.2791447078945,200.3544866212774,201.52638244628906,18726828
2010-12-02,203.6052351927708,206.55027348307203,202.80018522787088,206.08151245117188,24834141
2010-12-03,206.6623981365435,208.70048517164093,203.40145071737305,205.0115509033203,19641270
2010-12-06,207.03946646471107,209.9233645054105,206.4586135119783,207.9158477783203,17790259
2010-12-07,207.88521756660992,211.90024986738152,207.88521756660992,210.07615661621094,22397973
2010-12-08,208.88391634549956,209.46476923087604,206.0815399417254,207.99734497070312,16997335
2010-12-09,208.8125598634128,210.7079843367272,199.47809975891147,200.65000915527344,31716183
2010-12-10,201.11882401624317,209.92337086499634,199.6004351149073,208.6801300048828,26529301
2010-12-13,208.71067343959712,213.18429103914448,205.8471560113771,212.31809997558594,16834458
2010-12-14,212.57286116338759,216.03761170678737,212.36904430493843,215.06951904296875,20081132
2010-12-15,214.8147681443167,216.85286886282918,211.14621406104354,214.7943878173828,21436026
2010-12-16,215.568861002804,216.03762211328655,211.9716245663757,215.39561462402344,15530788
2010-12-20,212.9804725738315,217.66808356078147,212.89895127058435,215.37522888183594,15858100
2010-12-21,216.01725102378543,219.07438173329385,215.68096202003107,218.71771240234375,16089753
2010-12-22,218.64635889541864,219.09473965289203,213.66323335545644,215.23255920410156,15132141
2010-12-23,215.58919969867137,216.99548275856455,214.1013953492229,215.91529846191406,14589936
2010-12-24,214.61094833287467,216.9547537747362,213.99952496696147,215.97647094726562,9452996
2010-12-27,215.6911325709403,217.83113475702672,214.23389849387672,215.06951904296875,5782048
2010-12-28,215.28352141821594,215.9764797187479,212.42000395827822,213.571533203125,8857349
2010-12-29,213.65306190017185,215.0185846172673,213.2454417572303,213.71420288085938,11184510
2010-12-30,214.48867236483585,215.17142688856808,213.23524150497119,214.2440948486328,14561753
2010-12-31,215.64015668485575,217.36234839615494,214.65168381062546,215.7726287841797,9973432
2011-01-03,217.0566589170802,217.36237740750013,214.52943050601988,215.14085388183594,10411256
2011-01-04,216.03757480468937,220.09336769526337,215.4872925094123,219.522705078125,22021878
2011-01-05,220.1138151430279,222.15191597580602,218.07572791527522,219.25782775878906,25943243
2011-01-06,219.70616779087084,222.43721304534662,219.00303295420903,221.255126953125,21763180
2011-01-07,220.37876615097858,221.6933380860571,215.63001380676235,217.13819885253906,17875107
2011-01-10,217.13815330715323,218.1673868371351,208.1297919718828,210.62644958496094,18478415
2011-01-11,211.96140423157973,213.73454678949065,203.52371904897996,206.61141967773438,21147094
2011-01-12,208.01770745236936,211.07483766423005,204.420471447692,210.08636474609375,23195000
2011-01-13,209.92331422427424,211.78816820876375,206.07132431664598,206.93751525878906,24336418
2011-01-14,206.67259085873587,209.88258750227897,203.40145323598568,204.1147918701172,19111808
2011-01-17,204.42049685506836,205.43955399070293,202.18879669294114,203.38107299804688,14046519
2011-01-18,204.79756293277558,205.4395704762962,201.77100258769394,202.7594757080078,14871527
2011-01-19,203.72754034948053,204.8281051219765,198.71384429253348,199.76345825195312,23491557
2011-01-20,199.24377546168773,199.24377546168773,194.54597375949768,197.66424560546875,41343304
2011-01-21,198.71385835907856,202.28051076206296,198.30623822058973,201.11880493164062,19528676
2011-01-24,202.81040184042845,202.9734444449549,196.49232404971988,198.02088928222656,22242712
2011-01-25,199.14181646120548,200.74172629410845,194.89239651827677,195.35096740722656,20325555
2011-01-27,196.8795499109318,197.16487444866587,191.58051598347663,192.13079833984375,28105152
2011-01-28,192.59960887811062,192.78303184234633,183.83580875801636,186.0777130126953,33855702
2011-01-31,185.231836866819,189.30802374769445,184.05994113151743,187.3616485595703,25332450
2011-02-01,188.543771928551,189.07367401552784,181.09455861650773,182.5110321044922,37898873
2011-02-02,185.46627259445566,189.11444645192861,184.91599014696112,187.76931762695312,28465716
2011-02-03,189.13479937301346,193.109085104628,186.48528915696016,192.3753662109375,17047728
2011-02-04,193.08870570874402,193.08870570874402,186.1082404429312,187.50433349609375,20715343
2011-02-07,188.6660478012705,191.33595208130095,186.36301659157755,189.34881591796875,14586353
2011-02-08,190.70413843112897,190.70413843112897,185.72099943365498,186.53623962402344,19685333
2011-02-09,185.1401409252929,191.00983746460844,184.17204833068308,186.34262084960938,38228022
2011-02-10,185.9757802975717,187.66738816689812,180.39140772564863,183.35682678222656,28347803
2011-02-11,183.41796930847647,186.48530362574675,180.99264247425242,185.45606994628906,20012347
2011-02-14,184.67143693211048,187.14771507445988,182.22572928503533,186.444580078125,30145949
2011-02-15,186.3630232189359,192.55881927836248,185.73120589369842,191.927001953125,27266420
2011-02-16,191.23405428651859,193.78166305915929,191.19329363455824,192.42633056640625,11041551
2011-02-17,193.18040448284412,194.72934986911005,190.81621895432363,194.42364501953125,14091434
2011-02-18,194.8516908864683,196.26816460071396,189.9500855952038,190.67361450195312,15747939
2011-02-21,190.78567283764053,195.84012971315073,190.39843304035793,194.91281127929688,25629860
2011-02-22,202.17860868069823,205.7248807491514,199.58003540547418,200.72137451171875,88922943
2011-02-23,201.03725089355024,204.27781776146068,200.75192634727054,202.9224853515625,31184499
2011-02-24,202.99383117087243,203.523746862339,195.32042067302552,196.51271057128906,32903650
2011-02-25,199.87555010145786,200.19145874765067,194.54594539679445,196.93051147460938,15101417
2011-02-28,197.73554472559601,202.6473526833955,195.65669716500736,196.52288818359375,22487428
2011-03-01,198.44887459934986,202.32124500191026,197.12411272346796,201.5365753173828,12622459
2011-03-03,198.75462048077523,200.75194692960423,197.30757646121293,199.20298767089844,19518684
2011-03-04,200.68059070507525,202.74924803925097,199.34563864988334,200.18125915527344,15419957
2011-03-07,198.53043480957984,200.40547940635213,196.4719672607419,199.1316680908203,11821324
2011-03-08,199.32524124660955,202.2600893211207,199.32524124660955,200.74171447753906,12057689
2011-03-09,201.5060363963677,204.7058430027274,197.30758015193794,202.5556640625,32473255
2011-03-10,202.3212501258403,202.3823910994263,200.14048737615778,200.7009735107422,9853822
2011-03-11,199.48832211337412,202.76964990568848,198.13298958991555,202.1887969970703,15000438
2011-03-14,202.37222793669827,208.03812217186058,202.2295656459643,207.54898071289062,28811267
2011-03-15,203.39124123966693,213.91797800702773,201.54676747815122,211.40093994140625,56447390
2011-03-16,212.98046209839384,215.0185626044481,211.57417887147685,213.40846252441406,20605120
2011-03-17,211.8187801949255,213.75496568964914,209.51573520735346,210.09658813476562,12381790
2011-03-18,210.94238210329428,210.94238210329428,201.07801886712176,202.3824005126953,40501886
2011-03-21,203.6154249561858,203.8090380234309,199.9570481612211,201.83209228515625,15546778
2011-03-22,202.39260480196822,204.80774156463488,202.2091818598763,203.7377471923828,9793572
2011-03-23,203.7784764702488,207.20246609727585,202.9530461478781,206.509521484375,11419987
2011-03-24,207.04963539696288,208.2826859289756,204.5937381009113,205.90830993652344,11233928
2011-03-25,208.68011168072053,209.91316226825654,205.84716462293244,209.23040771484375,15392440
2011-03-28,209.15905834775597,211.2175393360013,206.72354132171074,209.04696655273438,19079527
2011-03-29,207.88525193092156,210.33095901651757,207.80373062890564,208.4457244873047,18101992
2011-03-30,209.41380265466913,211.45188948400278,208.72084442548112,210.43284606933594,12257428
2011-03-31,210.8404767187292,214.9981854870786,210.8404767187292,213.8160858154297,31502965
2011-04-01,213.80585505400526,217.2400344186766,210.1270982293914,211.22767639160156,18772571
2011-04-04,211.9614159358477,214.97779920420433,209.71952581540768,214.13198852539062,13111730
2011-04-05,214.50901115641489,215.8337592955115,211.96138927810617,213.52053833007812,10756797
2011-04-06,212.98046062372117,214.8656950756285,211.9614171802615,212.94989013671875,9083271
2011-04-07,212.9906418765076,213.50016357692377,210.9627452367507,212.34864807128906,10163661
2011-04-08,212.36907832298334,214.18298198912288,208.01775572012463,208.6801300048828,11995738
2011-04-11,206.45859121480933,207.77314943822785,204.55297633347092,204.88925170898438,11296579
2011-04-13,204.18612340144392,208.7004881533858,203.11612905323295,208.2521209716797,19116564
2011-04-15,207.61009634738411,208.87371729754057,204.8281003875779,208.078857421875,14174275
2011-04-18,207.7221660003271,212.91929791548057,203.9313171588039,205.67388916015625,14793743
2011-04-19,204.76693741088033,207.36551016863203,203.55428100794694,206.18341064453125,12022958
2011-04-20,207.0700160905566,210.02524498142603,205.48030985247368,209.0877227783203,10315413
2011-04-21,210.90160844323253,212.8174133399546,209.923325670652,212.0836944580078,14934401
2011-04-25,206.66238823393263,208.08905181114446,204.85867503598854,205.7146759033203,18138998
2011-04-26,205.64335343992502,205.64335343992502,203.30973808400825,204.04345703125,17652410
2011-04-27,204.8280948519498,205.66371535455102,199.75325807376214,200.97610473632812,24710243
2011-04-28,202.17861121657185,202.38241448540867,197.69480325191543,198.18394470214844,35712321
2011-04-29,198.71381236147297,201.363322240814,197.9597132390713,200.49713134765625,14936357
2011-05-02,200.52772736868744,201.11878399071762,195.92165157491456,196.62478637695312,13609544
2011-05-03,196.69611745982854,197.1648785294022,191.79451335636264,192.3753662109375,22028515
2011-05-04,192.59957146814133,194.99432772786633,191.5805279880486,193.13966369628906,11668233
2011-05-05,194.37737273492746,198.19292952615152,194.0996849677929,195.39553833007812,19582976
2011-05-06,196.02288267846174,197.46271511923328,195.2206858071188,196.44454956054688,12916462
2011-05-09,197.46273524308447,198.707167569749,195.69379374881262,197.31875610351562,8012908
2011-05-10,197.3187924819449,198.26496874905092,194.69623242979694,195.5601348876953,8143376
2011-05-11,196.22862818263664,197.13365377363854,194.06887213547378,196.52687072753906,8197011
2011-05-12,195.71434360515067,196.38284557942796,193.5546017943598,194.48020935058594,9218985
2011-05-13,194.42879975636754,197.8741108728929,192.92726187698722,194.99444580078125,13906027
2011-05-16,195.40584556974576,195.69380386376736,193.66775665840092,194.3773956298828,7008149
2011-05-17,194.51108343212147,194.7476205935523,188.66947919994053,189.3688201904297,17384039
2011-05-18,189.23514527251646,190.02705809699637,184.78195205687237,185.50186157226562,24814804
2011-05-19,186.84909314350736,189.64648421614575,186.09833112504347,188.3094940185547,18072585
2011-05-20,188.9162970438154,190.4281191955659,187.23992730458943,189.89332580566406,13873483
2011-05-23,189.02944940006876,189.64651662340097,185.80010667389058,187.0548095703125,14836682
2011-05-24,186.3554678885841,189.4202492752511,186.3554678885841,188.36094665527344,11107409
2011-05-25,188.02155437398557,188.02155437398557,185.32701879979547,186.35546875,13112272
2011-05-26,187.7130196311509,192.70100579634843,187.40447916698972,192.0839385986328,30001792
2011-05-27,192.13536774326252,196.0023461434596,192.13536774326252,194.46995544433594,15134521
2011-05-30,195.18984916220148,196.02289877155667,192.16620490752751,193.1123809814453,7564463
2011-05-31,194.3773818069638,196.6193975734081,192.79355638004813,195.78636169433594,14083332
2011-06-01,195.81720481147806,197.18504773588492,194.0996845556531,194.7476043701172,8042814
2011-06-02,192.6393033928514,196.37258677075255,192.6393033928514,195.62181091308594,9418728
2011-06-03,197.5655372967072,198.9025273696945,191.60052367498437,192.2381591796875,19110238
2011-06-06,192.24848952771862,193.51349034907525,190.9114991339494,192.88613891601562,6149800
2011-06-07,192.02222400376087,197.46272951341973,192.02222400376087,197.10276794433594,17612490
2011-06-08,196.4857196414823,196.6296987906972,194.16141615111852,195.2412872314453,14205061
2011-06-09,194.89163194463134,197.02052152178717,194.78878969077994,196.22862243652344,9152117
2011-06-10,196.45486040109452,196.63997644389852,191.71369555432224,194.2745361328125,11068775
2011-06-13,194.01743461357722,194.01743461357722,189.44081726379463,190.38699340820312,12923374
2011-06-14,190.32529862537206,191.65200489228212,187.1782432729153,187.45591735839844,18967099
2011-06-15,187.5896382318049,189.00890261960848,184.8333832646602,185.23448181152344,20156715
2011-06-16,185.3270402985909,185.3270402985909,181.85087576830264,182.5605010986328,24969151
2011-06-17,183.33183496544277,183.74321771569353,177.9633182224168,178.69351196289062,22029696
2011-06-20,179.97906962808494,179.97906962808494,170.33219213311975,171.39149475097656,30300033
2011-06-21,172.75933358574167,175.86525178900177,172.22454017758452,174.5591278076172,17413744
2011-06-22,175.5258270454105,176.51313981018654,171.57656225570295,173.9728546142578,20107599
2011-06-23,174.12715598940207,179.50595583722793,173.9934473552687,179.05343627929688,20713868
2011-06-24,179.80423254824024,180.94582274907242,175.98867511470894,179.23858642578125,31670322
2011-06-27,178.2718423780165,181.3777745451179,177.27424505876732,179.26943969726562,14349371
2011-06-28,180.78124481634748,180.78124481634748,177.30508086767537,179.17686462402344,10219645
2011-06-29,180.12301507155695,182.6530025573456,179.38253729233807,182.0873565673828,12430639
2011-06-30,182.79699677404298,185.532668738216,182.44731946231386,184.81275939941406,21744714
2011-07-01,186.5611309454985,186.5611309454985,176.2149136003367,177.29478454589844,28677893
2011-07-04,179.855653873037,180.88410378751053,177.92215100787433,178.6215057373047,16499512
2011-07-05,178.80663956133913,178.80663956133913,173.60268412423895,174.00376892089844,33805768
2011-07-06,174.60026789714493,176.58517819752856,172.9238843394486,175.4333038330078,26877909
2011-07-07,176.48234265186545,179.95850686573286,175.91668280757688,179.0946044921875,20137982
2011-07-08,179.56769524975311,179.7733797557474,175.24819704840215,175.83441162109375,20937538
2011-07-11,175.65955836026313,176.88340848283332,174.21972580214126,175.5155792236328,9598807
2011-07-12,174.32255654429943,176.35888769332274,173.95231077249375,174.3739776611328,13066390
2011-07-13,175.4641546354629,178.8889112876147,175.06306987424807,178.0147247314453,17029770
2011-07-14,177.57251437041606,180.5755907741386,176.7600330476042,178.4467010498047,13312532
2011-07-15,178.47754864282436,180.18477131796513,177.92217298823968,179.6088409423828,10206245
2011-07-18,179.3414426494886,179.75282542439842,177.75763063710346,178.4569854736328,6582763
2011-07-19,178.43641057573572,181.2954939833924,178.12787007304658,180.8944091796875,9822813
2011-07-20,182.24163867232465,182.40619998622935,178.70376951716167,180.2258758544922,11180149
2011-07-21,180.17446059997448,180.17446059997448,176.38975621605306,177.06854248046875,7886175
2011-07-22,178.12785669361247,180.39045483863288,177.40793348494842,179.63967895507812,15303807
2011-07-25,183.47578739556033,183.47578739556033,180.83267317633582,181.59371948242188,21905216
2011-07-26,182.7044513209034,183.0952655807528,178.827188856984,179.25914001464844,20462017
2011-07-27,179.97906033844643,179.97906033844643,176.71886512396995,177.06854248046875,13675826
2011-07-28,175.86526032676795,175.86526032676795,171.42235152212075,172.23483276367188,31299376
2011-07-29,172.7799127529368,174.27116659966418,169.31403274418122,170.3013458251953,21393442
2011-08-01,172.36854317461908,172.36854317461908,168.9437998052053,170.89785766601562,14242019
2011-08-02,170.21904071984332,172.55362825367905,168.35755495786776,172.2245330810547,16570663
2011-08-03,170.05448079294106,171.99825393762245,169.30371875426704,169.70480346679688,14085375
2011-08-04,170.3116337469159,171.0623959338737,166.6194869728795,167.0925750732422,13737415
2011-08-05,164.44944210446357,164.44944210446357,160.23278657420917,162.90675354003906,26222826
2011-08-08,159.7596914009892,163.8117854314224,157.76449705723644,160.57215881347656,22242669
2011-08-09,154.8848376344111,160.2327852525661,154.8848376344111,157.41482543945312,32649029
2011-08-10,161.5388975534172,162.4953577959011,157.3531087625724,158.94720458984375,17746463
2011-08-11,158.04214808880047,161.45660601454853,157.3530914624981,158.8340606689453,10890149
2011-08-12,161.0555922342062,161.0555922342062,155.91332777221342,156.50982666015625,17222470
2011-08-16,156.32465631739728,158.8546438975413,155.23448745779913,156.14981079101562,11286937
2011-08-17,156.42752635405512,159.28662331797887,154.47346866093102,155.29623413085938,13545843
2011-08-18,155.8515773720977,156.32466540111764,151.59378511091836,152.4576873779297,17126872
2011-08-19,150.3699567946136,152.00520369997105,148.36447774217984,150.67849731445312,20399978
2011-08-22,150.35966271765625,156.29383940633426,149.2489388879766,155.70761108398438,15542731
2011-08-23,156.39664442347944,158.79293707864866,153.75351668126117,157.40452575683594,17536780
2011-08-24,157.14740278528993,158.27870850111566,155.50188592218623,156.592041015625,12987792
2011-08-25,156.65380258181588,158.1759093159101,154.3192144821851,154.9877166748047,21214238
2011-08-26,154.4734547233863,155.52247305106187,146.4515264418917,147.9736328125,19501819
2011-08-29,150.38023845931366,156.30413120954634,149.81459229141757,155.30653381347656,18316877
2011-08-30,157.35310857680804,163.79121094962562,157.14741037735448,160.97325134277344,34217075
2011-09-02,163.87348478324466,167.37023059948984,162.38223119186,165.67327880859375,34086257
2011-09-05,163.4209796520207,164.34658730504475,161.04525517333983,162.2588348388672,19981247
2011-09-06,161.0967036803872,169.79740537180584,159.71857630839352,168.97463989257812,31333473
2011-09-07,169.48887430508455,173.49983221069573,169.4271689503039,171.44293212890625,31438175
2011-09-08,171.44294287008077,176.6880493917451,167.53482697758764,175.3407745361328,35284258
2011-09-09,175.27903753528352,176.59545947392576,169.42714897939555,169.84881591796875,29564130
2011-09-12,166.6811482556293,169.16999880455396,163.57523061347973,165.8480987548828,18579499
2011-09-13,167.26738169437172,169.6431060635364,163.88377592381664,166.6605987548828,25400442
2011-09-14,167.41136961693059,170.67155087407934,165.62185979232638,169.7768096923828,20539026
2011-09-15,171.34004164476872,172.49190207101677,167.3393690910023,172.01881408691406,20407052
2011-09-16,174.8367860285025,174.8367860285025,168.87177155212777,169.82823181152344,26810791
2011-09-19,169.69454958838352,170.5481677442899,167.76106032135144,168.98492431640625,12796090
2011-09-20,169.28316842998373,175.6492818928603,167.90504115527412,175.20704650878906,18437927
2011-09-21,175.02191191851935,175.02191191851935,171.19608439591147,172.28623962402344,17030216
2011-09-22,169.478570230602,170.29105143460973,160.43847593241458,161.74461364746094,27298045
2011-09-23,159.18379124461558,163.03020152613803,157.16801434134774,158.5050048828125,38513013
2011-09-26,158.21703944625511,158.5255662053742,153.76383258355764,156.16012573242188,27202137
2011-09-27,159.204346470451,164.696273610197,158.79296374335934,163.9763641357422,22046959
2011-09-28,164.500873336867,165.8481342615677,162.31026477755142,163.9763641357422,25034598
2011-09-29,162.59822393566287,167.1748272347677,161.35379162797562,166.13609313964844,31511671
2011-09-30,165.27220860234686,169.26259782577193,163.0096241353698,166.26980590820312,34944185
2011-10-03,162.74223514477706,164.53174541292935,161.28183384322756,162.1251678466797,21109422
2011-10-04,161.26123434149494,162.6599300169886,157.40454044239428,158.71067810058594,26251892
2011-10-05,158.90610288464725,160.00654249917932,156.6846414735108,157.7645263671875,20734666
2011-10-07,161.81660356291633,166.19780682400528,161.44635774620008,165.14878845214844,19911027
2011-10-10,165.42647598107158,170.908118728265,165.41619175647398,170.5687255859375,14846381
2011-10-11,171.75144201141535,173.06785013991407,169.18030363698477,170.1059112548828,15716423
2011-10-12,170.5995667684653,175.22760483171567,169.9105100362332,174.76480102539062,17269967
2011-10-13,174.8368086522041,176.48233956937932,173.21185991557067,174.1991729736328,18353721
2011-10-14,173.19126203548333,178.8888864663892,173.08840607268246,178.3129425048828,17871109
2011-10-17,178.33349341133007,178.7140233636324,170.95950012908725,171.50457763671875,22052401
2011-10-18,169.69457216383816,169.98254423939926,166.88690964751336,168.6455535888672,18299531
2011-10-19,169.79736798811973,173.80832478771308,169.50939601460948,173.39694213867188,11872557
2011-10-20,171.72062831033364,172.96504715350235,169.0774997683211,172.5125274658203,9971735
2011-10-21,172.77991783060807,174.672270246599,170.94927076766794,171.90573120117188,10342733
2011-10-24,174.42542432920362,175.65957250580874,173.51010085427478,174.1168975830078,9081569
2011-10-25,175.86525524001192,181.20291893236313,173.2221408210651,180.17446899414062,22735907
2011-10-28,185.0596020281068,185.94407276679385,181.8508417075851,185.12130737304688,24528852
2011-10-31,184.70991066279146,184.97730045070233,179.47509031665825,180.5035400390625,15872042
2011-11-01,179.05345168188512,180.69896875098223,176.40003944613605,177.01712036132812,16384499
2011-11-02,175.86528093334658,181.20294540551288,175.86528093334658,179.3208770751953,13751121
2011-11-03,178.4877999438101,182.93070824666492,177.51077121152616,182.2210693359375,16042287
2011-11-04,186.14975452529308,186.14975452529308,179.49566985564022,180.99720764160156,18251373
2011-11-08,180.80182540354156,182.0359597773518,178.64206965346386,181.76856994628906,10120202
2011-11-09,183.07471264304954,183.60950609056246,177.13026563784882,177.91188049316406,11664515
2011-11-11,176.68801850879436,182.8175948942355,174.85737159981616,182.1079559326172,21739364
2011-11-14,183.35237808364172,184.29855415930814,179.56767378097598,180.32872009277344,15996247
2011-11-15,179.1562973549483,180.5961299669576,176.12236876448088,177.19195556640625,9897941
2011-11-16,176.70856643982538,176.70856643982538,172.23480566388642,174.4459686279297,13313254
2011-11-17,173.81862328233262,174.55911485752696,165.83783218910906,166.59889221191406,24227745
2011-11-18,164.61398836373044,167.0102812546512,161.878302343704,166.21836853027344,21690327
2011-11-21,164.5522893448079,164.5522893448079,160.74701640079132,161.74461364746094,17715656
2011-11-22,162.10457087917274,165.46760834466707,161.79603041909385,163.56497192382812,19171804
2011-11-23,162.47479200942146,162.47479200942146,155.46075927009247,159.08090209960938,23710270
2011-11-24,159.41000998272816,160.02707712682644,154.91568071233942,159.02947998046875,27857321
2011-11-25,158.31987226625034,158.63868323167796,154.47346238688036,155.0493927001953,16185464
2011-11-28,157.3531147622409,161.63147545791037,156.84917406314798,161.2200927734375,11033484
2011-11-29,160.8498668083397,160.8498668083397,156.14983862509436,157.35313415527344,21013969
2011-11-30,155.64586747666283,161.1172389364921,154.90538968240182,160.0784912109375,19988986
2011-12-01,164.3466033935547,166.76346500624507,163.56498853557036,164.3466033935547,20626920
2011-12-02,163.9352056078231,167.63763624267395,161.78574778231456,167.03085327148438,19598467
2011-12-05,166.2697842505268,167.06169694918185,164.21288455552337,165.94068908691406,13827937
2011-12-07,165.99210867880103,168.56323327389632,165.2104802112013,166.5680389404297,15373615
2011-12-08,164.96368370162432,166.13611284910914,158.81353846346835,160.2019500732422,19435800
2011-12-09,158.36097179477798,158.36097179477798,154.82310322162243,155.44017028808594,22070197
2011-12-12,156.43777285901123,156.73602904586207,148.91978642740432,149.63970947265625,22298377
2011-12-13,148.89922548039334,153.44498941745343,148.30272680725759,152.68392944335938,22873371
2011-12-14,151.79950273022135,155.0699827518764,150.85332646560693,152.60169982910156,23206895
2011-12-15,150.5447913197746,155.19338484503746,148.81698650449982,154.2986297607422,28922246
2011-12-16,154.0620679291547,173.72606699525363,147.2845721455893,148.47756958007812,25499308
2011-12-19,147.93246400369821,152.1902554715996,147.0994145635297,151.24407958984375,20623197
2011-12-20,152.56053795313247,152.56053795313247,145.87559983829476,146.74978637695312,24282464
2011-12-21,149.5369162983167,155.03912824644777,148.65244540086854,153.85641479492188,19963870
2011-12-22,152.48854004199214,156.38637073662218,150.77101973193334,155.20364379882812,19571514
2011-12-23,156.32465861319173,158.3301371048538,152.7045021202837,153.5272674560547,15360163
2011-12-26,153.6609988465451,157.3120088766594,153.35245833971857,156.53038024902344,10396517
2011-12-27,157.55877809708605,158.1141398408909,153.3112706429101,154.8950958251953,13449406
2011-12-28,155.8515982782448,156.01614588237447,151.25441228179403,152.01547241210938,12376536
2011-12-29,150.90473067602693,152.00518393972013,145.46422462981533,146.43096923828125,23840441
2011-12-30,146.65725569346495,148.21021506527197,141.7206760051735,142.5331573486328,29146195
2012-01-02,143.3250570116163,145.98874004541275,141.34014658537737,145.33053588867188,18808107
2012-01-03,146.502957675445,149.51631795212157,146.11214339898362,149.05352783203125,20489219
2012-01-04,149.61917986775762,150.3493735945889,146.72923017511346,147.30516052246094,18541902
2012-01-05,147.0685934881477,149.11522275131856,142.7696642089813,143.88040161132812,28959200
2012-01-06,143.37646719056065,148.91981529905135,143.2941933935764,147.59310913085938,20575210
2012-01-09,146.95545261876535,146.95545261876535,144.48717040648373,145.268798828125,18386646
2012-01-10,146.4515426350603,152.0051890741486,146.4515426350603,151.4292449951172,19720278
2012-01-11,151.7789033693326,154.88483514050583,150.46248150172917,153.90780639648438,21183286
2012-01-12,153.7535374610556,154.8745591315601,150.6887561540402,151.57322692871094,14225123
2012-01-13,152.6222215905305,154.46315242595486,149.76312521910594,150.52418518066406,20530513
2012-01-16,150.14365889252733,150.14365889252733,146.24582844328376,146.6469268798828,17794345
2012-01-17,147.27429078628174,153.11589484667104,147.27429078628174,152.6325225830078,22738488
2012-01-18,156.73605860716827,162.06343797051,155.9235774050151,160.38705444335938,40461227
2012-01-19,162.28970380411837,163.71925232458,160.87043950904263,161.60064697265625,23989114
2012-01-20,162.4953749467592,164.55228850779662,158.80324222264557,163.04046630859375,31725274
2012-01-23,155.35789484487043,160.38701678426366,155.3373264005622,158.7003631591797,28250482
2012-01-24,159.3277555462272,162.8244880949717,158.4638532011966,161.20982360839844,22291662
2012-01-25,162.2279920437457,163.52384558300423,161.01441230432437,162.6907958984375,16786908
2012-01-27,164.552278840125,170.29104056357596,164.3465806308029,168.74835205078125,24347771
2012-01-30,167.41140951180637,168.42957534965097,162.94791811020195,163.47242736816406,21126187
2012-01-31,165.47790200847362,168.83065544090604,164.84025260331038,168.06959533691406,27405612
2012-02-01,168.43983029939616,171.54574840322755,167.8433315629249,170.96981811523438,16522676
2012-02-02,171.75145260648154,173.3352643863317,169.51970721576913,170.5687255859375,21445055
2012-02-03,170.72298401055556,172.77988362750293,167.77131575967326,172.43020629882812,19989261
2012-02-06,173.99348676856863,174.73397847859516,169.50944079752284,171.340087890625,17430906
2012-02-07,173.1912501983889,175.39212873937507,171.59714078588686,173.71575927734375,21068816
2012-02-08,174.2197188128757,177.860430093001,173.8083361369722,176.56459045410156,15957543
2012-02-09,176.22520661842364,176.87312647197365,173.31468879362598,175.6287078857422,18851741
2012-02-10,174.9087805057975,176.68800616728052,172.36850854324393,173.44837951660156,14952871
2012-02-13,173.00614223119712,176.64686730503388,172.98557378357572,174.68252563476562,15284147
2012-02-14,174.19915198823335,176.1532094190222,173.396955076219,174.61053466796875,13711512
2012-02-15,175.7006771666995,176.01950180987598,171.35032726810095,172.09080505371094,31421021
2012-02-16,170.92871701632845,170.92871701632845,165.51906289695984,167.1131591796875,27747347
2012-02-17,169.0877347992469,169.98248968798868,166.65030522294575,168.2958221435547,35922700
2012-02-21,168.1518543208372,174.5796865470026,167.65819783840928,173.5100860595703,36457910
2012-02-22,174.42543959062155,176.35892895838248,170.74359064962246,171.42236328125,25146771
2012-02-23,171.13438986723347,174.81625250954343,170.02366603136912,172.69764709472656,19105924
2012-02-24,171.442961320625,173.12962956092076,167.53484500754374,168.65585327148438,18746068
2012-02-27,169.03627900171767,169.81790727373902,157.4250637381562,160.73667907714844,27772012
2012-02-28,162.29997627997466,164.62427970195864,162.02228848405076,163.83236694335938,23140014
2012-02-29,165.5910457240955,170.29107429994087,165.40592965657768,168.8203887939453,27846970
2012-03-01,166.9794415027495,168.3987057435686,164.77854870126802,166.80459594726562,12960682
2012-03-02,167.89475001429068,168.25469785693357,165.73499430540224,167.4525146484375,12687228
2012-03-05,167.03084699637498,167.43194546416268,163.36955339674032,164.03805541992188,13074509
2012-03-06,163.93519337701122,166.40348943649593,159.20432692284638,159.7288360595703,35129404
2012-03-07,159.7288427302057,159.92424298770425,154.4734531892344,156.6949005126953,28202989
2012-03-09,159.47171946377878,160.35619017395598,158.21701669589515,159.16319274902344,17249418
2012-03-12,162.49537104378356,165.16935174360248,160.37676591699966,164.2540283203125,15041933
2012-03-13,165.26196206640796,169.06723610401042,165.23110938376433,168.65585327148438,16117008
2012-03-14,170.31161294957442,170.72299564712503,165.9304098761608,167.5347900390625,17623820
2012-03-15,168.254707728185,168.91292556884682,163.1947318801101,163.86322021484375,20258209
2012-03-16,160.43847197362822,164.0791972343334,157.83649456293801,158.8649444580078,25168501
2012-03-19,160.64415107091529,161.0555337261012,154.4940071505657,155.3167724609375,15978638
2012-03-20,155.52245137246945,157.64105618086595,154.3294540725541,156.43777465820312,10455362
2012-03-21,156.32466749159082,159.10147662896628,155.31678607680155,157.98046875,14211666
2012-03-22,157.5382555409291,158.6798457590728,150.5653584489511,151.46011352539062,29243875
2012-03-23,152.99249367118628,154.16492275357194,151.8200508581935,153.04391479492188,26956646
2012-03-26,153.01304282642948,153.01304282642948,149.53687918598237,150.1745147705078,23135333
2012-03-27,151.79946711084773,151.9640284208248,149.14606874045654,150.3699188232422,27194700
2012-03-28,150.15394086060294,151.36750664479914,148.19988355371376,149.26947021484375,18072694
2012-03-29,147.68568472972007,150.09226200722642,147.68568472972007,149.05352783203125,23976904
2012-03-30,150.0510934926238,154.88481547897652,149.55743707126447,154.3911590576172,17276879
2012-04-02,154.13409920570996,154.44263973703482,152.01549358502703,152.3240203857422,11220694
2012-04-03,153.08504652991587,156.9211720760443,153.08504652991587,154.82313537597656,17515593
2012-04-04,153.23931308560358,155.70759564606266,152.92050212256126,153.65069580078125,11813695
2012-04-09,152.2211555020209,153.85640222528733,150.9973052464694,152.65310668945312,11411688
2012-04-10,153.44502148379814,153.65070598972292,151.82005896456087,152.75595092773438,8370104
2012-04-11,152.00517771871264,152.00517771871264,149.39290229940679,150.21566772460938,16304095
2012-04-12,150.83273336759336,153.36273496432327,150.83273336759336,152.88963317871094,11779103
2012-04-13,153.45531656290106,156.73608077870298,151.69665899042383,154.58660888671875,14214624
2012-04-16,153.67127015299525,154.97740792100092,151.38810354788956,153.87696838378906,10518035
2012-04-17,155.2550581844473,155.2550581844473,152.2828352289662,153.5272674560547,13893966
2012-04-18,154.2677556387247,155.66645131126896,152.76621772495062,153.97979736328125,14998238
2012-04-19,155.06996623620597,155.06996623620597,151.90232881315774,152.55026245117188,18399192
2012-04-20,152.22114865391447,152.41656265381818,149.74258184822176,150.32879638671875,14922257
2012-04-23,149.30035732970887,153.3936026338307,148.96096415928818,151.4498291015625,22106609
2012-04-24,152.00516934401537,152.31369606351296,148.85810069089706,151.20297241210938,16664900
2012-04-25,150.99730945120427,152.80737432202912,149.7528769800671,151.4498291015625,13586437
2012-04-26,151.61435520641405,154.06206916914385,150.8944320658785,153.2495880126953,15180399
2012-04-27,152.47827426625616,153.68155606678383,151.4909611932974,152.62225341796875,12501799
2012-04-30,151.6966442992863,153.83581802746872,151.6966442992863,153.2598876953125,12147744
2012-05-02,153.83579648054368,154.55571959285896,152.21084796194907,152.94105529785156,12520177
2012-05-03,151.90228565507965,153.1261492775796,151.21322904333175,151.9742889404297,8299657
2012-05-04,150.85330020524617,152.2108590091024,148.50842840415027,149.4237518310547,16529947
2012-05-07,147.06860782496273,148.50844054115967,145.03227631806033,147.2126007080078,20084811
2012-05-08,147.68568548298057,147.87080153196086,143.7775701596483,145.70077514648438,16997816
2012-05-09,144.3946211298777,145.69047451866558,142.14230746782857,142.97535705566406,16058311
2012-05-10,143.41758859126134,145.71103908740056,142.03946144887544,142.7799530029297,14838445
2012-05-11,142.54340062935478,144.60030023244244,141.57665616823095,143.4073028564453,13310297
2012-05-14,143.57185233810435,144.5591652591503,139.57117953622082,140.13682556152344,17853868
2012-05-15,139.6637237451783,141.5149387218361,138.6558424766609,140.20880126953125,16170682
2012-05-16,138.84097882412485,140.4453726952821,138.43988035633552,139.06724548339844,13569502
2012-05-17,139.9208449142628,141.8954705876697,139.41690427324968,140.92872619628906,15576334
2012-05-18,139.2318044855726,143.24276203117148,138.84099020976495,141.6280975341797,10341793
2012-05-21,141.20644734444062,144.12724993890197,141.1036050834967,143.0576629638672,10211280
2012-05-22,144.92942617894624,144.92942617894624,141.6692308619299,142.15260314941406,12853294
2012-05-23,140.93904768645746,141.91607655884826,139.77688902660447,141.27842712402344,11301566
2012-05-24,142.74909120045214,143.98323925343217,141.12414264143743,143.01649475097656,10498664
2012-05-25,142.95480053116975,143.01650587902913,141.62809436037216,142.1731719970703,13496281
2012-05-28,142.33773676809872,144.6003211668165,142.33773676809872,144.32264709472656,11265492
2012-05-29,144.43578963107953,145.99903318036553,143.47932914852151,144.36380004882812,15024360
2012-05-30,143.91124017871886,145.7624552705813,142.98563263278763,145.268798828125,15403723
2012-05-31,145.26028354492894,151.9397459152603,142.207111954833,147.05258178710938,39482174
2012-06-01,147.4173163438392,147.85497433774003,141.3109724476276,142.81150817871094,17921568
2012-06-04,141.0921296559656,145.26029353717527,140.34186878279505,144.3745574951172,14269847
2012-06-05,145.05185694610074,147.1359455446437,144.8642952326362,146.41693115234375,13284608
2012-06-06,146.8129317570234,149.63686147009346,145.57289849818758,149.19920349121094,23252900
2012-06-07,150.27251333492373,152.53374408841339,149.27215613500476,150.31419372558594,27944820
2012-06-08,149.6368387236102,152.53370867413526,148.4489061295048,152.07521057128906,12717493
2012-06-11,152.7004527966433,153.47156778300715,149.65770106236494,150.5225830078125,9954345
2012-06-12,149.01162131845226,151.30411208089342,148.8865801619585,150.66847229003906,11961991
2012-06-13,150.52256620045077,150.8768633637067,148.46975171430972,149.2825469970703,9950023
2012-06-14,149.22002807981616,150.22038509492947,148.18841077748118,149.29296875,7479627
2012-06-15,149.74109117575415,152.09610307140983,149.74109117575415,151.46044921875,9936719
2012-06-18,152.21070425312698,153.07560016694006,148.38641718651843,149.82443237304688,10034412
2012-06-19,149.42842444466058,154.09676628314133,149.42842444466058,153.69036865234375,7804051
2012-06-20,153.8050185847164,154.83663604246615,152.76298102965632,153.6799774169922,10313366
2012-06-21,152.97136126219726,152.97136126219726,148.0529234450349,149.78271484375,22609240
2012-06-22,148.70943258028421,148.990775171151,146.62535774063574,148.17799377441406,19130296
2012-06-25,148.8449161958188,150.66848891055895,148.3864179927528,149.26173400878906,11114641
2012-06-26,149.53264298793061,151.19991408865855,148.89700318458412,150.78309631347656,16084241
2012-06-27,151.38745786241566,152.05437178837084,149.63684010880536,150.57467651367188,7708056
2012-06-28,150.9706595273732,151.67925392571124,149.35550280576774,150.0328369140625,11903391
2012-06-29,151.11656356655823,154.4094116930459,151.11656356655823,153.7737579345703,16771028
2012-07-02,153.28399980718638,154.3885579461086,152.16902157095382,153.6799774169922,6831968
2012-07-03,154.21141202062464,154.77411117181094,152.4086795878144,153.46115112304688,10294922
2012-07-04,154.2218375589614,154.2218375589614,151.8980862810643,153.02349853515625,9347118
2012-07-05,153.16936217898046,154.72199824641842,152.56498268830174,153.95089721679688,7805552
2012-07-06,153.80499373042534,153.80499373042534,152.03353573788888,153.1485137939453,9259557
2012-07-09,151.92934042255126,152.92969755545968,151.3249608864216,152.5128936767578,7798797
2012-07-10,152.43991512162452,154.63862479618808,152.30445388234162,154.15928649902344,5974354
2012-07-11,152.85676283947117,153.5132567980597,150.47049098075718,151.23118591308594,11937173
2012-07-12,150.44962279116967,152.09605351795668,149.4492658053793,150.30374145507812,10066480
2012-07-13,150.05364457670245,151.40828467559098,149.01159339846797,149.74102783203125,11373177
2012-07-16,150.0536462522934,150.91852801099301,149.02201515696115,150.1265869140625,7307313
2012-07-17,151.05406062227138,151.7105407399676,149.49099019878145,149.91822814941406,11396875
2012-07-18,149.6368734534014,150.43923488559807,148.42810038825468,149.17837524414062,8552746
2012-07-19,150.09536375626254,152.11691824478356,149.63686557115355,151.67926025390625,11681226
2012-07-20,150.53298585125432,151.89804607194296,149.43883417896484,150.60592651367188,12406980
2012-07-23,149.01162506517574,151.26243549871302,148.65734177953544,149.8452606201172,10221032
2012-07-24,150.26208150959764,151.48126066533868,149.70980246441468,150.99151611328125,8035118
2012-07-25,150.13703024947083,151.0019260540631,148.41765873643774,149.89735412597656,8748220
2012-07-26,150.24121394982836,150.24121394982836,147.2714034157997,148.00082397460938,14016845
2012-07-27,149.84523673233622,151.47081328451816,149.25127740673219,150.26205444335938,13466410
2012-07-30,150.6788576661252,152.5128498534791,150.43918159272854,152.05435180664062,6963876
2012-07-31,152.4712140882119,155.4931256967145,150.2620839594509,154.97210693359375,13479810
2012-08-01,154.27393147645643,156.4934816859444,153.93005436523728,155.6285858154297,14431906
2012-08-02,154.6594599968999,155.80569827017698,153.54448200860259,154.12802124023438,7974567
2012-08-03,153.17977394780388,155.88908228040358,152.2523576138299,154.7532501220703,10943814
2012-08-06,155.89951937782988,164.51717589744817,155.89951937782988,163.8190155029297,37384710
2012-08-07,163.8190142623784,165.8822490520598,162.08922256629464,163.3396759033203,19670296
2012-08-08,163.61059189625706,166.517882224762,163.0895731712642,164.80894470214844,18370923
2012-08-09,164.41297381269314,165.97603005118182,161.85998056529377,162.5894012451172,12750067
2012-08-10,162.06837220431603,164.43380356116793,161.33895157082569,162.99578857421875,10678248
2012-08-13,162.45390558084708,164.64218106885687,162.45390558084708,164.2566375732422,6183560
2012-08-14,164.2045554795015,167.14310592270382,164.0169798459291,166.63250732421875,16508712
2012-08-16,167.15355116549335,171.28002095674347,166.53873760608,170.09210205078125,21632112
2012-08-17,170.45680379375904,171.91565912499127,168.73744603481327,170.08168029785156,14330179
2012-08-21,170.0608079400744,171.70722470787396,169.2896930758588,169.6960906982422,11057384
2012-08-22,168.64365955592436,169.9566195719883,167.91422495854508,168.3518829345703,8748439
2012-08-23,168.92496479454434,169.10212031231896,164.21495689198267,165.58001708984375,16661033
2012-08-24,165.00692275434125,165.58004194751456,162.28720813277064,162.99578857421875,15117604
2012-08-27,163.80860792766418,165.934363475985,163.28758913813434,164.08995056152344,9154343
2012-08-28,163.98573986605493,165.45501526960274,162.2559620391894,164.6839141845703,8774153
2012-08-29,164.85063842112262,166.20529278047968,162.6206680811341,163.0062255859375,8842299
2012-08-30,162.50604399323288,165.02777700523026,160.18229282250334,163.26673889160156,27245709
2012-08-31,162.55816612671205,163.4751626008357,158.95271473201052,159.72381591796875,14781765
2012-09-03,160.05723682924824,160.46363448304928,158.40039983822467,159.02561950683594,9790138
2012-09-04,159.2131597302748,162.79778354672604,158.84845642151507,162.47474670410156,8754970
2012-09-05,161.5682056192783,162.54772254164934,159.26529466842373,160.71372985839844,13179587
2012-09-06,159.70296037903947,161.43275217814372,159.22362199143362,160.09893798828125,5302686
2012-09-07,162.28721279060477,165.99686446467626,162.24553240532393,165.00692749023438,13821905
2012-09-10,166.72627824664505,167.42443852507583,164.46504806699454,165.06942749023438,8776096
2012-09-11,164.53801490150045,165.86140891570534,163.22505489598564,164.8506317138672,13658914
2012-09-12,165.3716455754942,166.66377926149997,164.5275899454416,166.330322265625,7772894
2012-09-13,166.33032653017432,168.4977622789047,165.53837136167044,166.5491485595703,11677889
2012-09-14,169.4356011407744,176.2505392042614,168.71660055081577,175.42733764648438,36312698
2012-09-17,176.7507120046267,183.7323853012258,176.7507120046267,182.09637451171875,42430663
2012-09-18,181.35653199528267,182.12763303656342,177.41762428211368,178.3137664794922,17296128
2012-09-20,175.20847962929304,176.79237587662854,172.61380629743334,173.49954223632812,15310116
2012-09-21,173.60374749233213,178.12619424606905,173.395331665776,177.20919799804688,35935601
2012-09-24,177.14671106380214,178.7722880419871,173.55167997111914,174.30194091796875,14905003
2012-09-25,174.6457960199537,176.06297086521835,173.03063934325235,175.01051330566406,13838236
2012-09-26,174.64582679038335,177.08419933563908,173.7809308134904,176.05258178710938,16657879
2012-09-27,176.14631707805128,176.72985633975227,171.78017184280895,172.94725036621094,30420370
2012-09-28,174.4373998132627,176.70903654913806,173.88510686238192,174.4790802001953,14117613
2012-10-01,175.06263170044957,175.54197009551245,172.8222411869994,173.70797729492188,8712229
2012-10-03,173.9059408105733,177.86570263507664,173.86426042513747,176.33389282226562,21902919
2012-10-04,177.26132488985306,179.0015367836555,176.95914206873428,177.75108337402344,12626615
2012-10-05,179.2099358227036,179.64759381337598,142.2071275807828,178.77227783203125,15714795
2012-10-08,178.09494563645816,178.09494563645816,170.11292919381293,170.7694091796875,20893020
2012-10-09,172.04068601409148,172.29076830372145,169.4564188825227,169.9149169921875,11601732
2012-10-10,169.0188308612653,171.37384295591013,168.26856977009567,170.06088256835938,9380939
2012-10-11,170.6860513678922,171.3112710753757,168.66449698115323,170.884033203125,11857119
2012-10-12,170.64439723036975,172.2282938919047,170.07127791768391,170.6652374267578,10626525
2012-10-15,170.68603476621755,172.95768516220608,170.68603476621755,171.53009033203125,11181159
2012-10-16,174.83335248494458,175.05218841457884,168.8103700081308,169.3209686279297,22171959
2012-10-17,170.0712724757114,170.35261511794803,167.04934671204055,167.79962158203125,20915414
2012-10-18,168.23722807711388,170.06080029225743,166.10103910988582,169.08128356933594,26601633
2012-10-19,168.33104227459498,168.91458160367435,166.5908304720785,167.30984497070312,12648708
2012-10-22,165.72592216409365,170.25878873002472,164.99648768478917,169.97743225097656,14165351
2012-10-23,169.53975206416095,169.81068841252602,167.7266140232845,168.79991149902344,9493730
2012-10-25,168.83121721390765,170.6235294617045,168.22683770430572,168.89373779296875,18056661
2012-10-29,167.2160729721342,169.72738597817386,167.2160729721342,169.06048583984375,10986118
2012-10-30,168.8103802803522,169.18551767397346,166.54914973392496,167.40362548828125,9337388
2012-10-31,167.3827696644597,168.2580855305007,166.30947197939025,167.87252807617188,9422473
2012-11-01,165.68426079467577,168.5602908375731,164.37128692848063,168.20599365234375,18379112
2012-11-02,169.22718854475184,169.83156803203767,167.2473146328767,168.3831329345703,11547717
2012-11-05,167.48697688705172,168.59154881266537,167.11183951442842,168.00799560546875,5066549
2012-11-06,167.55995533176093,168.2685498522283,165.9447983317762,167.86215209960938,15450143
2012-11-07,167.143133793351,167.8308741324347,166.30949817893665,166.90345764160156,10418019
2012-11-08,165.26743936841098,166.3719973726883,164.5901053017798,166.0177001953125,12414461
2012-11-09,165.34036790011638,167.45570288898531,163.60015634114833,164.15243530273438,10595311
2012-11-12,163.77733972654204,164.5171805289037,162.34974469504255,163.94406127929688,12661154
2012-11-15,164.40250518982015,164.40250518982015,161.94329353844606,163.5167694091797,15252390
2012-11-16,164.10035652119743,165.1945084057562,160.6824674350602,161.54736328125,14357871
2012-11-19,161.56817528330004,162.19339488537668,158.6713054472658,161.3701934814453,20723808
2012-11-20,162.7040276234927,162.7040276234927,158.8484943407477,159.50497436523438,9434023
2012-11-21,159.74463467886392,161.28686466786024,158.61923638982347,160.72415161132812,8612899
2012-11-22,161.10968155088986,161.24515669940675,158.6817298288252,159.60914611816406,10486909
2012-11-23,159.64039914048115,161.68279333832484,159.64039914048115,161.2555694580078,7469469
2012-11-26,161.4952575307675,162.4435141192505,160.68246219435034,161.2347412109375,4542818
2012-11-27,161.93290166944993,164.2253922226832,161.3076820320263,163.9752960205078,10808581
2012-11-29,163.80856586061788,167.55989739946534,163.11039168001486,166.37197875976562,19614256
2012-11-30,165.90307322778372,168.3935456526982,164.64219991581805,165.41331481933594,18244916
2012-12-03,165.6842470961006,168.18513955445553,164.59009534206228,167.55990600585938,10320168
2012-12-04,168.00798053081115,172.0823629594277,167.97672024523163,171.8739471435547,15279225
2012-12-05,172.61382477410316,174.4582375176034,171.0195082606421,173.52040100097656,13516432
2012-12-06,174.21852942193357,176.28176381518608,171.3112395361654,175.8753662109375,11534903
2012-12-07,175.28141492253383,177.0841470314496,173.07229910278443,173.93719482421875,13188809
2012-12-10,173.9372109068231,174.635371258408,171.15496177257495,172.62423706054688,8177837
2012-12-11,173.39533392146777,174.71872783208056,169.7482029853985,170.9048614501953,16253418
2012-12-12,171.93649067208852,173.97889916270552,170.75899193401844,173.52040100097656,10123422
2012-12-13,173.52039463782168,175.2710125358533,173.0618964929063,173.8642578125,11603084
2012-12-14,173.91634363775174,176.47977055958384,172.66590437481833,174.90628051757812,8950431
2012-12-17,173.9163244482844,175.97957265488782,173.1869039440572,173.8433837890625,7246381
2012-12-18,173.91639999729856,174.9480315047435,172.14494148208036,173.2703399658203,7996183
2012-12-19,174.06224846975726,175.6982452617918,173.82257235209022,174.95840454101562,8718992
2012-12-20,175.46899284940966,175.46899284940966,172.87430565106402,174.61451721191406,9577572
2012-12-21,173.60374295735014,173.91634582100284,171.35293277900084,171.98858642578125,9402708
2012-12-24,172.06154150241517,172.42624487388363,169.97745267682552,171.04034423828125,5704037
2012-12-26,171.31124642631107,174.20811633391864,171.31124642631107,172.61380004882812,5823779
2012-12-27,173.0410476819308,173.39533093516587,169.87324121010997,170.41510009765625,16101867
2012-12-28,171.62387092031426,176.3130391309396,171.21747328141785,175.1147003173828,14550602
2012-12-31,175.12512773389716,177.1050016213301,174.39569319010047,174.9688262939453,9730755
2013-01-01,175.8962349646752,176.4380938448079,174.87502386564464,175.20848083496094,6831351
2013-01-02,175.89621999703309,178.39711227407028,175.59402334005424,176.71942138671875,13441898
2013-01-03,176.85491798159032,179.64758737938166,176.02129633055736,179.3870849609375,17266808
2013-01-04,179.62673784521937,180.18943695180974,177.88654004446863,179.61631774902344,13306377
2013-01-07,180.41868408268058,181.52324204899762,177.5218140110112,178.5221710205078,15307180
2013-01-08,178.20958201160184,178.83481567398618,176.7090462635018,177.28216552734375,13973797
2013-01-09,177.64684527411325,179.1994811803726,176.8653242294372,177.70936584472656,17071824
2013-01-10,178.76184103338247,179.01193725269138,176.52146471579414,177.1571044921875,9239813
2013-01-11,177.6676970019984,177.77189795978737,174.2810684897837,175.04176330566406,8050294
2013-01-14,175.27098847095272,177.77188077620184,174.85417076807636,176.6360626220703,7060887
2013-01-15,176.34431852917882,177.52183119123785,174.64580103259578,176.552734375,10387846
2013-01-16,176.3234686817324,181.50240948547108,176.3234686817324,179.51211547851562,19551254
2013-01-17,179.66842099795343,186.22285637431438,179.1786625571893,185.48300170898438,22117537
2013-01-18,186.52504809824075,188.18189914627945,184.57643433825388,187.60877990722656,22754714
2013-01-21,195.5074137652643,199.02950348739245,191.3288301916081,191.7248077392578,43957346
2013-01-22,191.73523114926235,193.96520122225152,190.8078147941602,191.7456512451172,18664413
2013-01-23,192.17289829622365,193.56923294371754,190.9432851903967,192.37088012695312,11701950
2013-01-24,192.77731557304043,193.47548998960585,189.02596885433908,190.807861328125,13438049
2013-01-25,190.95370663967222,191.18296267309967,188.6299694881811,190.1096649169922,14088477
2013-01-28,189.9325027645614,190.30764013494303,186.52503396695084,187.0564727783203,13400981
2013-01-29,186.52504242315024,187.9838976745404,183.41977018268133,183.99288940429688,15439403
2013-01-30,184.9619944721474,188.27568270347834,184.9619944721474,187.44204711914062,17641932
2013-01-31,186.8689261033266,187.15028263178164,184.04499636991855,184.78485107421875,16733589
2013-02-01,185.76435611918663,187.5253941195191,184.1491855541816,186.31663513183594,8152817
2013-02-04,186.74385577457235,187.7754730311017,184.25338344311095,184.7952423095703,13697044
2013-02-05,184.23256784328228,184.6285315166935,181.94007701610678,182.30479431152344,9708430
2013-02-06,183.49271244703573,184.0033110938422,181.4815781496952,182.4923553466797,9876509
2013-02-07,181.64825309827546,183.8157022010478,180.9709330791636,181.919189453125,8542570
2013-02-08,181.30444096835427,182.14848272804102,178.60555240310046,179.9706268310547,9584217
2013-02-11,180.27280514162206,182.3568940266435,179.35582272662646,180.9813995361328,8329895
2013-02-12,181.02307341266544,183.47186559149188,180.31449295564826,182.45066833496094,9728703
2013-02-13,184.23258937046717,185.066211113383,181.83589729655617,183.1905517578125,10533233
2013-02-14,183.3989118657525,184.11791236785052,177.35508952668957,178.4075469970703,12284945
2013-02-15,178.16789080608237,178.6889095517641,173.8330053818422,176.27137756347656,14390520
2013-02-18,176.72985708367025,178.10535143547614,175.72950008454055,176.6256561279297,5310071
2013-02-19,176.93827222150014,178.18871150956159,173.8642466549948,176.81321716308594,9677020
2013-02-20,178.80354607111255,183.1592578142985,178.5221895464896,182.31521606445312,14873246
2013-02-21,181.10643566750215,182.73202634388812,177.9073826204301,179.0640411376953,16214530
2013-02-22,178.9181530926251,181.73164855797094,178.8139521331698,179.7726287841797,9725304
2013-02-25,180.0643718615551,180.26235366295984,177.355077650708,178.05323791503906,9878487
2013-02-26,177.08416969778688,177.08416969778688,170.6339491184596,171.62388610839844,13474915
2013-02-27,172.97854342905217,175.26060024707573,172.38457009503495,173.2494659423828,17709146
2013-02-28,174.47908693346886,174.96884541083915,167.92465106720798,169.61276245117188,27667849
2013-03-01,170.06083033814326,170.58184907566377,167.87254051094814,168.89373779296875,13906688
2013-03-04,168.58111765304284,170.52973114916344,167.74748219348035,169.3522186279297,14948007
2013-03-05,170.70689396837923,173.90594713905983,170.70689396837923,172.2178497314453,13159371
2013-03-06,173.37450332682587,174.72915760001365,172.2907854730802,174.0726776123047,10778102
2013-03-07,173.23900741033833,175.37518240109117,171.73847208723228,174.33314514160156,10529882
2013-03-08,175.68782622034158,178.12619823518622,175.0626065506921,177.41761779785156,10131948
2013-03-11,177.58432342626799,179.35579522894258,175.07301096464735,176.00042724609375,10569010
2013-03-12,177.25087210565255,178.08450755834278,175.8024371148079,176.69859313964844,8552523
2013-03-13,175.5211054869176,178.52217660935955,175.10428773457664,176.10464477539062,9401899
2013-03-14,175.89623109407455,179.94975946633608,174.07265876651854,179.2411651611328,14790357
2013-03-15,180.22069367976212,181.18979043085764,174.70830986891104,175.8232879638672,12793329
2013-03-18,174.02059009725645,175.7920483600303,173.14527410707947,173.87469482421875,8023328
2013-03-19,174.35400944584939,174.85418795606626,169.2063430025372,171.9364776611328,17970333
2013-03-20,172.85345724072656,172.93681799905283,169.50850942882158,171.45712280273438,20179135
2013-03-21,171.93647185816147,173.56206239550932,167.71622190714749,169.3522186279297,16660114
2013-03-22,168.45605600342063,171.1028436147499,167.63285458352715,168.93539428710938,11876985
2013-03-25,171.01948388192037,171.59260302438088,167.19519768447117,168.654052734375,14058667
2013-03-26,167.24730987855747,167.76832858202891,162.5581276353042,163.2563018798828,19465627
2013-03-28,163.60017839105214,163.79817413997304,159.30697335101956,161.0784454345703,26513604
2013-04-01,162.76655620047157,164.8089507908589,161.26602054761486,162.29763793945312,8326610
2013-04-02,162.59981203132432,165.99686073955675,162.20383446803143,165.4550018310547,11110756
2013-04-03,166.26782386076286,166.51790620701152,160.682484517053,161.8391571044922,9321547
2013-04-04,160.99508787486468,162.13090625961937,159.26529614350216,159.96347045898438,11915658
2013-04-05,160.26566353373667,163.0583331505123,159.99474099731063,162.57899475097656,12989770
2013-04-08,162.1621698913428,165.54879883361932,162.14132969713856,164.51718139648438,8878601
2013-04-09,165.0798578106206,165.809292331307,160.70329242253305,161.9224853515625,13081885
2013-04-10,162.57895628242207,163.38133142831717,160.80749838121255,162.43307495117188,12190258
2013-04-11,163.3917765218933,163.62101864893134,159.254872930421,160.70330810546875,11428531
2013-04-12,159.84882215567467,162.6414772057116,159.43200443918914,161.58901977539062,11349794
2013-04-15,161.10968687130153,166.7158651729343,161.10968687130153,165.39247131347656,16184406
2013-04-16,166.10106831972007,168.81037688221,163.68353637128692,167.75791931152344,17774606
2013-04-17,167.945465239859,168.72700022793757,160.30732654297694,161.2451629638672,32105722
2013-04-18,161.8287086940832,163.6418471232085,161.02633348288845,162.89158630371094,13793320
2013-04-22,163.80858204461217,165.62172046791974,162.20383162737173,164.59010314941406,12790893
2013-04-23,164.95481782641667,167.93504868016788,163.81899956671722,167.4973907470703,12356228
2013-04-25,168.31015992418537,172.26990698714766,168.31015992418537,170.82147216796875,25921526
2013-04-26,169.4355844192715,171.93647696015987,164.5796806780436,165.1423797607422,20852076
2013-04-29,165.288299918881,166.49705903244143,164.31920304376297,165.19451904296875,20968563
2013-04-30,165.40287745954836,166.02809704643363,161.96414886366628,164.26705932617188,17548959
2013-05-02,164.10036104119578,168.18516424963548,163.26673937401398,167.3306884765625,27236264
2013-05-03,167.35149350302132,170.0399614205582,165.66339641750506,166.83047485351562,12917135
2013-05-06,167.18481151720334,171.92608095755836,167.18481151720334,171.22792053222656,9358282
2013-05-07,171.20705732260276,174.20812838879797,170.8214998655128,172.5929718017578,16529868
2013-05-08,172.99940392387683,173.58294331769432,171.32171251563673,172.90560913085938,11858396
2013-05-09,172.64505265704233,173.3223727199073,169.85238382453633,170.49844360351562,8182539
2013-05-10,171.83800406327495,173.06135795716128,170.6779389899604,171.46888732910156,9081731
2013-05-13,171.5532434859085,174.11595481321174,168.48433426263517,169.37020874023438,9087230
2013-05-14,168.85344094964694,170.635735588525,167.80937969154584,168.34722900390625,8828077
2013-05-15,169.1592825722343,173.12461181933116,169.1592825722343,172.7449493408203,11255447
2013-05-16,172.11221632453487,177.97583077190194,172.00674433878555,177.31143188476562,15197535
2013-05-17,177.31138775290864,178.16562473791691,173.65190076944867,176.2251434326172,12484982
2013-05-20,176.62592893421242,180.33814551911618,174.8014509713882,175.3076629638672,13237846
2013-05-21,175.29714006681692,177.17434722402822,174.07380012515915,174.76983642578125,10594235
2013-05-22,175.0861638888369,175.9087494005975,171.58484977072283,172.69219970703125,12579289
2013-05-23,171.19468962964558,172.1122014917501,164.54009922187984,165.45761108398438,12798137
2013-05-24,167.34539334866943,167.61958392892257,164.35030407001014,165.87948608398438,7975390
2013-05-27,169.31747456411296,175.6556768952461,168.94835786320755,174.70652770996094,18956469
2013-05-28,175.06512195894692,178.62969773362033,174.2636137152478,177.89146423339844,21734556
2013-05-29,177.27980262965244,179.24137608892164,175.792803848588,178.8406219482422,25752389
2013-05-30,178.22895574048943,178.43987156643325,175.06513387236325,176.4993896484375,18225094
2013-05-31,175.92985031306677,176.27787540179608,169.1803628602209,170.06622314453125,17159386
2013-06-03,169.51787239831563,169.86589757802977,165.62636291550928,166.18531799316406,14165128
2013-06-04,166.75481328103524,168.69529522588783,164.33975664141266,164.56121826171875,14752690
2013-06-05,164.62447123870902,169.64442217986823,164.62447123870902,169.1593017578125,12748842
2013-06-06,168.73747754625515,169.56006335452773,166.22750879621964,167.0500946044922,17113393
2013-06-07,167.51411480805498,169.1593144988369,164.7299556264267,165.27835083007812,9420701
2013-06-10,166.41729886019573,167.78829369882746,164.94084612932122,166.49111938476562,11361378
2013-06-11,165.25725802056715,166.94462678235578,163.52769201589342,165.7001953125,13242164
2013-06-12,165.16231182327834,168.21012920425704,164.98301933745196,166.7969512939453,12774566
2013-06-13,165.15178870696292,167.23991145341367,164.63501683554176,166.58604431152344,9726275
2013-06-14,167.9359445243765,172.92424391610626,167.91485294470013,171.82745361328125,17575615
2013-06-17,172.00673640966406,174.6221768349291,171.07867872067666,174.1265106201172,11089648
2013-06-18,173.7362788824961,176.64700103829506,172.41801305749175,173.67300415039062,15658352
2013-06-19,173.37773588387606,175.75060911874917,171.88019141028477,175.42367553710938,17331546
2013-06-20,172.51294993068518,172.51294993068518,167.682851301217,168.31561279296875,17422410
2013-06-21,168.71636879135806,170.92049528690814,165.27834258924423,167.2293701171875,20486223
2013-06-24,166.6282093359116,167.92538360864552,164.20262157230624,167.18716430664062,16311628
2013-06-25,168.6741716157204,172.9347831883884,167.68283924863866,169.5389404296875,19232377
2013-06-26,170.73064942814767,171.78525648586856,168.96944634906924,169.4967498779297,16661304
2013-06-27,172.21766152415626,176.53101627657296,171.7747242721364,175.0651092529297,25751492
2013-06-28,183.39649388877356,184.13472727666735,178.4398322723155,181.94114685058594,48133694
2013-07-01,181.81460079172749,187.29856646425628,180.47524322360658,186.81344604492188,20497553
2013-07-02,186.26505459040564,188.1000784043483,183.23832832431614,183.89218139648438,17779689
2013-07-03,181.49825300631562,182.0993772013607,178.97772436003305,179.4628448486328,12816463
2013-07-04,179.9373972498981,183.6285364544209,178.7246032185888,181.74078369140625,13233510
2013-07-05,182.73209221337294,186.61305513335742,182.73209221337294,185.68499755859375,12756629
2013-07-08,183.50199448317568,184.2296681157807,181.00257170710708,182.85867309570312,14253091
2013-07-09,183.31211170080667,185.9908263473878,182.8797203104586,184.51437377929688,12922258
2013-07-10,184.39841522001558,185.5795861015214,176.96342105272765,180.54910278320312,22237458
2013-07-11,182.4473604480635,184.19801788810273,181.23456645175784,183.5125274658203,11368001
2013-07-12,184.39839271586612,188.98595223355662,183.41760607137044,187.70986938476562,14371976
2013-07-15,186.87668525863637,189.80849879726858,186.87668525863637,189.16519165039062,12913233
2013-07-16,187.08768268713976,190.76826258217451,186.25453697572735,189.9562225341797,12974694
2013-07-17,190.46236590996173,193.60509520990104,190.46236590996173,192.98287963867188,23132227
2013-07-18,193.62625022616984,194.0375501723601,191.77013461250522,193.4680633544922,12303560
2013-07-19,193.8476893730344,195.71433634632749,192.58215239876682,194.82847595214844,14298611
2013-07-22,192.99345556170184,192.99345556170184,189.60815852957202,191.73846435546875,16958736
2013-07-23,192.37126725971606,195.10269756329333,191.358843150925,191.84396362304688,12430954
2013-07-24,191.51702146452251,193.39422852235003,188.80666878443958,191.8017578125,13788582
2013-07-25,191.08460430608852,192.4028702017658,185.07333547590682,187.8785858154297,15831296
2013-07-26,188.18443613598527,190.61003817018164,186.76071228462047,187.75204467773438,9565406
2013-07-29,187.09819645445953,189.5448901311102,186.1490471957693,186.81344604492188,9151355
2013-07-30,187.09818311426793,188.14224440841983,180.1061277323263,180.83380126953125,11393034
2013-07-31,181.10803082303744,185.5479354221459,177.72273345262457,183.93438720703125,15795755
2013-08-01,184.58817887176983,186.21227233701546,178.19724880276829,179.2834930419922,11071339
2013-08-02,181.39274217893802,183.91325620579997,179.2835280121595,180.83380126953125,12821918
2013-08-05,181.39276246218,184.11366086862708,180.49635619694126,181.71969604492188,12559130
2013-08-06,181.06582990979757,182.27862387995518,175.0967440062668,177.39578247070312,12415511
2013-08-07,178.22894501992224,186.00141801568395,175.27603915535875,184.0187530517578,18794821
2013-08-08,182.94304359774662,184.01874234241006,180.79163202859328,182.58447265625,11367214
2013-08-12,183.29105252563406,184.1031065095718,177.26923752009742,178.36602783203125,8728866
2013-08-13,177.8070950747331,181.38221658300296,176.11972636942042,179.8952178955078,11537003
2013-08-14,180.54907279317263,183.08013271908098,178.74568643603902,182.44735717773438,11260259
2013-08-16,182.44733292305878,182.86917853460074,172.35473193022747,174.36903381347656,27321905
2013-08-19,173.5886678533897,175.90879808435878,170.32992002776746,173.0086212158203,16150138
2013-08-20,171.07867145695803,175.23383930076756,169.8026027486501,174.08432006835938,11418893
2013-08-21,175.69788785911075,176.0564588275924,164.56120889311484,165.27835083007812,15711357
2013-08-22,165.0357786506503,170.561927765947,163.29568097388318,170.02407836914062,22293762
2013-08-23,171.62706319662627,173.947193004427,170.53025894440597,172.85040283203125,14332191
2013-08-26,173.48318088174446,175.37093353882622,170.5091837365687,173.5042724609375,9916035
2013-08-27,171.69037379236642,173.9894125032429,168.7374678930408,169.42295837402344,13094883
2013-08-28,167.7039262240742,172.65004213427216,161.12315667612845,171.226318359375,25813146
2013-08-29,172.11219117562376,180.00066666317247,171.3739577823849,178.28164672851562,30837833
2013-08-30,177.9758070293029,181.39274128413777,174.70652790288844,180.0955810546875,21443760
2013-09-02,179.9584761925648,187.72040250330292,179.9584761925648,187.034912109375,21052445
2013-09-03,187.34073709186816,188.07897050138743,174.7065295341991,175.27601623535156,17326878
2013-09-04,175.8560387118765,182.35242757851984,175.69785188162675,179.14642333984375,13323596
2013-09-05,182.0255292163151,183.44925309296988,179.51556081979209,181.93060302734375,14254145
2013-09-06,183.50201543051537,184.24023493801045,177.49073105317223,183.08016967773438,15048312
2013-09-10,184.11365591434674,188.4691939576468,182.71102358719995,187.7942352294922,18493766
2013-09-11,187.50950845596495,188.3320942080917,184.37731006803364,187.245849609375,14860857
2013-09-12,187.2985702231314,190.04056015433773,183.7445403666255,184.64096069335938,17979275
2013-09-13,183.0801431768276,186.39161988896663,182.87975908135212,184.13475036621094,9825959
2013-09-16,186.86615878953572,187.23527548697737,180.1272165330387,181.76185607910156,12050423
2013-09-17,180.62287049811454,182.23641835703103,179.83190821128773,181.00253295898438,10930099
2013-09-18,181.49821176131633,184.55657507884024,180.71779520837495,183.9132537841797,13704245
2013-09-19,187.30910499726028,188.9753960703183,185.72719432067393,187.84695434570312,18935509
2013-09-20,186.87671647082217,190.04055195336147,183.60743717065043,186.01194763183594,18362492
2013-09-23,183.93435899294468,185.82209747644572,182.4473464143836,184.4194793701172,8875005
2013-09-24,183.92381975096822,186.570897584052,183.1117798214702,184.47222900390625,12352943
2013-09-25,184.00818483805932,184.53548838677278,177.63834501616105,179.08316040039062,17472523
2013-09-26,178.5769398900716,179.3151591910352,176.17242962780955,176.80519104003906,19874983
2013-09-27,177.59615070685462,180.23266828486712,176.54154367564962,177.15321350097656,12006474
2013-09-30,175.49747553385944,178.123461510424,172.76604574564982,173.4620819091797,15922812
2013-10-01,174.28468849726625,175.04401350545658,172.47075637312057,173.26171875,9108666
2013-10-03,173.6730353688713,179.0515434427165,173.6730353688713,178.64024353027344,9108321
2013-10-04,177.29031038904682,181.32946014294677,176.75246107976935,180.21157836914062,9909849
2013-10-07,178.7773296256675,179.78975362899286,176.3306359376602,178.028564453125,11265723
2013-10-08,179.2202619748893,180.27486910946217,177.00557572842544,178.2183837890625,12119312
2013-10-09,177.16378304251305,183.00631973215192,176.647025246343,181.5825958251953,11954619
2013-10-10,181.18183018252196,181.98333834097275,178.87223189211633,181.3927459716797,9371240
2013-10-11,182.44734575494036,183.08012125666968,180.19049058222447,182.09933471679688,9773103
2013-10-14,182.44736584060252,184.55659427886377,182.06771739355952,183.5652618408203,12156983
2013-10-15,189.26013345394827,189.544883854056,182.2364404361016,183.03794860839844,23041721
2013-10-17,183.50196295601492,187.29854548570964,182.37352131407224,185.68499755859375,17613513
2013-10-18,185.9486960081017,191.51702856418365,185.9486960081017,191.0213623046875,22177371
2013-10-21,191.02134351640126,193.0989204695525,189.01758709338668,192.61380004882812,15143599
2013-10-22,191.39044328020793,192.1392083850425,189.30230664232337,190.71548461914062,10246173
2013-10-23,190.92644473732366,191.77012207762,187.224759543397,189.14414978027344,8945093
2013-10-24,188.15280505077482,192.1497721258745,185.8959355766862,186.5603485107422,11717100
2013-10-25,186.47597659883544,188.31098625545408,185.47409841258366,187.087646484375,9945744
2013-10-28,187.2985533268758,190.85259694259716,187.266915959127,187.8785858154297,15374364
2013-10-29,187.53056934897162,190.66275314451116,186.43377913906806,189.1546630859375,14450634
2013-10-30,189.09144316789857,190.44134678362397,188.7117805760025,189.43946838378906,9614780
2013-10-31,189.82961515034796,193.6262119588991,188.9859379216454,192.93017578125,19779731
2013-11-01,191.95992567445037,195.42958876442034,190.5362019404121,191.56971740722656,11890914
2013-11-05,190.53622226784518,194.40663982680462,190.53622226784518,191.87557983398438,10955587
2013-11-06,191.93887354374993,194.02699648422407,188.76449188914702,189.53436279296875,9619806
2013-11-07,189.61871816214034,191.0529878969031,186.05414244595994,186.8556365966797,9792601
2013-11-08,186.87671808433606,187.29856375763862,183.7445340238168,184.7569580078125,8755784
2013-11-11,184.34568397268208,186.05415848512277,181.43496109060607,182.2153778076172,8901228
2013-11-12,182.4473505874712,183.83943701639313,179.32571247158,179.83192443847656,12169801
2013-11-13,179.26245154818326,181.68805367642318,177.61726604896137,178.10238647460938,8391536
2013-11-14,179.54719496157358,182.23644173813392,179.3679024565855,179.63156127929688,8031378
2013-11-18,180.99202884044732,185.13663725966958,180.5807289197967,184.50387573242188,12073167
2013-11-19,184.55657114181847,186.64469365808299,184.55657114181847,185.26315307617188,8434885
2013-11-20,184.52493834047831,186.24394420887276,180.75997898087024,181.9200439453125,13090661
2013-11-21,181.3716632232911,181.39275480323377,177.90199976393743,178.77732849121094,11465699
2013-11-22,179.49448222100526,180.6440015634367,176.98449956313422,177.9652862548828,7482129
2013-11-25,178.72457806683408,180.7283342399333,178.02854193253134,179.64208984375,10078405
2013-11-26,179.38898508295418,180.71779676025506,176.65755528385418,177.43795776367188,13965988
2013-11-27,178.12348415272865,179.1780913611404,176.17245659321884,176.741943359375,11421820
2013-11-28,177.82815037426354,180.63341453032822,177.82815037426354,178.8511199951172,12546701
2013-11-29,179.483920297571,180.65453111611833,178.98824002108933,179.95848083496094,9884161
2013-12-02,179.91629257069738,182.01497506451017,179.76865151881003,180.4014129638672,7221751
2013-12-03,180.3381416008827,182.5528278197508,179.42062974448206,181.7935028076172,9184625
2013-12-04,181.58260118003406,182.9746877576547,179.95849313289648,180.55963134765625,8761077
2013-12-05,183.92379113850882,184.97841223947205,183.09065975810756,183.71287536621094,12534404
2013-12-06,183.5336264115527,184.48277569885317,181.64587362725894,182.80593872070312,7301066
2013-12-09,186.0541223561766,187.29855364942426,184.80967698310351,185.38970947265625,12704841
2013-12-10,185.29483590883478,187.44624776606042,185.29483590883478,186.59201049804688,8718563
2013-12-11,186.1385000949746,186.65525788063786,184.02928579266137,186.1595916748047,4977570
2013-12-12,185.1893443440368,185.61119000566072,183.08013011574317,183.54415893554688,5690033
2013-12-13,182.86919937608064,183.1012208247929,180.89708042124226,182.3840789794922,8926111
2013-12-16,181.39276250867218,181.8673371573682,177.84927836899442,178.23948669433594,10046119
2013-12-17,179.00937070155277,179.89523124166206,176.4888421272605,177.00559997558594,10089421
2013-12-18,177.0056025387495,182.2048325507018,177.0056025387495,181.38223266601562,12009855
2013-12-19,182.320790933029,182.320790933029,177.95470768245875,180.13775634765625,13450539
2013-12-20,183.92381434086673,189.407794070322,181.83569161239836,188.80665588378906,20508621
2013-12-23,189.61871356840507,191.7279279179116,187.72041502191854,189.03868103027344,16191974
2013-12-24,189.09140140126402,190.88424196489285,188.79610521060806,189.4183349609375,7306775
2013-12-26,188.6695353858914,189.82960028440138,186.0541094300642,187.20362854003906,14619868
2013-12-27,187.4251828884235,188.5430651022484,184.95739693573944,185.36868286132812,7744563
2013-12-30,185.82212072234103,187.68878194103652,184.73587615230898,187.10874938964844,10315527
2013-12-31,187.29854859518738,189.46050573586703,187.10872439348992,188.8171844482422,5706010
2014-01-01,189.2917796056893,189.46052632758585,187.21420263089658,187.46731567382812,5849398
2014-01-02,187.2353269262463,188.9859847129159,183.52310959329603,184.55662536621094,6023632
2014-01-03,183.8394118503579,184.2085285056438,180.3381117186358,182.2891387939453,12833897
2014-01-06,181.835711829286,182.07827910482266,179.28355997964576,180.32762145996094,13315857
2014-01-07,180.25376620595551,181.38219379788205,177.18485710277665,177.61724853515625,17311470
2014-01-08,178.102373828608,180.83380367657514,178.102373828608,179.08316040039062,12726430
2014-01-09,179.3784539110859,180.08505000398497,178.23948042620043,179.43118286132812,8309185
2014-01-10,178.93548804083713,184.83075269329714,178.86166752230048,181.00253295898438,14839980
2014-01-13,183.1328593776757,186.24395177772922,183.08013042986047,185.695556640625,12058586
2014-01-14,185.29480624109527,186.57088904307005,184.0187375189466,185.92758178710938,12075547
2014-01-15,186.60252482467735,188.7750138186729,185.82210822848566,186.76071166992188,12660424
2014-01-16,187.44623564002418,188.41647655134526,186.04360322693748,186.90838623046875,18038361
2014-01-17,187.54114059852307,189.17578034635255,185.66393359220845,186.6130828857422,15463211
2014-01-20,187.06653812868305,187.50947533844098,182.67936326616046,183.44923400878906,16576057
2014-01-21,184.06093515101196,184.2613051724486,181.81461135366507,182.0360870361328,9806364
2014-01-22,182.13100020379738,184.63042299003075,181.0025724432172,184.0187530517578,8517726
2014-01-23,181.5193290037977,183.77618450927085,181.5193290037977,182.61611938476562,13767334
2014-01-24,181.81461579087733,184.48278535724563,181.62479155540993,183.00633239746094,11879019
2014-01-27,180.54908243366668,181.56150645808884,177.2481515241233,177.83872985839844,12345838
2014-01-28,178.6507944892492,180.54909316785702,177.7438283134852,178.1973114013672,11573795
2014-01-29,179.24134136247048,179.81082805001748,176.1197033300812,176.45716857910156,12374165
2014-01-30,175.36040146025385,175.87715927071363,173.41991970346768,174.010498046875,14102043
2014-01-31,174.43233424691934,175.7927833766523,174.2530558195215,175.3076629638672,11038353
2014-02-03,174.2635879727074,175.02289886209437,172.8398642153036,173.1457061767578,8227762
2014-02-04,171.79583811806245,174.35853577417691,171.5110876763484,173.2828369140625,12362252
2014-02-05,172.97699392476525,173.2722901560125,170.1928346693863,172.37586975097656,11298451
2014-02-06,172.95588104141072,173.8206639665743,170.45645845415586,172.08056640625,10826505
2014-02-07,173.3987802725866,173.75735112778125,170.97317874595765,171.7852325439453,8459052
2014-02-10,171.9539942361885,174.13704301940564,171.08921135433775,173.36717224121094,10345205
2014-02-11,173.5886711973629,174.01050282579092,169.3174992410829,169.8448028564453,12609169
2014-02-12,170.4248168012875,173.35663077743695,170.29826732658844,172.512939453125,9828890
2014-02-13,172.72388096966236,172.72388096966236,169.80261258611074,170.29827880859375,8657303
2014-02-14,171.24740839003448,173.79955974070296,170.42480868401915,173.3882598876953,9218744
2014-02-17,172.46021477972764,173.37772665368772,170.2244510186616,171.331787109375,9058505
2014-02-18,170.23500906118656,172.50241035490822,170.23500906118656,171.51107788085938,5741275
2014-02-19,171.47941486236502,172.95586756203883,170.84665344245485,171.32122802734375,6130140
2014-02-20,171.12089321450333,171.62710527046107,169.39132714341474,169.88699340820312,8041497
2014-02-21,170.23496739889416,172.11217398178886,169.91857967913785,171.16302490234375,6256274
2014-02-24,170.43538003690617,171.89074138439594,169.85534747200325,171.34234619140625,6800627
2014-02-25,171.75362409930295,172.11219501486966,170.32990030614823,170.96266174316406,7039336
2014-02-26,171.05758321086253,172.29148286440693,170.4775506885268,170.9943084716797,13608048
2014-02-28,170.9943146744213,171.97510132698562,167.28209794891785,168.72691345214844,18949872
2014-03-03,168.758538400112,170.17171642857568,168.1363086617277,169.45457458496094,11635479
2014-03-04,169.37021877508056,171.82745827315077,169.285852454087,171.46888732910156,8997053
2014-03-05,172.01726992400086,172.5340276821472,169.82368941917358,170.21389770507812,11827655
2014-03-06,170.70957362383152,173.8839408792879,170.69902783387636,173.47264099121094,10172590
2014-03-07,174.01049784626102,184.34566812336826,174.01049784626102,183.37542724609375,33597187
2014-03-10,182.4684626303456,190.5994917531305,182.10989170129866,186.76071166992188,32869474
2014-03-11,186.66581916375088,187.2563975278372,183.94493474070654,184.50387573242188,12780183
2014-03-12,184.34568418425926,186.2228913599041,183.0063405259839,183.7867431640625,9431389
2014-03-13,184.55661646269527,188.72231672930621,184.49334171391578,185.5163116455078,17221827
2014-03-14,184.34567459221185,187.70988040949868,183.30161314543793,186.90838623046875,16540547
2014-03-18,187.6149341732789,191.6857213122811,187.6149341732789,189.08084106445312,19034847
2014-03-19,189.82962678366275,191.91776360422836,188.82774857332214,190.46240234375,16376397
2014-03-20,190.16711136162832,191.41155685610767,189.43943775133607,191.0951690673828,29711945
2014-03-21,191.30607527116805,192.64543281109098,186.0646769585687,186.83453369140625,22050970
2014-03-24,187.9840846663557,191.67520999026618,187.95244729408327,190.9686279296875,28815466
2014-03-25,185.40030252357667,186.138521984268,184.02930743391792,185.4635772705078,31299573
2014-03-26,185.87485847327096,190.45187251834486,185.8537668914885,187.97354125976562,13811011
2014-03-27,188.7433932125257,190.86316752619632,188.16336064862188,189.9878387451172,55407935
2014-03-28,189.8296041074298,194.03750053609897,189.8296041074298,193.23599243164062,18667646
2014-03-31,193.25711296881292,198.2243210114644,192.61380567899167,196.31549072265625,18751896
2014-04-01,197.42282434371523,199.32112289776276,196.0096462183726,198.81491088867188,15640608
2014-04-02,199.3211115343817,202.90677855436957,197.86575033123782,202.1052703857422,26780181
2014-04-03,201.80997524569256,203.10713544137226,198.35085792417175,200.9346466064453,26550895
2014-04-04,200.79755647421717,201.0612012037147,198.59341613649127,199.16290283203125,12513877
2014-04-07,199.11017781738252,201.41977609250836,197.07478414617339,199.14181518554688,12905249
2014-04-09,200.3757182624089,203.89811053797615,199.77459417702372,202.93841552734375,13438946
2014-04-10,203.47624130568997,205.4167226813221,202.94893780838333,204.3937530517578,10649501
2014-04-11,202.97004273988458,204.81561214180266,200.50225770457317,201.16665649414062,11691621
2014-04-15,200.37572086293088,201.21941219922954,197.54936474220867,200.18588256835938,9264526
2014-04-16,199.63745478281803,202.27398625771963,197.86572016206227,198.54066467285156,12381278
2014-04-17,199.32110789099193,202.86459168784134,199.06799486558987,202.29510498046875,7845800
2014-04-21,204.5836085724578,204.5836085724578,201.66234027329014,202.40057373046875,11817203
2014-04-22,202.48494341868863,208.5489417071612,201.66234362810818,204.1195831298828,19331824
2014-04-23,204.38323503518149,207.12521077779317,203.38135684618038,203.99302673339844,15288495
2014-04-24,203.99302673339844,203.99302673339844,203.99302673339844,203.99302673339844,0
2014-04-25,204.17232076944873,204.38323656668157,199.53203243206394,200.00660705566406,13252156
2014-04-28,200.3335452254589,201.6412513580099,198.55125037857405,199.3211212158203,16610579
2014-04-29,199.54255152189162,200.74481364472737,197.84463734188006,198.3297576904297,8396497
2014-04-30,199.0890906513837,202.48493346840516,195.9674524443566,197.38063049316406,14391181
2014-05-02,198.26649782124818,199.8273168683974,195.3135923548063,195.7565155029297,9070553
2014-05-05,195.1026669879325,202.16854305987303,195.1026669879325,199.7113037109375,15199246
2014-05-06,199.93279580189113,203.96140035454277,199.85897526943498,203.19154357910156,12392211
2014-05-07,202.50604348794715,204.8894625586532,201.8627361826077,202.6642303466797,10571569
2014-05-08,203.1387807967038,204.61523354175498,200.53390043416957,202.54820251464844,11949181
2014-05-09,201.5990403731298,210.71086928209974,201.5990403731298,210.4155731201172,18452114
2014-05-12,209.84609955509998,221.25696742118308,209.67736692618914,216.97525024414062,30847764
2014-05-13,219.3587098924803,225.43326870267404,218.19864469295064,224.29428100585938,26863271
2014-05-14,224.420823350517,225.26450065225853,219.59071060678707,220.51876831054688,19375695
2014-05-15,220.5187662477855,223.57712987757893,219.20050023639453,222.18504333496094,20864719
2014-05-16,232.19460241834702,243.94171130714727,226.23051716031895,229.88351440429688,52633579
2014-05-19,232.38630449932782,239.57516503214987,231.51298854385809,238.5740509033203,23797958
2014-05-20,240.24612453975456,240.48042119567216,229.12737041903955,230.01132202148438,22509088
2014-05-21,230.01128389518985,234.9316550414237,228.71197421750685,229.7024383544922,21991587
2014-05-22,231.32128420627842,237.15757123620807,231.04437395371576,234.47372436523438,18745180
2014-05-23,236.76353148252096,241.11944740632157,234.72935358205848,240.1502685546875,16566818
2014-05-26,241.22589529451238,242.82340064207165,228.97821684861142,234.6654052734375,16073584
2014-05-27,234.94232257008764,236.00733571084558,228.9995373009045,231.73663330078125,11273379
2014-05-28,232.08809322940422,235.70915520415224,231.05502956308058,231.93899536132812,11351815
2014-05-29,232.7057935181448,232.89749076118733,227.561761090208,228.6693878173828,27659174
2014-05-30,231.10828297159583,232.10938283247611,225.7832029369666,226.78431701660156,17293884
2014-06-02,228.9249710760981,231.80051487014617,226.9120932640151,230.5118408203125,8806299
2014-06-03,230.74615243847197,234.72930869123212,229.47877807679674,233.323486328125,10874352
2014-06-04,232.7377453416496,234.6867242067167,229.24449601399587,229.5107421875,8826406
2014-06-05,229.72374146847216,233.2169906155269,226.6884499349226,232.1519775390625,19974435
2014-06-06,235.87954645798908,241.33242475093303,235.1766423085345,239.07460021972656,29319340
2014-06-09,240.69340838291654,241.26852858887452,236.88066342377334,239.12783813476562,13497804
2014-06-10,240.789247221486,240.789247221486,234.39915447649503,238.20126342773438,15760599
2014-06-11,238.56338589054073,238.56338589054073,232.70581322847224,234.75064086914062,15164409
2014-06-12,233.9944659859311,237.17886989205383,230.91657477263814,233.0572509765625,11767348
2014-06-13,234.36720961143854,235.79433172742998,228.48832360004246,230.4479522705078,14646904
2014-06-16,230.89526830155427,230.89526830155427,225.17614400527393,226.94406127929688,14371376
2014-06-17,225.37852290318358,232.87622959733577,225.37852290318358,232.18397521972656,15824961
2014-06-18,231.74729089205638,234.654784541612,225.92165374555677,227.22097778320312,19212704
2014-06-19,228.76524533350616,228.96759243125183,219.73391892811503,221.97044372558594,23126286
2014-06-20,222.77984643932302,223.5253499183286,220.2983610935732,220.77761840820312,12855084
2014-06-23,220.88412446573705,222.56684293868742,218.11507894853568,221.0864715576172,14768300
2014-06-24,222.58814708466153,226.379606421548,222.58814708466153,225.75125122070312,11890148
2014-06-25,225.28262209408038,225.6447310813014,223.2590944541004,223.86614990234375,10564797
2014-06-26,218.32809552447355,218.73280393703197,214.43013769727358,215.53775024414062,24480677
2014-06-27,215.1330297481582,218.00857364462274,214.5366241194017,215.58033752441406,9225499
2014-06-30,215.67619344547293,217.26306319531184,213.0029967202797,216.2832489013672,20656550
2014-07-01,216.66665985844517,217.38021378448067,214.48337025732226,214.70703125,9653273
2014-07-02,216.624059429837,218.82864885780359,215.5590462898187,216.89031982421875,12293489
2014-07-03,217.2630868418184,218.3281000218021,213.74853766037012,214.38754272460938,11575392
2014-07-04,214.06801842692477,220.84151998787914,213.70592363927452,219.80845642089844,12957117
2014-07-07,220.03211788998854,220.8841341200214,217.4760834186449,218.7967071533203,14019093
2014-07-08,218.54107876661658,220.3516095530312,210.87297597820597,211.94863891601562,17484768
2014-07-09,213.4289995492901,215.11171787420352,211.4054719334911,213.20535278320312,14903156
2014-07-10,213.05625582320587,217.58256866459772,208.96660091769,212.40660095214844,18600100
2014-07-11,211.98058351831583,213.4290052699611,205.2603456657865,205.86740112304688,17783841
2014-07-14,206.31472355715928,207.6566327225794,204.16338335991045,204.85565185546875,13764770
2014-07-15,205.2071119648718,208.74296073189248,205.13254881644815,207.08152770996094,15345123
2014-07-16,207.46493060573792,211.51198613860092,207.46493060573792,210.80908203125,13957671
2014-07-17,210.44696319059994,212.61958871069655,208.8068442042281,209.27545166015625,9426887
2014-07-18,208.7429428779894,209.4990961758573,206.46380470069454,208.05067443847656,9332698
2014-07-21,213.0029984034434,214.70703069442297,211.9486351773077,212.50244140625,16987269
2014-07-22,213.8550348506029,220.22382841617159,213.2373294849219,219.595458984375,28489939
2014-07-23,220.46878166029524,221.4805456280794,217.4867389953782,220.0853729248047,13721398
2014-07-24,219.39309323507229,222.2047380118483,218.11506900415037,221.7467803955078,9673900
2014-07-25,221.92782181477065,222.22603172625583,214.5046657536805,217.65711975097656,13532588
2014-07-28,217.4760694011423,218.01922580262126,213.34381512371232,214.19583129882812,9372911
2014-07-30,213.85501540882527,215.34603656005092,211.51197810868393,214.31297302246094,18616706
2014-07-31,214.6964017301674,217.24178634910615,213.4290272350134,214.37689208984375,17722817
2014-08-01,211.93799036380986,212.79000652953232,207.6779379727052,207.954833984375,15826199
2014-08-04,208.95593676097428,210.80906684516077,207.90157356652418,209.80795288085938,14672155
2014-08-05,209.8292792021154,210.41503502684162,206.8259369280604,209.56301879882812,12233949
2014-08-06,209.7866733351398,212.70481674004273,208.63644719720992,210.4789276123047,16358373
2014-08-07,210.6599941638234,212.30012763402988,209.4565328999759,210.72390747070312,10844144
2014-08-08,208.64711071988347,209.4884771296841,207.27325192255762,208.84947204589844,9118453
2014-08-11,209.83993632420612,210.28724414848267,208.18915304785642,208.84947204589844,6696796
2014-08-12,210.02097088841882,210.2233322020548,207.96549352328898,209.68017578125,9556263
2014-08-13,209.445850874412,212.27879532521496,208.7429467942803,210.90492248535156,14113750
2014-08-14,211.93800975282298,214.06803614323942,211.24575544156417,213.63137817382812,12062077
2014-08-18,213.2373151431523,216.29390644265158,212.47049774723942,215.78269958496094,7643510
2014-08-19,216.1980576679839,217.9020757861474,214.30232809160256,214.9839324951172,14559347
2014-08-20,215.3460314197126,216.93290115059295,212.01253004712282,212.6515350341797,13022078
2014-08-21,213.0030336207097,213.85504990706923,210.89430681978786,211.95932006835938,16449220
2014-08-22,213.0242930777275,214.4940144956347,212.0018794147271,212.64088439941406,8571614
2014-08-25,213.00299871089115,214.81352946798188,211.60782618079503,212.10838317871094,7455233
2014-08-26,212.150988685166,212.35334999069602,209.38195745656532,211.58653259277344,9548209
2014-08-27,212.40660476014142,213.38641911705008,210.20202956647412,211.6610870361328,8391614
2014-08-28,211.85280408468688,213.85503223908538,211.85280408468688,212.7261199951172,15914040
2014-09-01,213.92955556104988,217.47605379563308,212.0657756437567,216.00633239746094,16197464
2014-09-02,216.94353667680932,219.72323164796842,215.26081844175565,218.07244873046875,16556769
2014-09-03,218.3600388148478,220.6604768391221,217.49737277840063,219.65936279296875,21922291
2014-09-04,219.1801096072353,220.2238230607217,216.85837184526815,218.51979064941406,9346763
2014-09-05,218.903195417643,220.12795624978128,217.3908745001852,218.46653747558594,9078852
2014-09-08,220.22383101485173,221.3846928283865,218.96710635518374,221.03323364257812,13886787
2014-09-09,219.8404072505423,221.8000359290427,219.00969076590505,220.0321044921875,9166689
2014-09-10,218.9990843059251,219.201445653173,215.68689599545135,216.379150390625,9459033
2014-09-11,217.32698063276962,219.39310785786242,214.70704713632495,217.13526916503906,10619105
2014-09-12,216.94357205395525,218.1150836803956,215.44190094642516,216.32586669921875,8749882
2014-09-15,214.9413489133676,215.55905428248124,213.21603097506636,213.58877563476562,8738403
2014-09-16,213.30123320929522,213.8869890456365,207.99745270193597,208.6151580810547,13242995
2014-09-17,209.786665981481,210.99012709373386,208.51929157039928,210.58541870117188,10887270
2014-09-18,209.80796960438397,215.1330352312373,209.53105936678557,214.04672241210938,9089107
2014-09-19,214.28101735367758,216.368444061931,211.08596399601655,212.03382873535156,17169819
2014-09-22,211.51200109653013,212.15100616828937,210.38308881871262,211.20315551757812,7900222
2014-09-23,211.23508520194153,212.03383791186076,205.13253828563842,205.7289581298828,17694403
2014-09-24,206.29341582875855,207.4862270890666,203.50307069861327,205.5585479736328,15393998
2014-09-25,205.78218701781765,206.14428176468058,196.52720112552666,198.06082153320312,33092058
2014-09-26,197.87979927769354,200.57428162396005,195.38766402153544,198.78506469726562,15904980
2014-09-29,199.57316600050495,200.7979410345552,198.00759587002665,198.76376342773438,12481132
2014-09-30,197.6668210391745,202.0227370941007,197.0384657517604,201.43698120117188,17642155
2014-10-01,200.98963284221182,201.41564091998305,197.24078735158162,197.4963836669922,8656245
2014-10-07,197.5070169397128,199.13648596997945,196.69760023799412,197.27272033691406,12404189
2014-10-08,196.20772513097535,200.54232642578054,196.20772513097535,199.51991271972656,9827783
2014-10-09,199.839438680737,203.89714429721025,199.839438680737,203.3433380126953,11164671
2014-10-10,201.71387363922628,206.3999345868553,199.39213575139246,204.62135314941406,15465656
2014-10-13,204.8662846754294,205.49463981772718,201.93749166842264,204.0355682373047,13881865
2014-10-14,208.5299250547417,208.5299250547417,204.1846742005642,204.74913024902344,19077913
2014-10-15,204.74913024902344,204.74913024902344,204.74913024902344,204.74913024902344,0
2014-10-16,202.70434717039464,203.8226096652993,197.66681258172912,198.3058319091797,19017182
2014-10-17,199.37080432915235,200.36126844320745,197.0703665027571,199.7755126953125,15313270
2014-10-20,199.90332489331496,200.35063267484276,194.16288687933644,199.16845703125,21187302
2014-10-21,198.9980744577651,199.5838302908952,197.47510360412488,197.95436096191406,17621790
2014-10-22,199.17911124518452,202.52326272385724,198.763767213502,201.42630004882812,13384016
2014-10-27,205.32421753142202,205.32421753142202,199.54118113756996,200.51034545898438,10072622
2014-10-28,200.45711526255366,200.64881248855676,197.26207618331824,198.9554443359375,22023470
2014-10-29,199.49861006272985,203.07705798075466,198.9767533709086,202.6936492919922,17516848
2014-10-30,201.92686666300511,209.07311337922025,201.7351694085109,208.5832061767578,32745121
2014-10-31,209.13700637530087,213.7911317725725,209.13700637530087,213.1201629638672,14086084
2014-11-03,213.85501444597875,214.92002751795155,210.90492169598758,213.50355529785156,12376151
2014-11-05,213.42902550073933,214.81354830588492,210.53218172285915,211.14988708496094,15730002
2014-11-07,210.96884862327036,212.01256214033057,208.32761528736833,208.84947204589844,11633677
2014-11-10,209.3393816954191,210.83040305409375,206.02717947520955,206.4744873046875,10482542
2014-11-11,207.12412531911312,210.40437772766143,205.81416570009807,208.2530517578125,10100100
2014-11-12,209.15831981470598,209.3819808385574,206.33603903757492,207.47560119628906,9286081
2014-11-13,207.4649500130173,208.70037501329014,205.20712540584563,206.45318603515625,7041533
2014-11-14,206.39995047891657,208.26373084129557,205.55858400996996,206.43190002441406,8424014
2014-11-17,205.76091569441294,210.35112770478395,205.76091569441294,209.85057067871094,10224348
2014-11-18,209.90381429495176,212.5130978251154,209.85056506155595,210.58541870117188,13410579
2014-11-19,210.58546313786073,211.29903145344585,207.9974787549519,208.34893798828125,8099318
2014-11-20,208.31695414765565,209.53106516291223,206.676820807961,208.9027099609375,11342020
2014-11-21,208.7855912469228,213.21605626799547,208.7855912469228,212.5131378173828,11739875
2014-11-24,213.04562796827832,213.8869943866039,209.10507051062177,209.88253784179688,12426216
2014-11-25,209.8292749001927,211.91670181914995,207.31583987596272,211.51199340820312,14606201
2014-11-26,211.28834234462025,211.51198913051917,209.29676409040786,210.24462890625,13155281
2014-11-27,210.8729787802631,211.5119837997666,209.3926074355982,210.58541870117188,12279963
2014-11-28,210.80909772517765,216.69863406737784,209.42457488224315,211.21380615234375,20881173
2014-12-01,210.65998816541858,211.2883576182573,204.17404606168736,204.82371520996094,17382184
2014-12-02,204.90890001158016,206.87917857990087,204.0568838148052,205.04734802246094,9453044
2014-12-03,204.17404859586313,207.46495111268095,204.17404859586313,206.26148986816406,9789854
2014-12-04,206.20821830206194,207.66727573699245,203.5669710088025,204.1740264892578,10775294
2014-12-05,204.69589484430125,205.9739191768705,203.4391844250918,203.91844177246094,10048267
2014-12-08,204.4828735701633,205.08992901293928,200.7020786962929,201.20262145996094,10238784
2014-12-09,200.43584816520809,202.50197547868638,198.30582176600433,200.19088745117188,10598750
2014-12-10,198.40167441692574,200.42520238094474,198.0928146109023,198.63597106933594,13242754
2014-12-11,197.87981796923415,197.87981796923415,192.41628961393263,193.0126953125,22620658
2014-12-12,193.1937234425027,194.0457396232729,187.30420176090874,187.94320678710938,17874849
2014-12-15,187.00599483797475,187.82606149155453,185.73862039323825,187.18704223632812,12647964
2014-12-16,186.76104724779134,188.13490593522735,183.11868585841475,184.1623992919922,20886278
2014-12-17,184.3008645028665,186.356341862588,184.13045273097597,185.20611572265625,20779949
2014-12-18,187.77283381513516,188.4650881658955,184.17307137866482,187.46397399902344,14970699
2014-12-19,188.52893772181616,193.4919078594909,187.9751315429611,191.81983947753906,20073537
2014-12-22,192.12872510326414,193.1511389113245,189.78570175406634,192.74644470214844,8305143
2014-12-23,192.2032610232918,192.5866697300443,189.95608645472942,190.37144470214844,10583206
2014-12-24,190.3714572511381,191.09566110607193,187.44266385111996,188.32662963867188,22479751
2014-12-26,188.84848617048496,190.13714616499598,187.4639633290122,189.32774353027344,4890141
2014-12-29,189.25320386980403,191.50037869399372,188.92304435993847,191.063720703125,6931660
2014-12-30,191.08499160954864,191.36190183719202,186.824939261216,187.47459411621094,11627412
2014-12-31,187.44265521480216,190.4033980211783,187.2403081198988,189.81764221191406,8464992
2015-01-01,188.78457111724998,189.99868207601952,188.22010080582226,189.1253662109375,2963643
2015-01-02,189.16795801328362,190.86134044216575,188.35855547947352,188.6248016357422,7331366
2015-01-05,188.50767957176805,189.76440426058238,186.185941672097,186.55870056152344,10103941
2015-01-06,185.31263733574957,185.95164240953517,177.21851145319286,178.09182739257812,18627980
2015-01-07,178.30482844947335,182.92699000748544,178.2835287555138,181.96847534179688,20720312
2015-01-08,183.2038861888668,183.8003060577635,178.95448349019216,179.35919189453125,19872227
2015-01-09,180.71177078126635,183.60861479352613,179.98756688757933,183.2465057373047,13392787
2015-01-12,183.28907946514406,183.39557792357758,179.26332398633403,181.11643981933594,10100113
2015-01-13,181.6915982307555,182.1069565574565,179.02906490656005,179.59352111816406,9948711
2015-01-14,179.5615615474819,180.4135778511639,177.04812624850047,177.84689331054688,11380041
2015-01-15,178.92249740870022,185.54688572684114,178.92249740870022,184.0878143310547,16927085
2015-01-16,183.18257695961665,186.3776304213054,181.48920872023663,185.24871826171875,19136963
2015-01-19,185.3552099905248,188.72064665412026,182.91632415183335,187.3680877685547,13339962
2015-01-20,187.76215928286896,192.88487777380465,187.1976889657768,192.3523712158203,13361320
2015-01-21,192.76772777789918,194.13093659194718,190.00933217222018,193.14047241210938,17084297
2015-01-22,192.79968714574107,193.23634510111373,187.33615910809786,188.24142456054688,23721627
2015-01-23,189.57267348542948,191.2340922189943,186.8036422628214,188.91236877441406,18080494
2015-01-27,190.19038324040642,190.9998000421227,187.54915011606235,189.37033081054688,17939876
2015-01-28,188.74195929972706,193.79014307908727,188.74195929972706,193.16177368164062,19298126
2015-01-29,193.21503739003552,199.05132448698697,193.17243799972977,197.9650115966797,36117653
2015-01-30,198.09279412785193,198.3590545149964,193.61973053010593,194.9510040283203,21746801
2015-02-02,195.12139170498207,195.9414582996459,192.91681666722144,193.41737365722656,19302710
2015-02-03,194.5143277632121,200.40386307805295,194.5143277632121,199.71160888671875,17092333
2015-02-04,200.03112935050476,201.03224341239962,197.21949863079746,197.8372039794922,14072894
2015-02-05,199.37080293863093,200.20150513837328,195.4515458936831,196.75086975097656,12365643
2015-02-06,196.83608900941982,198.09279939514687,192.3417255986973,193.8114471435547,9045844
2015-02-09,191.95830096665662,195.5367487994649,189.9986724027075,190.99978637695312,8839692
2015-02-10,191.27670274801648,192.66121122767632,183.45948793303515,187.86865234375,13651008
2015-02-11,188.72065227801738,192.71447263370337,188.08164727735914,191.851806640625,9781008
2015-02-12,193.40674113759897,194.6741013860684,188.98692660117334,193.6516876220703,8709626
2015-02-13,194.68474960215633,196.1331714588112,193.63038630553888,195.43026733398438,7393680
2015-02-16,195.6858545626321,196.85738034119814,191.70269819676588,192.2991180419922,12266698
2015-02-18,191.70269429409262,193.40672658504215,190.50988306543073,192.0541534423828,9835036
2015-02-19,193.18308727621294,193.32154951305245,189.0508326787285,192.13937377929688,9550637
2015-02-20,190.6909410725933,190.85070299548755,185.58952219951283,185.97293090820312,18717199
2015-02-23,185.3019456259946,186.75036722644472,180.4348241921751,181.36138916015625,14104463
2015-02-24,181.9578459824675,182.50100245834744,178.28354882945453,179.2313995361328,19946218
2015-02-25,180.79699670258051,182.43711609278438,179.14621324469812,179.59352111816406,15274116
2015-02-26,180.22182759469933,181.0525440230303,178.19829997280607,179.34852600097656,21459750
2015-02-27,180.5307077376429,183.3956019574645,179.90235253178665,182.23472595214844,18659378
2015-03-02,185.09957802589736,186.4841005079851,182.23468445839498,184.0878143310547,14579511
2015-03-03,185.099606503753,193.0765689968071,184.75881141726984,191.87310791015625,20636925
2015-03-04,192.98070808339077,193.75817526240309,187.45328172037026,189.1147003173828,14476047
2015-03-05,190.10517876692057,191.43645224546293,187.04858748644065,188.49700927734375,10716702
2015-03-09,188.52898547503017,189.94545792648736,184.06657115897588,185.2380828857422,14065391
2015-03-10,185.08896804585885,186.54803975590264,182.2027741670949,183.0015411376953,15234060
2015-03-11,183.38494414542797,185.22741029401843,181.56376347163638,182.31993103027344,11635873
2015-03-12,182.75656338629645,184.75879117503467,182.24534237507405,183.99197387695312,11782380
2015-03-13,185.0996082869568,185.22740644561915,180.41354783388658,181.0738525390625,12936157
2015-03-16,181.37205521793715,181.8939118970542,178.98641859107912,179.3698272705078,13839990
2015-03-17,181.16970385507284,183.16128206555757,179.13552625773318,182.51162719726562,19070082
2015-03-18,182.5435696499169,185.79187230276494,182.0536625013523,185.02505493164062,9269885
2015-03-19,186.49480354460488,186.7397500451926,181.9258908474523,182.362548828125,13934612
2015-03-20,182.73527537793208,183.42754385713542,180.75434699898798,181.92587280273438,10405717
2015-03-23,182.43708138411853,184.03460107470758,178.51782397653736,179.337890625,13251683
2015-03-24,179.36981489540716,181.9684482655775,179.36981489540716,180.61587524414062,9238431
2015-03-25,180.83954811718158,180.9460465781414,179.13551586681172,179.9662322998047,10264941
2015-03-26,179.1568371752872,180.89281917340102,175.53578953448115,176.64340209960938,20621346
2015-03-27,177.6232064472012,177.85751729508084,170.7112568254394,172.89454650878906,23326922
2015-03-30,173.9382438032579,174.17254041065982,169.64622798071173,172.69216918945312,17330588
2015-03-31,174.236488558727,177.41024302959397,174.236488558727,175.94052124023438,20235395
2015-04-01,175.7061896633385,178.70953198123672,173.19275455088655,178.0811767578125,14588531
2015-04-06,178.07049436800403,178.49650241037702,174.96065414305951,175.6529083251953,12334096
2015-04-07,175.95112964102105,178.0918056186698,175.95112964102105,177.39955139160156,21275454
2015-04-08,177.5380010207142,185.2061036951791,177.4102028641615,184.43930053710938,24821205
2015-04-09,184.35411639991418,191.48971310307226,182.92699421553164,190.65899658203125,27276420
2015-04-10,190.62704433606712,193.57713728800425,189.38098379093722,192.6292724609375,25323219
2015-04-13,193.15113344797666,196.97454238182422,191.4364653750179,196.4952850341797,20177342
2015-04-15,196.17577927775173,200.13763630500225,193.23635026862704,196.74024963378906,22231264
2015-04-16,196.92128163426204,199.7968255520395,195.74977006128037,197.74134826660156,20177302
2015-04-17,199.16846204683267,201.13874061701674,196.5165790498366,197.42184448242188,23958678
2015-04-20,199.64770698683893,199.67965652585826,187.12313222242497,188.64610290527344,37628162
2015-04-21,189.60463642053566,190.74421274878952,185.83449090902553,186.68649291992188,17707007
2015-04-22,187.8473772329052,188.8804409139768,184.67362303583255,187.38941955566406,14761313
2015-04-23,188.262737780123,189.44489934559965,185.11028324092572,186.81431579589844,13337818
2015-04-24,186.80364931789873,188.39051918484978,185.02506798526454,187.20834350585938,12709854
2015-04-27,187.4532768211219,189.04014645624184,185.621446520848,186.44151306152344,11042925
2015-04-28,186.3137500689618,187.8686704609745,182.87374979352262,184.29022216796875,14687371
2015-04-29,183.60857004008471,185.42975050669546,180.498729822614,181.0525360107422,16387960
2015-04-30,181.0525828747045,184.43933417224804,180.6159248747651,183.68316650390625,34802149
2015-05-04,184.50323870930708,190.40342547870793,183.28912752729445,189.7750701904297,15078502
2015-05-05,190.36078384285693,192.08610159530198,188.52895340893107,190.03062438964844,17846755
2015-05-06,189.57268777269337,191.01045983497983,185.7386289399295,187.49591064453125,22438208
2015-05-07,186.37766239032217,187.112516139119,183.1826083805917,185.47239685058594,16735535
2015-05-08,187.8630975074672,192.76997354027543,185.7278026704734,191.8964385986328,17104443
2015-05-11,192.57585311645389,193.99938785476854,190.53761444961006,193.24449157714844,14214007
2015-05-12,193.01799224612841,193.01799224612841,186.6013241708603,187.36700439453125,16650201
2015-05-13,188.3699483150161,191.66996098197123,184.88660721019056,190.90426635742188,16701434
2015-05-14,191.0983821246725,191.14153262634503,187.71211159101858,189.41603088378906,12329713
2015-05-15,190.21409223822505,191.3033077381425,187.6689899301933,188.49937438964844,8331715
2015-05-18,188.70427443839466,192.8238876120103,188.12192262823677,192.2954559326172,9847540
2015-05-19,192.2307177267468,195.14249065968585,191.227774676372,193.15817260742188,14513036
2015-05-20,194.2042813824008,196.49055246225527,193.62191518865077,196.02682495117188,8708891
2015-05-21,196.54446115929147,197.43956405172872,192.84543970957185,193.41700744628906,10759523
2015-05-22,193.47097031216967,195.32588065837598,193.47097031216967,194.94842529296875,8349048
2015-05-25,194.11803458204142,195.84353666953945,192.46803508914002,192.9317626953125,6617337
2015-05-26,193.03956751937065,193.25526243964038,190.38662510471354,190.7964324951172,9510249
2015-05-27,191.0983945859448,192.15527239102204,189.84741869912585,190.94741821289062,8078236
2015-05-28,191.0660386272173,192.87781265868432,188.0787769193217,188.8983917236328,26538868
2015-05-29,189.78271450579922,191.19546518996947,188.31604368840487,189.1572265625,29277517
2015-06-01,189.8042806131137,195.17488420406747,189.372905153844,194.60330200195312,19594976
2015-06-02,195.3582182672739,198.1729212630713,192.27390020247546,193.82684326171875,20178960
2015-06-03,193.90231729061682,196.37193124706977,191.63761422713773,193.33074951171875,15546279
2015-06-04,195.02388152032302,197.6121197199217,192.51113150185242,196.8572235107422,15931395
2015-06-05,196.25329352662837,197.77388429021727,195.07779157322864,195.78956604003906,13066337
2015-06-08,195.58467572183218,196.27488221056336,190.47290320455636,190.97976684570312,10846953
2015-06-09,190.5699437060814,192.1013185295186,189.23269574065046,190.60231018066406,9153355
2015-06-10,191.09838413741195,196.25330696958846,190.88270361627005,195.36898803710938,13509379
2015-06-11,195.4121312307913,196.167041877973,188.4346645481308,189.1895751953125,14676438
2015-06-12,189.58858086039226,192.5434758206847,189.42680608088114,191.92877197265625,21543824
2015-06-15,193.0179981192392,195.1964433694674,191.96113477120412,194.49545288085938,12858570
2015-06-16,193.90232329466608,195.19644965522482,192.6513474375684,194.969970703125,13929305
2015-06-17,195.20722348368895,203.2523371171076,192.82388178639968,200.84742736816406,26232634
2015-06-18,201.13857568703364,211.8042785053372,201.1277916622991,211.1464385986328,49366799
2015-06-19,211.9121457592755,217.06705386807394,211.9121457592755,214.964111328125,45710935
2015-06-22,215.02883594305328,217.56315413711965,212.7749024354501,213.896484375,19394187
2015-06-23,214.10139743039582,216.2690444964772,213.7455101337003,214.60826110839844,16007498
2015-06-24,214.60821103475018,217.07782468512121,212.80722131491785,213.72389221191406,18603004
2015-06-25,212.88275109807321,217.62785216251115,212.45137565623364,216.6680450439453,27175118
2015-06-26,215.66511817339415,218.7278682049939,214.6945269551365,215.83767700195312,20966796
2015-06-29,213.07687804347665,214.36022043008222,209.647456725874,213.71315002441406,20168946
2015-06-30,213.508237791198,216.30137252426832,213.09843040389427,215.70823669433594,23184864
2015-07-01,215.90236075089544,217.94059923695067,215.90236075089544,216.90530395507812,14824266
2015-07-02,217.627832141914,219.94646952928747,217.2180247899716,218.02685546875,15931202
2015-07-03,217.78960848329174,218.6631433767422,216.34450581940408,217.23960876464844,13831096
2015-07-06,214.84551725221064,219.76316309616325,214.65139037025082,219.04061889648438,12237733
2015-07-07,218.0592320681065,219.2670718116633,215.68667428837102,216.38766479492188,11294999
2015-07-08,214.791594330597,217.56317577911773,213.88572162478255,214.953369140625,15190654
2015-07-09,214.82392035261478,215.90236616300606,212.05235363821487,212.96902465820312,16245867
2015-07-10,213.7670518616792,216.5494169333633,213.58372342124125,216.0749053955078,16110573
2015-07-13,216.0749046814345,218.38275820763624,214.64058604670007,217.19647216796875,9860248
2015-07-14,217.6062994136482,218.16708320810758,214.65138966745465,215.21217346191406,9942927
2015-07-15,215.63273818499832,218.7925440498951,215.5896020829163,218.09156799316406,13532911
2015-07-16,218.27492759246167,221.6827809288038,218.0915991324372,220.7984619140625,14854295
2015-07-17,221.13277538559225,222.405319341326,219.5690483089231,220.36708068847656,10195142
2015-07-20,221.68275758183316,222.14648509448594,219.5474628571846,221.02491760253906,6348354
2015-07-21,221.72589462779453,221.8229508615277,216.27980313588535,217.3690185546875,7923338
2015-07-22,216.76509798739664,227.32296173340805,216.67882577991844,226.55728149414062,17309440
2015-07-23,227.22589878535965,230.32100052456877,224.57295649430867,225.457275390625,18642915
2015-07-24,226.0396421926638,226.39551506164375,220.23766325086987,221.08963012695312,13099664
2015-07-27,221.05727525456635,222.13570667000926,216.06412714662065,216.84059143066406,20118553
2015-07-28,217.47686953387185,219.28862905994157,215.70823171305562,217.8974609375,13382878
2015-07-29,217.73570240042204,218.42590889815096,213.98276036088097,214.8239288330078,14790821
2015-07-30,215.70822537394304,217.4121589899573,214.02587420676863,215.71900939941406,11701228
2015-07-31,215.68668522621672,217.39061906266758,213.52982226138747,216.08570861816406,16634259
2015-08-03,215.9023816269619,218.67394853987463,215.5572783670028,216.21511840820312,9887787
2015-08-04,216.42001531596114,216.90531089473407,211.37294705588226,213.0984344482422,12006872
2015-08-05,213.15238068089542,215.8592579864107,212.2572775974318,213.04454040527344,14345010
2015-08-06,213.74546054914356,213.9611554417314,210.83370188133085,211.1464385986328,8708037
2015-08-07,211.15725373384046,214.39256241615172,210.7582303619759,212.31118774414062,8608888
2015-08-10,212.34352226191598,213.2709628469259,208.02978250822144,208.9788055419922,9288894
2015-08-11,209.43176393534605,210.00333172185398,206.6278307359085,208.35333251953125,8762464
2015-08-12,207.8356725850833,208.35332021000772,202.86409282153707,203.37095642089844,9650325
2015-08-13,204.25529818107353,205.75432109586058,200.45920557468926,201.31117248535156,9340350
2015-08-14,202.79939921210263,209.64744297335707,201.51605690968213,208.5582275390625,12739366
2015-08-17,208.35332692288597,208.35332692288597,204.05037100351115,205.05331420898438,10857430
2015-08-18,206.1964461118649,206.1964461118649,203.21998302361058,203.62977600097656,6630334
2015-08-19,203.60823029809814,207.27490023070197,202.62685505404917,205.89451599121094,8877298
2015-08-20,207.04839415164244,207.04839415164244,197.08366733246916,197.6336669921875,19008087
2015-08-21,196.27484678054878,196.6846541096516,193.4709140217582,195.8326873779297,20050521
2015-08-24,189.80428166737124,189.80428166737124,176.43169994733043,178.92288208007812,35635706
2015-08-25,181.36012047613085,185.63072403270024,177.55325879855377,182.93463134765625,49504268
2015-08-26,182.85917761777594,188.68272509251156,181.17682617742796,184.06703186035156,18955515
2015-08-27,186.95723236699618,190.0739027753129,184.854289363359,187.46409606933594,26997546
2015-08-28,188.7258380659934,190.4513254037068,186.80622386417951,188.16505432128906,10770215
2015-08-31,188.262117387575,188.262117387575,184.15328818730984,184.60623168945312,20708942
2015-09-01,184.17485267267404,184.17485267267404,180.1199436824047,181.1444549560547,21645696
2015-09-02,183.33367427908487,184.86504921357766,181.7375951865303,183.2366180419922,19652369
2015-09-03,184.2072291276171,185.65233200762427,182.12585422663454,184.16409301757812,11659978
2015-09-04,183.26895792897503,183.26895792897503,177.96305894399623,180.29248046875,16199949
2015-09-07,180.79934416881278,182.03955031019262,178.52385716885811,179.7101287841797,10234633
2015-09-08,180.31407615860147,183.96996219155176,177.96308622223478,183.03172302246094,12900468
2015-09-09,185.70623219148123,189.52387830503704,183.441514668271,188.52093505859375,17340694
2015-09-10,185.70625410034248,187.7552769403685,184.51996786807956,187.0003662109375,11074406
2015-09-11,188.07877726563046,188.9630962301367,184.6709385207758,185.69544982910156,10634833
2015-09-14,185.8679793791063,186.71994619609512,183.74346874732453,186.3209228515625,7964072
2015-09-15,185.9219346528081,187.6474366641357,184.5415359233261,187.0003662109375,11509788
2015-09-16,188.100361973697,189.23271356008797,186.6121231123634,188.19741821289062,13424811
2015-09-18,189.46992450800516,194.01012837616798,189.18953987269765,193.12582397460938,34261453
2015-09-21,189.80427761457076,191.57290113194648,188.95231073602508,189.39447021484375,12732187
2015-09-22,189.80428403509734,190.86114745030764,182.14740908923733,182.8807373046875,15745524
2015-09-23,181.82386934551363,184.80034703564294,181.17681336006353,183.40916442871094,15221260
2015-09-24,182.90231047603658,182.90231047603658,180.04447132347033,180.60525512695312,29076982
2015-09-28,181.13365445263256,181.3709030048691,178.73952889057725,179.93658447265625,11624639
2015-09-29,179.01993888157423,183.3875844978456,178.1787560764428,181.33856201171875,15853471
2015-09-30,183.54938553862428,186.52584906384874,180.8532923253865,185.98663330078125,17292020
2015-10-01,188.49935959019533,188.49935959019533,185.18857724328515,186.50425720214844,8663393
2015-10-05,186.09444684129758,191.9611147745747,185.88953596992297,191.5297393798828,16015412
2015-10-06,193.17977057117756,194.2258498805165,191.04446145095,193.69741821289062,12330294
2015-10-07,192.97485419825088,198.01113813542733,192.17682190547805,197.09446716308594,11515191
2015-10-08,197.33172911101852,197.33172911101852,191.15230969549748,191.7670135498047,10753149
2015-10-09,192.83467486593472,195.29350485945756,190.12781226674238,191.3895721435547,9327873
2015-10-12,191.529746575337,194.46308785112484,191.529746575337,192.3385772705078,6212395
2015-10-13,190.89346873974273,193.31994635180854,190.42974126730806,192.7375946044922,6162561
2015-10-14,193.21211363366797,195.19643190062985,192.8130902956141,194.7542724609375,8002587
2015-10-15,195.7788123563437,196.49057253556444,194.1395970602082,194.9160614013672,9048478
2015-10-16,195.08858410334375,197.31016540527344,194.91603969072716,197.31016540527344,15246935
2015-10-19,202.96116164809627,208.24547848093448,202.96116164809627,207.81411743164062,33505855
2015-10-20,208.13761874897176,208.50429000447116,205.54938070582372,206.34742736816406,18091895
2015-10-21,206.08864472089854,210.25139461711726,205.54942893530185,205.98080444335938,14404450
2015-10-23,207.91117766022953,209.87392806380248,202.99351762485776,206.1209716796875,12153422
2015-10-26,207.46901286725338,207.70626144284748,203.02586450685718,203.3601837158203,10938775
2015-10-27,202.4866313451271,204.52486970588922,202.18466424068558,202.6483917236328,11601798
2015-10-28,202.07683194113875,203.80233363803075,200.5670251553073,202.08761596679688,11958727
2015-10-29,201.88273493765092,203.8239172963436,201.65625598359057,202.96116638183594,13280382
2015-10-30,203.19839595311697,206.17487337157814,202.76703493412072,204.40625,13366359
2015-11-02,204.68666097218568,207.3827540748474,203.86706053284587,207.01608276367188,7222044
2015-11-03,207.76021481631784,209.31315791839774,207.32883933275676,208.61216735839844,11373522
2015-11-04,208.78470386228324,210.2945106943322,204.0827245524261,205.18272399902344,10033187
2015-11-05,204.68665658987277,205.11803205297895,201.23568168082213,202.01214599609375,10767454
2015-11-06,202.62683384699596,205.9268465194878,202.29252904796547,205.41998291015625,8367190
2015-11-09,201.34350460645436,208.13762797101077,199.1758434509827,207.3288116455078,17031699
2015-11-10,206.41212975069766,206.95134540515372,197.63367413176923,199.0248565673828,11486238
2015-11-13,197.36409530174072,202.43273165218142,197.24547101219613,201.2464599609375,13682323
2015-11-16,199.72590612699474,203.1768815780408,199.45629102099653,201.51609802246094,15346549
2015-11-17,202.3248987534821,202.50822720763318,199.76901243258433,200.1033172607422,8588142
2015-11-18,200.0709556132637,200.86900234779324,196.26409357969672,196.7062530517578,11249222
2015-11-19,198.19449073032067,202.4650802639852,197.83860346988237,201.6131134033203,12183206
2015-11-20,201.45136404949199,205.5062732825881,199.62880594078462,204.22293090820312,11304265
2015-11-23,204.90233479390955,206.6062540560812,204.0827200411242,205.71115112304688,10499517
2015-11-24,205.5493808970561,209.56115346714228,205.12878951504746,208.719970703125,14806176
2015-11-26,209.43177005692354,213.9504067479622,208.83863420067823,213.23863220214844,23805828
2015-11-27,213.31412394792108,214.06903461239565,210.10039760530512,211.1680450439453,10891864
2015-11-30,211.0494060769643,212.32196433224058,207.55528088530042,208.590576171875,29919205
2015-12-01,207.92193398500936,211.11409177318114,207.32879821196565,208.3317413330078,12981379
2015-12-02,208.40726709634768,211.3082567326698,208.0298117552794,210.93080139160156,7573628
2015-12-03,210.27291762408112,213.30331516110917,210.10037321698408,210.7689971923828,11361395
2015-12-04,209.71215022905062,210.5533330749296,207.36117490774097,208.2346954345703,13443688
2015-12-07,208.23467314588257,209.86311853192214,204.84840286805243,205.344482421875,14483909
2015-12-08,204.66510859531562,205.6788359937032,201.90432551791795,202.9396209716797,7532164
2015-12-09,201.9258529999109,203.48957989403766,196.88956910298535,197.5474090576172,9174419
2015-12-10,198.97093887442816,205.72192586174933,198.4317232133794,204.97781372070312,18592203
2015-12-11,205.2797881208182,206.84351503321815,203.37095798984026,205.53860473632812,18155513
2015-12-14,204.3847026745497,207.81412390861303,204.0395994264599,206.00234985351562,10563900
2015-12-15,206.4121699836065,210.9308069753967,205.6896113631853,210.4886474609375,15718833
2015-12-16,210.48862077128237,213.0013707874934,209.97097313182812,211.08175659179688,12097338
2015-12-17,211.3837237386234,218.9219737881369,210.94156428017774,217.77882385253906,19369032
2015-12-18,216.50629125084478,217.62785879507004,213.5298135695476,213.9396209716797,16016139
2015-12-21,213.07685535640763,215.4709810475095,212.31117513502124,213.9827423095703,12331769
2015-12-22,214.13372036075907,216.2474470029047,212.23567423397597,212.94744873046875,11579277
2015-12-23,213.918033268044,217.17489533726848,213.5297939544305,216.5062713623047,12919467
2015-12-24,216.52787171819853,217.23963190110007,214.88865641358592,215.80531311035156,11901877
2015-12-28,215.81608367058436,218.6523689939622,215.68667535411365,217.92982482910156,12885935
2015-12-29,217.92982357801964,219.72001513928487,217.2288330720293,219.0082550048828,14913870
2015-12-30,218.92195909081062,219.13763959367105,216.11802616624058,216.65724182128906,8151610
2015-12-31,216.4200139053956,219.93570722254987,215.49255885886123,218.835693359375,18483713
2016-01-01,217.80042729912438,219.7631779174807,217.4553384152996,218.99749755859375,5416562
2016-01-04,216.7651171822268,218.66316350641532,212.8180481573938,214.67295837402344,30170947
2016-01-05,215.75139068466748,217.8435495008794,215.0396305093221,216.79747009277344,14946239
2016-01-06,217.32589080292544,223.9690526265442,215.77294780981822,222.6317901611328,26759864
2016-01-07,220.22686105046247,221.7258837807024,217.42294244585054,218.5445098876953,19739943
2016-01-08,220.00040879500355,222.78275950402073,219.28863428025832,221.2406005859375,21313199
2016-01-11,219.1268745139818,228.80041946368618,218.0592271367203,226.81610107421875,29016443
2016-01-12,227.54944587441958,229.79258091169197,224.55140020866975,225.48963928222656,23373377
2016-01-13,227.1396503485914,235.04457231874218,225.8670919990354,232.26220703125,71802356
2016-01-14,229.45827622834608,233.15731262584012,227.12886883415823,228.9837646484375,27823189
2016-01-15,230.73084067068933,234.99064657732953,229.83573762160947,231.49652099609375,28767318
2016-01-18,231.86316598278572,233.79356421462063,217.4337361564748,219.32098388671875,27254669
2016-01-19,221.94156974092337,226.4278393274596,218.72782950323702,225.09059143066406,21489315
2016-01-20,223.2141360584312,223.2141360584312,213.52980706188325,216.6680450439453,45114225
2016-01-21,219.47198546633092,221.24060899860402,210.6611766906322,212.27882385253906,31768619
2016-01-22,214.40332589168023,218.05921125018324,214.40332589168023,216.58175659179688,23682648
2016-01-25,217.84353119872503,219.7307933446895,215.6866684021363,216.53863525390625,13099564
2016-01-27,217.43374043677858,217.8435334299247,215.02883061908528,215.54647827148438,17251028
2016-01-28,215.90236515806583,220.38864960372396,215.0611823251616,219.33177185058594,23074633
2016-01-29,219.77394536238089,224.31415022873264,219.5690488530701,223.32199096679688,19177163
2016-02-01,224.30337496854224,224.70239837385296,221.19748873967532,222.2220001220703,9918809
2016-02-02,222.22199876922923,222.76121452521238,213.63766838424542,215.9347381591797,14771279
2016-02-03,213.09843087395132,214.3925571949391,210.2945121086591,211.67489624023438,15691478
2016-02-04,213.09844223625564,215.90237554895083,208.28863677561003,209.87393188476562,18203784
2016-02-05,211.17882556877757,211.80431350463616,207.36117939662753,209.4102020263672,20998404
2016-02-08,209.45335263794638,212.40826249551367,206.61706708027629,207.28570556640625,12078110
2016-02-09,205.52782981447368,208.95725090717173,204.9023419013875,206.51998901367188,19603494
2016-02-10,205.2690085627429,209.86313316911526,204.61115418820788,207.63076782226562,16883350
2016-02-11,207.67391092466315,208.3425493476131,197.46115011324795,199.41311645507812,17114833
2016-02-12,201.4297814286022,201.4297814286022,191.55132570175633,195.53074645996094,29319458
2016-02-15,198.00036707592992,205.19351419702687,198.00036707592992,204.20135498046875,19283523
2016-02-16,205.13961048426364,206.6278494282153,199.94156540655857,200.70726013183594,13024856
2016-02-17,201.68861027174333,206.50921414181406,197.65526913941457,205.463134765625,15442221
2016-02-18,207.69548914215466,208.93569541465416,201.8827403350539,202.76705932617188,14433087
2016-02-19,202.74547590555676,205.4954745135249,202.17389373415506,203.68370056152344,10235503
2016-02-22,203.62976696289454,208.84939355665816,203.62976696289454,207.55526733398438,12770834
2016-02-23,207.72783360534714,208.6121525640382,203.33861968682004,204.8268585205078,18989787
2016-02-24,203.8023099764914,206.74642062883677,203.17680776514518,205.473876953125,15186204
2016-02-25,205.80822118593923,206.31508479268481,202.92879993126817,203.62977600097656,24826958
2016-02-26,205.54938145754096,206.78958755648137,203.67290347018456,204.97781372070312,8349402
2016-02-29,205.18274837521722,214.5219895506274,201.66705470008915,208.49354553222656,31032353
2016-03-01,208.0729380089282,212.46216634985845,208.06215398249125,211.65333557128906,16453192
2016-03-02,214.15528289516985,216.9268638335654,212.93665921896965,216.01019287109375,20105967
2016-03-03,217.84356409864446,219.569066114829,215.14748519573203,218.45828247070312,15880459
2016-03-04,218.70630824110427,218.92200318530658,216.44160491333156,217.0670928955078,8987660
2016-03-08,217.3043085338768,222.35137653076552,217.3043085338768,221.5102081298828,13222993
2016-03-09,220.00041953737903,225.15532821742445,219.69845239548502,224.68081665039062,11854901
2016-03-10,224.7563001815026,225.58669900608842,217.62785719495903,218.2209930419922,20706353
2016-03-11,218.90041930061085,222.0602254628322,217.97296422278157,218.8141326904297,15319044
2016-03-14,219.8062806910677,221.38079167842244,218.47981669924275,219.9464874267578,11880095
2016-03-15,220.86315737076126,221.69355621746982,218.94355743599894,220.10826110839844,10487788
2016-03-16,220.21609300017838,221.25138831358444,216.86217445678315,220.3778533935547,11064129
2016-03-17,224.0042513747723,226.16358791018843,220.73251567383136,221.60498046875,16832997
2016-03-18,222.0957186880398,224.69128737072785,221.5395264388928,224.0478515625,14030979
2016-03-21,224.21141716962427,227.16687988174996,223.0772218628323,226.25079345703125,12708074
2016-03-22,226.18540157948445,229.51164999094328,225.890939975581,228.5519561767578,15333442
2016-03-23,228.3447145124184,228.3447145124184,223.0009008909158,224.4840850830078,16806372
2016-03-28,224.65858580243065,225.02938551290273,221.52863555464046,222.56468200683594,18070240
2016-03-29,223.3062615592078,227.27596014398927,222.5210549345299,226.0218048095703,15871250
2016-03-30,227.4286385324405,229.40258239818098,227.4286385324405,228.37744140625,14453294
2016-03-31,227.05785076261697,230.32957171861716,225.24748859949202,227.9739227294922,30833349
2016-04-01,226.64343171263732,228.21385953557103,223.56800873939125,225.6291961669922,12381116
2016-04-04,226.83972373170675,227.31957787824732,223.63343549800857,225.7600555419922,8632568
2016-04-05,224.9530248873549,227.36318636427038,222.95727030185063,223.99331665039062,10259495
2016-04-06,225.11663770376123,226.1199678575967,223.04454471997164,225.47653198242188,6990781
2016-04-07,225.72732822459184,228.5846420745259,222.93546160237153,226.23989868164062,8789163
2016-04-08,225.9454460536905,229.99148264702242,224.92031965905267,226.04360961914062,13411752
2016-04-11,226.1853774433531,228.03936131748137,225.31291273082138,226.9051513671875,10308361
2016-04-12,226.9051338730083,230.64581766758099,226.41437433004717,228.45375061035156,11164859
2016-04-13,229.5770636371451,233.36135478986736,229.5770636371451,232.5216064453125,16038542
2016-04-18,232.46708196361936,232.68520541568859,230.19869124613882,232.23806762695312,19065716
2016-04-20,233.2086706352453,233.2086706352453,225.92361557391587,226.25079345703125,21687934
2016-04-21,227.1450881382,229.45710072306386,225.74914749525942,227.09056091308594,11380697
2016-04-22,226.62160795946636,228.47557725853397,224.50589342476198,226.61070251464844,11705087
2016-04-25,227.81032904719183,227.81032904719183,220.79792423588157,221.80125427246094,61157544
2016-04-26,221.47411074807457,223.32808020069,219.7509920841051,221.8121795654297,26429236
2016-04-27,222.01937901414357,223.7751993083306,221.60495755141432,222.34654235839844,14502641
2016-04-28,221.1687413234945,222.30293678628,216.1411853001772,217.39535522460938,61949033
2016-04-29,216.6864648052678,217.79886389919764,213.50198743678092,214.34173583984375,23479680
2016-05-02,213.53471368021468,216.45746049868757,213.31660476540668,215.26873779296875,10620873
2016-05-03,215.4977477217923,217.01364832855614,212.17149947932916,212.8367462158203,17571826
2016-05-04,212.4550392246497,214.55984843108163,212.2260248707924,213.33840942382812,13546285
2016-05-05,213.7528433704791,214.50533370845503,211.76799394798093,212.716796875,21665684
2016-05-06,212.22600622998633,213.05483456924873,210.91730921430036,211.34263610839844,14748329
2016-05-09,212.6622294705384,215.0614853899766,212.1823753746497,214.428955078125,15347096
2016-05-10,214.42896562717706,214.77795441226647,213.31658116471186,214.3090057373047,7248302
2016-05-11,211.96429048810913,213.91642355872239,211.5716798727887,212.74951171875,12339923
2016-05-12,212.88034649110296,216.85004473798344,212.6731430472298,216.544677734375,12786216
2016-05-13,215.7049385325415,216.05392732859195,212.6622466120007,213.34930419921875,14648291
2016-05-16,213.09847541380296,214.29811809218634,211.81160373190966,212.8694610595703,9327335
2016-05-17,213.80735792640345,214.4289828748398,210.77555674209188,211.3862762451172,12157600
2016-05-18,210.6774148133003,212.11696277594825,210.2848042053019,211.691650390625,8228838
2016-05-19,211.9424478165109,211.98606959389366,206.2496457079979,207.47108459472656,9134784
2016-05-20,207.64562370206588,208.19091057766946,203.14154333517402,203.76316833496094,18544619
2016-05-23,204.4501899031695,205.18088379703065,201.8982431168601,202.8470458984375,18365734
2016-05-24,202.42173550289587,205.9006744655126,202.42173550289587,205.12637329101562,12283217
2016-05-25,207.17663759739298,207.82007337379437,205.27903204122003,207.47108459472656,9240115
2016-05-26,207.20936524211797,207.73284115929368,205.92247905905745,206.5222930908203,14190024
2016-05-27,207.0021483136592,213.07665589774027,206.93671564366994,212.5968017578125,13401594
2016-05-30,212.96761402277878,214.07999859829175,210.48109961633403,211.2881317138672,9633652
2016-05-31,211.35357235289493,212.22603715716104,208.62713803957345,208.9215850830078,23332727
2016-06-01,208.94338601127544,210.7210318731968,207.60198709069198,207.9945831298828,9042808
2016-06-02,208.19086500462777,208.768868092642,206.14058330676352,208.5725555419922,10253825
2016-06-03,209.39050131852932,210.02303165142766,208.48532031661978,209.3141632080078,8643295
2016-06-06,209.60863678964728,210.04486917938752,207.76557277900412,208.25633239746094,8672842
2016-06-07,208.79070620604446,209.59772372170954,207.55834720184268,208.31085205078125,18954268
2016-06-08,208.95427694783493,208.95427694783493,207.02395498248453,208.1036376953125,12135516
2016-06-09,209.39052262579244,212.97851610545297,208.5616796500626,211.822509765625,15643495
2016-06-10,212.44411146859454,214.71251667813507,211.2008617010621,213.03302001953125,16316760
2016-06-13,211.5498444004883,214.50530727796016,210.05575479468172,213.99273681640625,10214469
2016-06-14,213.96001639179048,214.93063007277325,211.41897502202798,212.93487548828125,10923848
2016-06-15,213.752819247914,215.17055619541046,212.3895949645451,214.7561492919922,11129082
2016-06-16,213.9709571125579,214.54896032663657,210.9282502339111,212.94581604003906,9372207
2016-06-17,213.09843930903145,213.45833350757115,211.59344441332564,212.64039611816406,10534878
2016-06-20,212.0405878575636,216.50104544656173,211.13542145510615,215.97756958007812,10758608
2016-06-21,216.82827407680313,216.83917952324077,213.68741814271135,215.3014678955078,13933068
2016-06-22,214.84339661301956,215.03969462333953,213.12027806018406,213.86187744140625,12788710
2016-06-23,213.74192821039682,214.1890514784339,211.57167174354558,213.85098266601562,9837526
2016-06-24,210.45927150457464,210.45927150457464,203.58865203210772,207.52561950683594,24985097
2016-06-27,205.13730425409037,209.0415560680774,205.13730425409037,208.44174194335938,9163399
2016-06-28,208.60530732956065,209.7285972863339,208.29994030907554,208.91065979003906,7604977
2016-06-29,209.82674508694757,211.34264561564038,209.39051272876168,210.8955078125,7523987
2016-06-30,212.0079011935535,213.20754386878923,210.92823297784642,211.3862762451172,12758283
2016-07-01,212.17149673837937,213.05485237378142,211.57166812272655,212.3241729736328,6610193
2016-07-04,212.7713096313358,216.71918275565162,212.7713096313358,215.2141876220703,7803505
2016-07-05,215.0833469985485,218.7476789658116,213.81828607652085,216.6101531982422,11359882
2016-07-07,216.47928232726036,218.2241974139048,215.09424696823115,215.4759521484375,12029091
2016-07-08,215.27963393766467,215.71585174843406,212.95670129528247,213.40383911132812,7140617
2016-07-11,216.15207014993547,217.01362939053905,214.95244212783402,216.479248046875,8266601
2016-07-12,217.07908930236,219.20570949935242,216.15209727802792,218.8567352294922,9767494
2016-07-13,219.2493201224054,221.75764535938146,219.0203057694674,220.0236358642578,14915296
2016-07-14,219.88184597177167,221.19052842345232,217.73340061891912,219.18386840820312,10758372
2016-07-15,220.07815999250292,222.69553964640693,218.87853189779895,220.776123046875,13992989
2016-07-18,224.22234753064464,226.5670910735215,218.4968285799074,219.4783477783203,32106850
2016-07-19,219.42383109317785,223.12087915280753,217.0899928834956,221.99758911132812,16649300
2016-07-20,222.46652817503784,224.2877812311067,221.72492877016592,223.13177490234375,12265316
2016-07-21,223.34989212407987,223.56801559951796,219.20570625084096,219.5001678466797,6711097
2016-07-22,219.42378893503374,221.997546458685,219.22747638763352,221.35411071777344,6899519
2016-07-25,221.1687288769845,223.29534889003133,219.71826101331484,223.07723999023438,8241568
2016-07-26,223.13176446662797,225.70552225256145,221.43047138914852,223.36077880859375,10516399
2016-07-27,223.14266912680546,223.78610493102457,220.06724632832658,220.97242736816406,11030767
2016-07-28,221.37594236968226,224.76762305228178,220.96152090852692,223.86244201660156,15610838
2016-07-29,223.34987063017272,223.5461831951758,220.73249109685116,221.3650360107422,9629597
2016-08-01,222.0412093617356,222.54287442689485,219.21661154877083,220.18722534179688,7978251
2016-08-02,219.86006103054618,222.4774408028136,219.4892613161394,220.90701293945312,7710138
2016-08-03,221.25599134748305,221.25599134748305,216.26116607516923,216.79554748535156,11872282
2016-08-04,217.89701499176815,218.11512389854363,214.49441412602044,216.58831787109375,10187608
2016-08-05,217.67888102655186,222.25929888799257,217.47167757510834,221.65948486328125,12109001
2016-08-08,222.45563375154578,225.5310568570508,222.1829830438909,224.49501037597656,13556347
2016-08-09,224.00423129235458,225.640091716163,222.69553421730384,224.81124877929688,13290768
2016-08-10,224.93123554964967,225.65100951633352,218.55136061946686,218.9112548828125,13471958
2016-08-11,218.54045568158332,223.09906297452372,218.02788517926714,221.1905517578125,14169454
2016-08-12,221.8230810220655,227.47227652411328,221.8230810220655,225.92364501953125,16365425
2016-08-16,226.02179716356284,227.88667193409114,221.49590645940378,223.5461883544922,13367575
2016-08-17,223.37167117823273,224.39681205465658,219.68552911279488,221.0160369873047,15486572
2016-08-18,221.60495571241523,223.27353243428752,221.60495571241523,222.05209350585938,7749690
2016-08-19,222.0411881435151,222.91365284129105,219.66372839407845,221.3650360107422,8177802
2016-08-22,220.73249966063074,222.41199645300998,219.68554780668342,220.6997833251953,6684236
2016-08-23,220.73249322812407,221.3868490377773,219.20568727227726,220.39442443847656,7320433
2016-08-24,220.66707020288533,222.90275929022746,220.51439396863023,222.58648681640625,8719596
2016-08-25,222.7391776329487,224.44048545177213,220.07817600454266,220.8852081298828,14960746
2016-08-26,222.019398867878,224.83307668011062,221.2996103261385,224.20054626464844,9639663
2016-08-29,224.05878009520293,231.14752384106325,223.8079402769915,230.64585876464844,16193208
2016-08-30,231.63825318247834,233.05599009826088,229.67521491754115,232.59796142578125,18170724
2016-08-31,232.27080441119784,234.25565374375375,228.366538419466,231.20204162597656,23295502
2016-09-01,229.6752224753265,233.98298970735368,223.7206748170751,224.4840850830078,42621045
2016-09-02,224.8984817190122,225.21475416788323,218.61677099941394,221.02694702148438,28124615
2016-09-06,222.4556121826172,223.5679966771776,221.38684946745082,222.4556121826172,11510431
2016-09-07,222.91366185799777,224.0151409394907,220.96152893376458,221.96485900878906,12927438
2016-09-08,223.14267635288076,225.95636856686406,222.52105141816577,225.40016174316406,12206479
2016-09-09,225.74913989229165,228.99904975967794,224.65856630672587,227.83213806152344,15269894
2016-09-12,224.74582152530684,230.32956963873107,224.4731853947723,228.25747680664062,33684893
2016-09-14,228.58466127797325,230.98391753550405,227.03604433210938,227.8757781982422,18604842
2016-09-15,228.36652587192137,233.42679793534566,228.36652587192137,232.2926025390625,31371009
2016-09-16,232.72882949801365,238.58521346795038,231.00571099363268,234.5937042236328,39324529
2016-09-19,233.9393681764375,237.30925258705597,233.60129938288495,236.08779907226562,16678060
2016-09-20,236.43678075766186,236.6003624270402,233.1759654546836,234.29925537109375,11531268
2016-09-21,234.25562172853373,236.63306677644917,233.1650482012322,233.87391662597656,10943394
2016-09-22,236.21865676834793,239.01052321400644,235.34619213407734,237.5164337158203,18761415
2016-09-23,237.5273633251676,241.987821385665,237.5273633251676,240.537353515625,31085948
2016-09-26,240.6682121339794,246.37193444948912,239.98115455578508,241.49705505371094,38213411
2016-09-27,243.63457887869546,245.58671171327163,241.36618814891267,242.21682739257812,19374535
2016-09-28,241.6497486904658,241.67155958150352,236.9384651862504,237.88726806640625,24820234
2016-09-29,238.8360580256888,242.27136053832746,232.81607770486463,233.9175567626953,21260295
2016-09-30,232.9469415437521,238.73790748377385,232.57614185855147,236.37135314941406,11199883
2016-10-03,237.09113078958296,241.66064329710292,234.7464018681628,237.89816284179688,18125170
2016-10-04,238.4107497002132,241.73699802288087,238.18172077884466,239.13052368164062,13113580
2016-10-05,240.79911612418718,241.34440297540988,236.8294173640802,237.6146240234375,10789932
2016-10-06,238.18169414440447,245.65214206781874,238.18169414440447,242.2822723388672,21111045
2016-10-07,242.9802372809243,244.95416644191027,241.3443769039714,241.88966369628906,15280380
2016-10-10,242.98026252171988,244.72519208640458,238.61795317001585,239.13052368164062,11553662
2016-10-13,237.52735611790942,237.53826156261627,229.45709407474686,230.5803985595703,21938040
2016-10-14,231.8563900627462,236.00057598454413,231.56192846345715,235.05177307128906,15265659
2016-10-17,235.56431938582827,235.73882106229607,230.92937431476497,231.3437957763672,9826781
2016-10-18,232.5107289652101,236.16416978364748,231.6491841880929,235.8042755126953,11073137
2016-10-19,236.53496528427084,238.77065456824837,235.86971850221332,237.16749572753906,17073242
2016-10-20,238.60701608251512,239.4903861934927,236.44767986457512,237.21109008789062,10125508
2016-10-21,239.272278381962,239.272278381962,230.85302779902403,232.11810302734375,43608816
2016-10-24,233.38317198515514,234.25563668670898,231.34379557327733,231.9217987060547,10513017
2016-10-25,232.2925710661136,232.34709828354644,229.93692247299063,231.38739013671875,7658966
2016-10-26,230.34049877114433,231.08209824247504,229.47893939004229,229.90426635742188,10945927
2016-10-27,229.26079585172525,229.8715153147331,227.58131368845213,228.73731994628906,12842476
2016-10-28,229.0209024095696,230.76581744171537,227.66858343165129,230.10057067871094,8127969
2016-11-01,229.30444634824843,230.31868195205274,228.4537924353777,229.239013671875,10223897
2016-11-02,227.05784412653767,227.46136015158623,222.69553508602482,223.29534912109375,7039997
2016-11-03,223.31717836601754,225.69463837170628,222.60830982267387,223.3389892578125,7311872
2016-11-04,222.53197205271658,223.98244003939422,218.1151354171956,219.32568359375,11535892
2016-11-07,221.1687390887076,221.7249313688768,217.90792352614616,218.365966796875,9506040
2016-11-08,219.35837891455245,219.35837891455245,217.74431483379163,218.87852478027344,13432073
2016-11-09,207.20938721941647,220.07817761489426,202.84707774026717,219.11846923828125,21640144
2016-11-10,222.17205099875463,224.42955083103493,219.6419150514683,220.38351440429688,9764091
2016-11-11,217.64617232662354,221.9321433284599,217.04635828087217,218.496826171875,14775330
2016-11-15,217.35173049490948,218.11512623681472,213.6546680053739,214.93064880371094,14487470
2016-11-16,217.02453589999087,217.41714646624354,213.9054913792178,215.18145751953125,16550762
2016-11-17,215.0614964756934,217.71159230367974,212.53136053786142,213.26205444335938,12628378
2016-11-18,214.8433850933422,216.5228672160478,214.18902930734805,215.388671875,18163751
2016-11-21,215.39957967636647,216.70826214266268,214.45077688029838,216.26113891601562,13232434
2016-11-22,217.61347416518802,219.81643251865887,216.6537657878323,218.43141174316406,17646355
2016-11-23,219.2056755990499,220.40531814619268,218.0169530561594,220.07814025878906,13107911
2016-11-24,219.32567085243767,219.32567085243767,214.2326823060655,215.35597229003906,18913793
2016-11-25,215.93396458545544,217.2208361838988,214.70162021067438,216.74098205566406,10454964
2016-11-28,216.58832815045983,218.24599960064873,214.64710054799795,215.2032928466797,8312777
2016-11-29,215.71585857851105,219.05302685660882,215.50865511183503,217.61346435546875,9885281
2016-11-30,218.1042217031886,218.1042217031886,215.2032858398047,215.94488525390625,27596098
2016-12-01,218.11511871945842,221.38685416345433,217.02454509146204,217.62435913085938,12627845
2016-12-02,217.22082643829654,219.20567553058007,216.32656545034916,216.97000122070312,12481430
2016-12-05,217.02452210968903,218.04966295864932,215.17053840241837,216.77369689941406,3987213
2016-12-06,217.2426532268541,219.54377493061577,216.93730076569585,219.2493133544922,6726369
2016-12-07,218.98760593655834,219.77281262295588,217.3190289879563,217.92974853515625,4930865
2016-12-08,219.21659167369296,222.87003215351368,219.06391544683692,222.4883270263672,8750556
2016-12-09,222.91364969590555,225.06208051585796,222.54285002058194,224.42955017089844,8239158
2016-12-12,222.58647826787612,227.21051793922015,222.58647826787612,224.0478515625,9023848
2016-12-13,224.22232391948847,227.05782676298645,224.12417492198392,226.79608154296875,10365823
2016-12-14,226.79609549549772,232.17263996074027,226.4471212606793,231.0929718017578,24139260
2016-12-15,229.54436200251206,232.85970469511807,228.72642449453002,229.66432189941406,19331986
2016-12-16,229.45709407474686,231.6382558161464,229.45709407474686,230.5803985595703,14942206
2016-12-19,230.11145859417073,232.71793277787455,229.96967324760445,231.7582244873047,15009634
2016-12-20,230.04602499225058,231.42014019181653,229.70794163489361,230.74398803710938,11688169
2016-12-21,231.2238158914181,232.79424348380542,230.59128558892982,231.91087341308594,20367894
2016-12-22,230.7658072037133,231.78004275215315,229.2280957128531,229.75157165527344,28892834
2016-12-23,229.45712295644648,233.1541856574639,229.45712295644648,230.61314392089844,10265033
2016-12-26,229.96965563584885,232.5106969542325,227.85394120457755,228.46466064453125,15321770
2016-12-27,228.55195094870814,232.7506640697548,228.3665438097478,232.22718811035156,17442849
2016-12-28,232.92512743081676,233.28502166617852,228.38833139233955,228.95542907714844,9637310
2016-12-29,229.0208923187473,233.1214562956236,228.91182330403737,232.39076232910156,8772325
2016-12-30,232.24898052865493,236.65491132985088,231.87818084023584,236.08779907226562,15711974
2017-01-02,236.43679294079746,237.74549004327724,233.89575141215497,236.67672729492188,7097888
2017-01-03,237.71278759586397,239.272310028762,235.80427633658056,237.6146240234375,6434204
2017-01-04,238.3779995849995,238.39981047346708,232.1399107631991,232.76153564453125,10392483
2017-01-05,233.60132717783844,235.5425402905215,233.11056753654015,234.99725341796875,8734164
2017-01-06,234.29927842195005,236.6549274927825,234.05934405658374,234.46286010742188,7845839
2017-01-09,234.9099763621418,236.87301464750885,233.60129387856793,235.06265258789062,5228980
2017-01-10,235.564338220236,238.70519392770473,235.564338220236,237.71278381347656,11349916
2017-01-11,238.83605928418487,238.9887355139938,236.43678858715455,236.88392639160156,11475958
2017-01-12,237.09112085193584,237.82181475831464,235.52069315345796,236.2841033935547,4371992
2017-01-13,236.55675238979543,239.38135004796092,236.55675238979543,237.83273315429688,7234429
2017-01-16,237.73459363953876,238.6070438476991,234.24474912687495,234.7464141845703,12013154
2017-01-17,232.2926287835278,232.94697011531005,226.5125821394333,227.11239624023438,39234251
2017-01-18,227.40680475127732,228.58463642090047,224.38590930679072,225.21475219726562,15867619
2017-01-19,225.78184931599517,227.99572731334177,224.87666831727736,225.46559143066406,15284274
2017-01-20,225.5201384966736,226.28353422637693,223.32807119508195,223.74249267578125,8784907
2017-01-23,222.87006199500922,224.87670778239044,220.9070234325622,221.5831756591797,13708502
2017-01-24,221.8230619866677,224.39681970974584,221.8230619866677,224.0696563720703,9419288
2017-01-25,225.0948075019197,225.2474837330992,221.63767949016483,221.88851928710938,23856654
2017-01-27,222.53195593529892,224.41865618192324,222.25930524717114,223.58981323242188,21861796
2017-01-30,223.55709481925751,228.24656721941435,223.52437848418708,227.8866729736328,15678126
2017-01-31,228.33381698505463,229.84971756453626,226.90515996813184,227.9739227294922,15125194
2017-02-01,228.17023313141775,229.21718499216377,225.79277327430373,228.9445343017578,11312284
2017-02-02,229.02087035165306,229.19535746244085,226.45801811192754,227.60311889648438,9099129
2017-02-03,228.14842977134933,229.11904354762012,224.68039615815806,225.4547119140625,13219481
2017-02-06,226.18537997086602,227.9084839653648,225.10571179304637,227.19961547851562,9991907
2017-02-07,227.27593984833976,227.35227795892135,224.04784095514063,224.8548583984375,9905562
2017-02-08,224.854863257337,226.45802185421633,222.91365043772575,223.6007080078125,16230826
2017-02-09,224.22233072784405,225.531027747659,223.96060005988468,225.2583770751953,9861688
2017-02-10,225.74912610790417,225.8690859917902,223.6879389538409,224.69126892089844,12518554
2017-02-13,225.31292738477654,225.5310508570991,222.91367110928076,224.62586975097656,8565757
2017-02-14,225.74915002257464,229.6534158645057,224.63676549778057,228.9772491455078,18244623
2017-02-15,229.6534169068137,230.65674698471244,227.98482555204262,229.30442810058594,15236663
2017-02-16,229.57707520279018,233.26321754094187,229.57707520279018,232.837890625,19655195
2017-02-17,232.6198007620418,235.17174790653675,230.86396572945753,234.58282470703125,14847356
2017-02-20,233.5031473061435,235.31350949748494,232.61979166145977,234.56100463867188,11650581
2017-02-21,234.5173717033126,237.95268878928093,234.0484230095452,237.35287475585938,14186476
2017-02-22,238.39981202202412,264.2791593572124,238.18168857592565,263.3739929199219,127323130
2017-02-23,264.7044956271861,266.53666857532676,257.2340476136446,257.97564697265625,62249698
2017-02-27,259.6660187022134,274.12704515863584,259.6333169301458,270.2228088378906,83422197
2017-02-28,268.71781208116585,272.20767081469455,267.95440184320495,270.03741455078125,36111716
2017-03-01,270.4845308527283,271.42242812886707,268.2815729901732,269.2630920410156,24385665
2017-03-02,270.00468639943205,273.66903228285145,267.63816122973714,269.7538757324219,18063590
2017-03-03,270.80078999933835,280.88860154495256,270.80078999933835,274.50872802734375,84305639
2017-03-06,276.78807609229557,286.1670205494475,275.9701531854544,284.716552734375,66724743
2017-03-07,287.66116556341314,289.43879705969556,282.709947149949,284.6293640136719,42071555
2017-03-08,285.22916414384053,285.22916414384053,280.51789490959584,281.6302795410156,43336972
2017-03-09,281.36850450430023,283.11340473985325,279.51452070401393,280.65960693359375,31094457
2017-03-10,281.42300530351747,282.67717504496215,275.08675305223034,279.5472106933594,24785585
2017-03-14,287.63933564170037,287.6938774317287,280.3324829788653,281.25946044921875,27765035
2017-03-15,281.5975624639306,287.1049732204039,281.4558062165082,284.6293640136719,24107889
2017-03-16,285.7308272279022,285.81807079236745,282.1537246047669,283.037109375,15924023
2017-03-17,285.2945555765743,287.9010296392679,283.124328418439,283.70233154296875,22727289
2017-03-20,284.85836770391387,284.9129094927155,278.8274960392178,279.36187744140625,12869337
2017-03-21,279.6671895691158,280.0379746714137,274.6723505322243,275.65386962890625,22596181
2017-03-22,273.0801162767191,276.1119173293636,271.89140821853283,274.7596130371094,20291685
2017-03-23,275.5120742594444,278.65292943042414,274.38879898927337,277.7259521484375,11807911
2017-03-24,277.9004566821145,281.8047222831855,276.6680977767457,280.65960693359375,16282523
2017-03-27,277.2461140560793,278.9147199395627,272.03316575085495,272.8838195800781,32452615
2017-03-28,274.388825733832,275.69750823596104,270.92077779117244,271.7169189453125,21707345
2017-03-29,273.0147080436769,274.82507030535544,269.01230747335387,274.0943908691406,18924345
2017-03-30,273.7344433912039,278.04222472986515,273.2982256394453,277.14794921875,27862325
2017-03-31,276.1337475475613,291.76170259699813,276.1337475475613,288.1082763671875,45390562
2017-04-03,292.71052477720616,301.10795106245024,291.6308419553817,299.83197021484375,44886623
2017-04-05,304.3142010339264,309.2872293250443,301.0206694355143,308.63287353515625,40323877
2017-04-06,307.32418851912024,316.0269661161793,305.841018959726,313.7585754394531,50620850
2017-04-07,310.0070067455602,312.77704778944496,305.9173341643747,306.8006896972656,31875272
2017-04-10,307.54231512637796,310.7922251070103,300.4099502330383,301.2933349609375,30768410
2017-04-11,302.71109787639944,305.4593576209089,298.8395626369632,299.330322265625,32249647
2017-04-12,301.60959220948064,302.40573341379314,294.7062559036888,295.327880859375,27448279
2017-04-13,295.327838935369,299.5592676835759,293.87737120466784,297.6835021972656,12713918
2017-04-17,297.7271725898525,304.3905892359677,297.7271725898525,303.58355712890625,11837502
2017-04-18,305.3503191318494,307.5423575665101,298.1634114615487,298.86138916015625,16016414
2017-04-19,298.5995910188473,301.55506857224754,296.10217128140476,298.55596923828125,11572557
2017-04-20,300.78074523688343,302.48202367357453,297.53080634420576,298.71954345703125,8393496
2017-04-21,301.10789225675256,309.9415637718871,300.68256539061576,305.90643310546875,30230907
2017-04-24,307.33505965373666,312.9951742174356,305.4047524376846,309.1563415527344,25512511
2017-04-25,318.4481183849275,320.13850624665304,311.05402193066243,312.515380859375,36764315
2017-04-26,312.9952088172394,314.0966733133538,305.9282766741984,308.94915771484375,16763153
2017-04-27,309.06916371802555,310.6286861796481,305.8410643345287,307.43328857421875,12571594
2017-04-28,307.487764500393,309.78885679883217,303.39809207689296,304.3141784667969,11848658
2017-05-02,305.79736636197384,305.79736636197384,298.01067525842427,298.9376525878906,18591411
2017-05-03,300.32267755770084,301.16241130403563,297.7271236508428,298.8395080566406,9500038
2017-05-04,299.90828105260044,300.9116110532944,295.3387688277013,296.1894226074219,14365934
2017-05-05,296.9856078785635,298.2397779688666,289.0025876808373,289.7114562988281,15598448
2017-05-08,290.0931104757881,292.16520329004334,287.55206896104283,288.2173156738281,16066733
2017-05-09,288.78442889553264,290.8892234921245,287.96647682824334,290.1694641113281,21106150
2017-05-10,291.14002481532964,297.42173511947675,290.2348584263676,296.4402160644531,22906024
2017-05-11,297.53083171020285,298.7631907054439,294.8153030385768,296.5384216308594,13783848
2017-05-12,296.6474927159638,297.5090375004031,293.1576626746752,294.5535888671875,7523427
2017-05-15,295.8513447878458,295.8513447878458,290.8565055799695,293.16851806640625,6738085
2017-05-16,293.5938399125287,300.3226883694539,292.49234635104966,295.82952880859375,12655992
2017-05-17,295.10975038981377,297.9343333779051,293.9646350119328,295.1315612792969,9844573
2017-05-18,292.3288292073666,294.45543490316874,288.8062681534826,289.51513671875,9790379
2017-05-19,290.747444959486,291.33633895314074,285.7307949690363,287.6611022949219,12813204
2017-05-22,289.32967859703115,290.87830992955304,286.8649899421859,288.8171081542969,8801430
2017-05-23,289.15521837815226,290.0604140203586,283.985891692832,284.76019287109375,9223001
2017-05-24,285.1854990011535,286.53783236317406,282.48089051713663,283.0479736328125,14326531
2017-05-25,283.5497249679749,286.25433413653053,282.7753945301848,284.0841064453125,25922008
2017-05-26,284.41118371123235,293.23393541839704,283.54963907609863,291.6853332519531,21430443
2017-05-29,291.61990493129684,297.82526281349783,291.31452337504686,295.96038818359375,24022633
2017-05-30,295.7422912572665,297.661707745534,294.1282272175831,296.4947814941406,9658309
2017-05-31,298.16334879512783,298.3705667958535,291.35814774403406,292.4269104003906,16423338
2017-06-01,290.6820847659386,292.27430915465425,288.56636979900253,289.7114562988281,9534069
2017-06-02,291.18365636747757,291.9906883500414,287.25758001555477,288.9479675292969,11495005
2017-06-05,289.27521731295246,292.49239675682173,287.0068262528644,289.95135498046875,10835031
2017-06-06,290.95465656746495,290.95465656746495,285.94892619036233,286.3415222167969,9591064
2017-06-07,285.99255005999987,292.71050817926755,285.51271046863064,292.05615234375,11199223
2017-06-08,292.2742291415464,293.32118089135463,289.66775521108616,290.4638671875,7903123
2017-06-09,293.3866774334453,295.0988762037319,290.31125417878513,291.3363952636719,13836547
2017-06-12,289.3406543359069,290.038632026423,287.25764127078133,287.7920227050781,8432435
2017-06-13,288.0428202288354,289.43874628483593,285.94891658482817,286.6795959472656,6025338
2017-06-14,287.01768570940146,296.6365503289753,287.01768570940146,296.0912780761719,52939271
2017-06-15,296.63657435028017,304.27061946783266,296.440276323375,301.8604431152344,28290813
2017-06-16,302.983737116703,304.4450959413931,298.6650350759468,302.9183044433594,32710880
2017-06-19,303.2237068185383,308.80744146281813,303.2237068185383,307.3787841796875,15236956
2017-06-20,307.32422170884666,310.1815358121526,306.9861383357052,308.0549011230469,10142474
2017-06-21,307.06246484412753,311.4683809650011,306.2881345935681,310.1596984863281,19992472
2017-06-22,311.784688359443,315.2636275144517,311.40298319371925,312.482666015625,22118609
2017-06-23,313.21333392377994,314.5220165009504,312.0355166923251,313.18060302734375,31143289
2017-06-27,312.3408968197624,314.7401532770031,310.8140760778694,313.46417236328125,32591540
2017-06-28,314.07482637901205,314.07482637901205,304.3905303284844,305.0339660644531,15567803
2017-06-29,305.3611741463324,307.5423214382329,303.2018377449507,303.7689208984375,12898245
2017-06-30,303.61620509317356,303.7034486438776,299.9191577120531,300.99884033203125,7814271
2017-07-03,302.78736640859466,304.2051323670682,299.0358063166584,301.22784423828125,9195278
2017-07-04,303.18003472910993,311.2721082818491,302.9619258182576,310.1488037109375,18816782
2017-07-05,311.78463276585575,315.7107090618043,310.59589569713495,314.66375732421875,27209010
2017-07-06,315.98335202817526,316.2669227096757,313.6495286282109,314.6419677734375,13590313
2017-07-07,314.7401209988471,326.681918508177,314.0857942794407,325.24237060546875,35845310
2017-07-10,326.1038882208501,327.3689780131679,324.79520577087874,325.6131286621094,3504540
2017-07-11,327.39083665128106,328.13240697974794,324.3372244093103,325.94036865234375,20995547
2017-07-12,327.0417886226503,332.6255509361608,326.6273817309498,329.59375,17104482
2017-07-13,331.69719769206,335.26974492424296,331.12557722025053,334.6321716308594,23010262
2017-07-14,334.170509308723,337.6880812587091,333.19216507304014,337.19342041015625,20530867
2017-07-17,337.9079429402156,342.8765359785552,337.9079429402156,341.1507263183594,18749450
2017-07-18,340.06247673833155,341.16171992078336,332.1919002482174,334.1485595703125,19640167
2017-07-19,332.5436156776203,338.12779749377114,332.5436156776203,337.0175476074219,11790198
2017-07-20,338.51250452999676,340.7659660180265,334.9839257847286,336.1271667480469,13626050
2017-07-21,340.7659924844178,349.9336997167253,339.6557718734784,348.4607238769531,97142371
2017-07-24,351.75844033158796,357.2326715970578,348.4607110072266,355.11114501953125,43429394
2017-07-25,357.1886956404528,357.24367100289487,351.23078109410665,352.2311096191406,20063064
2017-07-26,352.6818238295933,358.3319295298749,352.0002819207915,356.760009765625,21954323
2017-07-27,357.91425045104086,358.68370016015956,349.1972349728015,350.6152648925781,18409364
2017-07-28,349.83477334354353,353.06657947544653,346.9217832560767,350.5382995605469,14331863
2017-07-31,352.1871686895664,355.8916219933319,350.8790602164746,355.10015869140625,16567422
2017-08-01,356.7599875705959,356.7599875705959,349.8897109501536,352.5498962402344,12311920
2017-08-02,353.9568808294152,359.60698556615495,353.5391503043537,358.177978515625,20786240
2017-08-03,357.66141167569447,366.0266786006533,355.50689381672566,362.77288818359375,19707381
2017-08-04,365.60893926253345,365.60893926253345,355.0781772670211,356.62811279296875,18579866
2017-08-07,358.7056415909039,358.7056415909039,354.51753451555027,355.35296630859375,9537088
2017-08-08,355.715703775665,356.38623879868186,348.85640492672985,352.31903076171875,10961296
2017-08-09,352.08820316656966,356.1554114571411,348.4607097285341,351.4945983886719,10436651
2017-08-10,350.2305007613479,353.2204503327047,346.9107870521037,348.31781005859375,10188164
2017-08-11,340.9748491325664,347.36144256565643,337.02853961889866,339.9415588378906,16996281
2017-08-14,343.1843174949378,348.3507690384517,343.1843174949378,345.83349609375,13440617
2017-08-16,345.6026128550101,346.48201307356067,340.8098948720834,344.3055114746094,13576650
2017-08-17,344.9431223855997,351.2418082296169,343.21731269638735,344.5254211425781,15828719
2017-08-18,343.843892434075,346.8778106859259,341.45852502334924,346.35015869140625,7935890
2017-08-21,346.7018690872631,348.273788599654,343.01940071000473,343.9317626953125,7573558
2017-08-22,345.6026888061943,347.3394760018056,342.0960939729541,342.9754943847656,9533641
2017-08-23,344.03072019418977,348.8014249254596,341.45847215325404,347.8121032714844,8320052
2017-08-24,349.55993193066377,350.24144441651515,343.95376601869066,344.7342224121094,12654347
2017-08-28,347.1525716639717,347.79011558597875,343.228246820904,344.4044494628906,12316426
2017-08-29,343.371149339506,344.6133047650785,336.36896775182066,336.8416442871094,15164812
2017-08-30,340.22737472026887,344.89916560047584,338.8423359367572,343.8658752441406,10334911
2017-08-31,346.2622053575539,351.1978366994043,346.04236259993326,350.5492858886719,25104625
2017-09-01,351.72551141055004,355.4079808763546,351.53865971465007,353.9789733886719,15431918
2017-09-04,355.1661275674554,359.70601293106546,350.84608497778424,354.6934509277344,21560532
2017-09-05,358.35391657636336,359.4201979998934,356.3862798281477,358.925537109375,25216776
2017-09-06,357.5624635002134,363.3005358645188,356.7710295339681,361.7395935058594,48745984
2017-09-07,361.87143505611704,366.04856398291565,358.3538342641833,359.7168884277344,16205339
2017-09-08,360.55235483202625,361.98139129828564,357.0787515991414,359.1893005371094,13248413
2017-09-11,361.1240484267709,363.56436195818594,359.0354833390897,359.6290588378906,12690592
2017-09-12,361.76160953598765,362.75093143213553,359.23335877444686,362.2013244628906,6500191
2017-09-13,362.31121898376716,378.09637024228743,361.4318185466942,373.3036804199219,29377106
2017-09-14,376.29360252971753,378.7998686425318,370.22576637590083,371.0391845703125,11867640
2017-09-15,370.22572395725757,374.9964286055112,367.0379163169201,370.1377868652344,28595395
2017-09-18,373.74331069035946,374.20500979350754,370.7093928393166,371.7866516113281,5061995
2017-09-19,373.1717134178724,373.193697691398,368.02724665538426,368.7307434082031,7718697
2017-09-20,376.42547572544214,383.6365229362676,371.58878876955305,372.49017333984375,24942703
2017-09-21,372.4242525947984,374.490833196917,367.6974865999516,369.93994140625,12950541
2017-09-22,369.3023971813547,369.3023971813547,357.56244184178007,359.4091796875,12294087
2017-09-25,358.3539194922093,364.048023186431,354.04488391361116,361.23394775390625,14229631
2017-09-26,361.2999312850872,363.6523077617996,357.1228010098755,360.5964050292969,10564143
2017-09-27,363.0147076952907,363.05867624502605,349.7797926554231,351.3846740722656,18448855
2017-09-28,351.6044999858843,353.03350701607184,343.05235402224486,345.80047607421875,29547622
2017-09-29,348.13087295594806,348.8563832939279,342.5687053020986,343.36016845703125,16666208
2017-10-03,349.5599526874431,353.4512574244829,345.31684084671826,351.0329284667969,18345748
2017-10-04,351.40663870845333,362.72886249907623,349.82374165494014,360.0467224121094,18907611
2017-10-05,362.7508689051354,364.2678425817863,359.95880727962185,362.37713623046875,10631751
2017-10-06,362.3111534490549,369.06053077049916,361.6955644489999,368.0492248535156,12997688
2017-10-09,368.90663031690275,369.2584080569421,364.0699725684971,365.23516845703125,8850408
2017-10-10,365.3890774878893,372.5561567397226,365.3890774878893,370.7533874511719,14732024
2017-10-11,371.6767314009936,377.4367872866109,367.58753903907467,369.41229248046875,15420644
2017-10-12,370.2696886611606,385.5272142413487,370.2696886611606,383.7464294433594,18642942
2017-10-13,386.62648387087313,391.6390158155488,384.0102671755721,385.3733215332031,21509701
2017-10-16,386.49462024036904,392.2106789352874,378.71195148280214,385.52728271484375,32009221
2017-10-17,386.0548324179771,388.6930331759308,381.30608279425985,384.449951171875,13898844
2017-10-18,385.791079527061,403.5988419456188,384.73580493449094,402.1038818359375,36671941
2017-10-19,402.6754715551483,405.3576412543577,397.0473501989178,400.0812683105469,8014767
2017-10-23,401.4003587024283,415.38276917369177,399.72949502172276,413.20623779296875,27455320
2017-10-24,416.7018491061896,416.7018491061896,408.1277467684974,410.78790283203125,13857773
2017-10-25,413.36015390028865,415.9103886022918,408.69934066184766,413.272216796875,10011782
2017-10-26,413.3161551285705,421.1427622206605,409.35886835828296,416.5699157714844,16840049
2017-10-27,417.71313734516,420.65911821888375,407.02845694028144,408.85321044921875,11498547
2017-10-30,410.67799142410144,415.75650599319505,409.18303128823794,414.4154357910156,7823263
2017-10-31,415.4926801805031,415.8444285880789,409.886513825748,413.6899108886719,9504986
2017-11-01,416.7238015761588,421.14275806197656,415.84440126350086,418.8343505859375,17571371
2017-11-02,418.9442470025723,420.5711418868121,415.18481896154464,416.2181091308594,10277678
2017-11-03,420.32931321375895,420.32931321375895,413.3821064679399,415.64654541015625,4798537
2017-11-06,414.4154346102954,414.4154346102954,408.4795039332275,410.0184326171875,9757496
2017-11-07,410.39213349262496,411.1176144983606,397.0692825450814,398.6741638183594,20447574
2017-11-08,396.82750461178887,398.3664332566556,388.7370563717959,390.3639221191406,17752793
2017-11-09,393.4198402650277,400.08128150544513,392.23265998245427,395.9481201171875,15007224
2017-11-10,396.14599508478653,396.14599508478653,386.58257024536715,388.6271667480469,13923102
2017-11-13,389.1327849220655,392.16670310241875,384.0762546214768,384.8457336425781,9088619
2017-11-14,384.73578202209205,393.52972665263053,383.8563816887379,389.8802490234375,12481463
2017-11-15,388.9129667043057,391.59510728204236,386.0329382761083,388.56121826171875,15272059
2017-11-16,389.3526175483563,398.3664347496524,389.3526175483563,397.42108154296875,15160866
2017-11-17,404.0605337355176,406.67672121771665,399.4656734078237,400.9606628417969,12219276
2017-11-20,398.4543962914145,406.4349236727002,397.9267736422081,404.8959655761719,9231195
2017-11-21,407.51215488161296,413.1622604567484,406.9405343656815,410.0404052734375,13082246
2017-11-22,412.1949139652783,412.722565918559,406.03914083551564,409.24896240234375,11058315
2017-11-23,409.35889972798043,417.6691908418121,407.4462090190028,416.3940734863281,16031638
2017-11-24,417.71315379733244,421.89028357421563,416.56994211274895,418.1968078613281,13987125
2017-11-27,416.50396182534405,421.01085543962597,415.07492530020517,418.30670166015625,10237135
2017-11-28,417.6471979190636,418.30672618333006,412.48074642479656,414.7891540527344,10153618
2017-11-29,414.1295921545187,417.7131464259867,413.7558594752991,415.954345703125,8038351
2017-11-30,413.9536804010444,413.9536804010444,404.3023202790737,405.2037048339844,20637767
2017-12-01,406.4788524582643,409.4688018990885,399.1139149064519,400.169189453125,11114967
2017-12-04,401.664136187916,401.7960418329414,394.563010170205,396.4317321777344,10103208
2017-12-05,396.18990704611383,404.8519459226566,393.7276096242593,401.7520751953125,18306627
2017-12-06,400.1252283711161,409.05107895887664,399.59757641218073,407.4461975097656,24078081
2017-12-07,408.9410894717143,411.55730585233647,405.8412191148329,409.60064697265625,12095301
2017-12-08,410.6119874260927,411.9750417346528,404.104466360806,404.96185302734375,12224184
2017-12-11,405.59948312434534,407.1604254645617,401.6861644870184,402.8293762207031,10792248
2017-12-12,402.74144486990264,408.4795172484126,399.24585678915236,402.5875549316406,15782031
2017-12-13,403.15915207658975,406.6987085056366,400.4330138454182,402.1698303222656,9147866
2017-12-14,404.082519566807,406.6767227835391,399.5755963235818,405.1817626953125,10983157
2017-12-15,409.35887045103846,410.2162865025176,403.5108773626947,404.4122619628906,24408414
2017-12-18,400.98261146916843,410.0843355105695,379.30550141571325,404.96185302734375,18581421
2017-12-19,406.105046097357,407.60000587075825,404.5221198888178,407.1383361816406,8891691
2017-12-20,407.11642020309387,407.77594844103834,403.20310191861756,403.708740234375,10443493
2017-12-21,403.8406310661712,406.2589892377491,400.1252007408886,401.42230224609375,9071450
2017-12-22,402.169778491186,405.5774288273501,399.81737324869937,404.6980285644531,10658428
2017-12-26,406.654705470742,412.8324625046236,403.7087247332023,408.8312072753906,11596338
2017-12-27,410.23825907165235,412.216873058955,404.0824863179319,406.1710510253906,9520350
2017-12-28,406.8305967702033,410.8538364423893,404.12647228173506,406.3689270019531,15511891
2017-12-29,407.38029157542866,409.93052650790486,403.8626897149715,404.9839172363281,11089700
2018-01-01,405.70936311758567,405.70936311758567,399.0259676099473,400.0152893066406,9453202
2018-01-02,401.44430689808223,404.3243349654804,398.5422945557765,400.630859375,9499419
2018-01-03,406.72071925017923,407.1604341426632,401.4663302779535,402.2358093261719,13507800
2018-01-04,403.7087301164242,405.31364082486886,402.6314713366122,404.6540832519531,9008932
2018-01-05,405.3136888871881,407.55614380891217,404.6321469594076,405.95123291015625,7441284
2018-01-08,407.20438784091283,409.35890561611836,406.06117612456933,408.2816467285156,8827020
2018-01-09,408.1057058870631,415.03095773275516,406.2809817737514,413.7338562011719,14294571
2018-01-10,414.6353134374378,416.56998861238435,411.337583669395,414.3495178222656,11727682
2018-01-11,414.1075988695826,414.48136089217263,411.11764944637065,412.32684326171875,7849171
2018-01-12,414.6352050804477,418.9442398660602,412.5466405046764,417.27337646484375,15071161
2018-01-15,417.71317856338413,421.450593697631,415.6026292741727,417.33941650390625,11120925
2018-01-16,416.701844644829,416.701844644829,404.52220381560244,405.8193054199219,10825151
2018-01-17,407.16041211948584,408.47949802257943,398.8061231292183,406.5008544921875,13204016
2018-01-18,408.4794818607916,408.7432931606718,402.3676773045552,404.3902893066406,9381821
2018-01-19,405.8412766742237,410.8538380784073,405.4455597284336,409.49078369140625,9973533
2018-01-22,416.83372365050184,428.39777467576323,413.31615174542833,427.1666259765625,45700733
2018-01-23,428.7056361648663,435.7187965565298,428.7056361648663,432.3331298828125,22526810
2018-01-24,431.67352374907864,431.67352374907864,423.27529616245386,424.9021911621094,14289485
2018-01-25,425.5837167012259,427.3864859503366,420.4172653298735,424.704345703125,13669901
2018-01-29,424.83627036811043,429.7168970320304,421.80235223436125,424.0887756347656,9897064
2018-01-30,424.66043161786433,424.66043161786433,417.27347947439097,417.8890686035156,9182956
2018-01-31,417.7131392989015,424.08875512111547,413.997679439338,422.6817321777344,12551686
2018-02-01,423.5391347095605,427.6502820339128,411.82116435876986,415.00897216796875,16524809
2018-02-02,411.117704501583,415.05300761840226,396.1679847350192,397.6409606933594,28965593
2018-02-05,393.0900590160554,401.2244757796737,387.72574902559705,396.673583984375,19191099
2018-02-06,385.61521115403156,394.8488713165877,382.97700995694254,392.254638671875,24062503
2018-02-07,396.8495152635232,398.1026484086246,391.3312856072533,393.2659606933594,15532284
2018-02-08,394.8048537279179,400.41099021711074,392.36451131962224,397.72882080078125,13825894
2018-02-09,390.89159407711986,396.6076527880399,389.5724787694808,394.7829284667969,11580639
2018-02-12,397.0473331188459,403.73072877633416,396.6296025455643,402.5435485839844,11877059
2018-02-14,405.8412508666512,414.41538164372116,404.9618505804261,410.5240478515625,22247829
2018-02-15,412.28290382235866,415.8444446410589,408.10574456363065,411.40350341796875,13363743
2018-02-16,413.1402921779221,414.45940746530044,403.68678915973135,405.0938415527344,9628162
2018-02-19,404.9619268184855,409.7986146275276,401.68618141544306,407.6001281738281,8941900
2018-02-20,408.47946153904,408.72128855189936,403.9945522581919,405.0058288574219,8458450
2018-02-21,408.9191879232259,410.0184310795045,405.4675685217216,408.6333923339844,11917390
2018-02-22,405.40164611789936,409.35893351808903,404.5222456565788,406.4349365234375,11196908
2018-02-23,406.89656862590834,412.4367822130504,405.7313726619427,410.78790283203125,10610664
2018-02-26,412.8764429998568,415.4706754324035,411.8211684776262,412.7445373535156,8435611
2018-02-27,412.87645340376895,420.26337524552326,412.5906578294948,417.9329833984375,14021366
2018-02-28,415.9323326302963,420.83497242871914,414.7231682238602,419.7137451171875,56650480
2018-03-01,417.60324837104173,422.0661739016729,415.93238465586256,417.0096435546875,8956590
2018-03-05,414.6352416634823,417.77908094069085,405.22570810614127,406.324951171875,12325694
2018-03-06,408.4795203043922,411.6453442554086,397.9707423551225,400.4989929199219,16019726
2018-03-07,399.79544642431404,399.79544642431404,390.47384926054247,391.2213439941406,15853546
2018-03-08,394.6949204955266,402.1038557909865,392.782259268476,400.76275634765625,13283967
2018-03-09,402.2797750873506,404.2364344341332,400.58692706332397,401.4883117675781,10638527
2018-03-12,404.52220822330077,410.28226456860386,403.44494936195815,409.05108642578125,8315150
2018-03-13,409.7546197741428,411.5573891170152,405.1158201118897,409.7326354980469,11148731
2018-03-14,408.39151295978127,409.8205200743589,404.17041508438297,408.5014343261719,14724464
2018-03-15,406.7206502417463,408.6773092701264,400.1251921370827,400.9166259765625,12711836
2018-03-16,399.68551751496886,399.99332672388886,389.5944708832624,395.750244140625,30814962
2018-03-19,396.1679322023547,398.76213533161535,392.21064533256566,393.7496032714844,12630833
2018-03-20,392.7822746237687,397.48702694206247,390.0341521578806,391.2433166503906,15192983
2018-03-21,393.46381914570554,396.7615487619695,392.7823065562773,394.3652038574219,14715126
2018-03-22,393.9694722069794,400.9826617944784,393.85955082567887,399.3117980957031,22129723
2018-03-23,391.59509109185586,395.72825252739256,390.935562789273,393.0461120605469,23469999
2018-03-26,393.06807460615215,397.6189370483925,392.43050126406655,396.2119140625,13227705
2018-03-27,398.8941102258626,400.4550232441875,394.40917096085593,395.64031982421875,15179544
2018-03-28,393.8815161732977,393.90350044850135,386.93427974844013,388.1214599609375,19160609
2018-04-02,392.6503106896868,396.14592760941275,389.79229640942697,392.6283264160156,12494499
2018-04-03,391.7709356595587,396.4756875821662,389.24265615921826,395.53033447265625,13922126
2018-04-04,397.7947834006433,400.9166383628737,392.232615321624,393.4857482910156,14214534
2018-04-05,397.97077713880947,400.12529518191565,397.26725085992535,399.3338317871094,8527915
2018-04-06,399.245794611347,403.8626094462106,397.92670885160027,400.56488037109375,9664888
2018-04-09,401.2464528798263,404.08251242890424,401.2464528798263,402.7633972167969,7813897
2018-04-10,403.8187036497765,406.23706216185764,401.9500107628789,403.2251281738281,8455132
2018-04-11,405.31366696722233,410.12834070009694,402.7853872342242,409.2929382324219,13140816
2018-04-12,408.85320300777926,411.8431523766241,406.3689213009491,408.3475646972656,10822592
2018-04-13,410.10636238142484,414.0636494286388,408.34759096716544,412.8105163574219,12616816
2018-04-16,410.8758313045042,413.3161739112137,408.2596438473364,412.01904296875,8934275
2018-04-17,413.3161827012067,416.482006458331,411.5573819411922,415.18487548828125,9599816
2018-04-18,415.62457549700974,416.92167706918997,411.1396366544429,412.436767578125,7360987
2018-04-19,412.92043179788385,415.5146643576494,411.11766250647923,414.3274841308594,9802587
2018-04-20,412.436727922355,414.12954628045236,405.0498067967051,407.9957580566406,7326696
2018-04-23,408.91920228582006,415.22886585586633,408.25967397979014,411.5574035644531,7674482
2018-04-24,411.4694140760855,429.0133637586765,411.11763633948044,426.529052734375,19921115
2018-04-25,428.1120591402415,431.6955845373846,423.67111754274345,426.7270202636719,14079382
2018-04-26,427.82620678159736,434.4216654685655,423.09944084321853,428.8594970703125,34096999
2018-04-27,435.2130928717992,444.5346889774802,433.3223866522248,438.0711364746094,25518647
2018-04-30,431.78344910065806,436.444232379967,422.11007547124456,423.56109619140625,19406069
2018-05-02,425.1880099606535,430.5523199353733,424.33059386541703,427.6943054199219,13381914
2018-05-03,429.9807391073415,429.9807391073415,421.78036934405463,422.81365966796875,8634812
2018-05-04,423.3632093090976,424.1766567629071,417.71310438150084,419.4499206542969,8302649
2018-05-07,421.6044520619188,427.93609901457063,420.50520902228476,426.94677734375,7683268
2018-05-08,429.80487085965603,431.7835144308885,424.3965627774853,425.23199462890625,10792648
2018-05-09,424.70434319711154,432.7947617924149,423.0994324320435,429.45306396484375,9831044
2018-05-10,430.9040906760938,432.9267026903479,428.37581098252514,431.40972900390625,8781584
2018-05-11,431.45374220453675,435.87269936743377,429.914813435214,434.9713439941406,8774740
2018-05-14,436.15846621363016,436.15846621363016,429.45305704028226,433.8060607910156,5642499
2018-05-15,432.2451520389496,439.6980266146841,429.43107682589437,430.4423828125,10501479
2018-05-16,428.26585675676756,428.26585675676756,418.7903707423629,420.417236328125,18840763
2018-05-17,421.824321739678,422.11011731684533,413.97570069314287,415.6685485839844,10353948
2018-05-18,415.7784506940116,419.2520540639039,409.79855201674053,410.61199951171875,11440117
2018-05-21,409.24894505794754,411.425446901046,405.4455482253105,409.51275634765625,14491208
2018-05-22,410.30427941259325,410.6780121275241,406.72072479870616,407.4902038574219,11310073
2018-05-23,407.1604150015514,407.1604150015514,399.7514791723163,401.11456298828125,9991028
2018-05-24,401.8839707336553,404.9618571093157,400.1911523055173,402.6974182128906,11632489
2018-05-25,402.76341320101454,406.01717410710506,402.08190064426464,404.87396240234375,17782410
2018-05-28,406.67667181809657,407.60004062656344,403.68672266484646,404.6980285644531,11369679
2018-05-29,405.18172479659034,408.0397390524784,402.0598699073972,403.40093994140625,17878384
2018-05-30,402.257796634088,405.9292589834421,398.6302734876581,402.8074035644531,13105124
2018-05-31,404.9618339150856,405.533454350633,402.12580406430766,405.1157531738281,37080158
2018-06-01,404.52227262387447,411.44752603587534,403.84073061682756,409.1611022949219,19174278
2018-06-04,410.41416578861435,415.0749495950042,409.16103273512294,413.6899108886719,12250151
2018-06-05,414.54733712934325,419.9116472336744,413.75587384142466,416.67987060546875,17436812
2018-06-06,416.394066312243,420.3513239660994,414.48137563621924,419.6478271484375,9164022
2018-06-07,419.867615787806,429.1452430384665,419.6697573333403,427.10064697265625,14999572
2018-06-08,424.90219876680175,433.7840805465304,422.3739191249521,432.8167724609375,14289325
2018-06-11,434.0259340382162,439.6760393490657,430.486348433424,432.06927490234375,15018718
2018-06-12,432.3990638208888,439.698048842878,431.0360093705574,438.4449157714844,16285583
2018-06-13,439.6980590796212,442.2922917374588,435.08124365073724,440.79730224609375,12962502
2018-06-14,438.57681989400896,444.88648313201196,434.15786307013644,443.19366455078125,11997529
2018-06-15,442.33629334150237,450.0309960817598,439.36832776480844,445.9418029785156,24705890
2018-06-18,443.5673742339309,448.6898569663923,442.77591099788714,446.53533935546875,12363932
2018-06-19,445.80980318698073,446.20554945788956,436.90590833677953,437.9612121582031,13881382
2018-06-20,437.9392496522937,449.76714228658346,437.433611307361,448.1622314453125,15735681
2018-06-21,450.00895474351086,455.52718391629855,449.06360156036607,453.74639892578125,22988909
2018-06-22,452.1854504134907,452.53722816258426,443.4134899365319,445.19427490234375,35370008
2018-06-25,444.71056516351723,446.95301976834554,440.70930997190203,441.6546630859375,11369371
2018-06-26,442.3362276303299,442.3362276303299,428.81551713496145,430.4423828125,17649122
2018-06-27,433.1205900420165,436.1747889046505,426.1269134300521,427.521240234375,19595831
2018-06-28,425.8170994633865,428.69424861566904,416.2118776803641,418.2701416015625,18770484
2018-06-29,420.10704532798803,431.79269130556816,420.06278286054453,430.442626953125,17425606
2018-07-02,430.398406382326,430.398406382326,423.6039396821016,425.1974182128906,14570004
2018-07-03,427.1450000737451,433.0984794484109,425.0867361670919,429.9336242675781,11084063
2018-07-04,430.1549200801727,439.09620441578414,429.8008203413119,438.25518798828125,10938521
2018-07-05,441.30939123835054,446.35546030550455,424.3121308417971,426.9236755371094,40946479
2018-07-06,427.0342703743582,435.1124059683724,426.92361422076397,432.7000427246094,20039239
2018-07-09,436.9272728855685,442.63727876250505,435.33376500734437,441.3536376953125,11309207
2018-07-10,443.8545001333729,455.252409534271,442.63725283675956,454.0130310058594,22846197
2018-07-11,453.70321740927255,460.7411563219205,450.53836245403227,459.8116149902344,18953870
2018-07-12,462.2682305141414,486.4583471820609,461.4936078305945,479.08843994140625,52736376
2018-07-13,478.26957749632805,490.884734386246,478.048235627263,486.8124694824219,39301408
2018-07-16,486.81250988481946,490.840512658671,474.9719451369637,476.36627197265625,14427529
2018-07-17,477.29580809640555,485.10834043675396,473.44485523669994,483.5148620605469,14150770
2018-07-18,486.1927763505536,488.937137840134,476.85313025017547,483.6033630371094,10241565
2018-07-19,483.9353884840839,493.5406105065554,480.8590581429392,489.0478515625,11885426
2018-07-20,492.8324080601286,503.94258356066035,492.16844145922533,499.5826416015625,17538801
2018-07-23,500.09161892617885,500.09161892617885,492.69960928487313,495.8865661621094,12779803
2018-07-24,496.6391060922468,498.7416030064081,490.17657851086517,491.7479553222656,9775749
2018-07-25,491.32738797163836,497.0816859521699,488.7601057972345,493.6069641113281,13014255
2018-07-26,491.3716687277913,496.41776742607743,490.3536024039706,491.6151123046875,14053674
2018-07-27,495.5324563245686,503.4556745303604,492.2790762620405,500.11376953125,14610585
2018-07-30,500.18015432592085,512.2641632405656,499.2949049235677,509.6526184082031,30344461
2018-07-31,509.47555662545886,526.9154422077543,507.77142201803036,524.9678344726562,30350826
2018-08-01,526.915416799906,532.4484024548143,524.702234357026,527.778564453125,21227054
2018-08-02,527.402421736804,527.402421736804,516.0930351476295,517.1553344726562,13668930
2018-08-03,520.0987664974149,523.8611939947633,517.6863736518786,520.9619140625,14536058
2018-08-06,520.8512529511331,529.3941449850735,520.2537392278248,527.8892211914062,8785462
2018-08-07,528.9072220817177,531.7844002716075,520.9840050872534,524.1710205078125,8879612
2018-08-08,524.5252096295219,541.1241082944092,524.5252096295219,538.9994506835938,17307566
2018-08-09,540.6815769632336,545.1964677788757,536.4765234845864,539.1102294921875,14976885
2018-08-10,536.0337695932534,537.8043273307189,532.1828168559637,533.0238037109375,7833494
2018-08-13,530.0802170660986,531.1425752585429,523.5070936646752,525.7202758789062,10211072
2018-08-14,526.7383864812343,538.7781325107724,524.2153666760712,535.8567504882812,11592139
2018-08-16,532.6033178447335,538.2469297718325,529.1728291288373,531.518798828125,13086024
2018-08-17,535.1484549846034,537.9813709699346,531.1868756757327,532.8246459960938,8379864
2018-08-20,534.6615128942748,547.4537186923733,534.5508271940995,546.6127319335938,16639535
2018-08-21,547.6529859742922,553.9605350562346,543.1159355150601,552.0571899414062,15923396
2018-08-23,551.6587985281662,563.9198554134165,548.1620048381349,561.9058837890625,17429373
2018-08-24,560.0468165790594,566.5535761373131,557.7451093330017,565.4691162109375,14550512
2018-08-27,566.3101408198725,573.5915235392732,566.0224643295545,571.6660766601562,12188510
2018-08-28,573.6579598387789,585.6091808781202,573.2153351548222,583.838623046875,19018790
2018-08-29,582.6435075551111,588.2650186194802,571.090707226938,572.8612060546875,24230135
2018-08-30,572.5955483345114,574.1669544597751,562.3485219230006,564.1190795898438,21545859
2018-08-31,562.1493822055606,562.1493822055606,547.3653036011001,549.6006469726562,33479841
2018-09-03,551.0834966452451,556.7935328284533,542.69549225871,544.0676879882812,26686176
2018-09-04,546.7234931932902,555.4213348490787,544.0013216243439,549.7334594726562,19333815
2018-09-05,549.9768266412864,554.4696148937215,534.9271738135313,543.115966796875,22584608
2018-09-06,544.5102464095141,560.2459965298393,542.3855889134629,558.3426513671875,24487897
2018-09-07,559.8919796043765,567.1733632840924,555.2885641979899,565.9561157226562,23389269
2018-09-10,564.3625164512283,565.2478248682096,553.3408669206563,555.8860473632812,15440786
2018-09-11,557.2803741025751,561.4411643250952,546.3250881432887,547.8521728515625,23787332
2018-09-12,554.0933629003331,557.1475914382887,543.9348603816215,554.4032592773438,17642490
2018-09-14,557.457349483421,564.6280456958488,552.2563624002771,554.6908569335938,17233514
2018-09-17,553.6285756317748,553.6285756317748,540.7256832758947,542.6290283203125,14773803
2018-09-18,542.6733577249023,548.6047059094601,537.5166323023844,538.7559814453125,16660044
2018-09-19,541.7879586197372,541.7879586197372,531.6073559811463,535.9230346679688,24642640
2018-09-21,539.5748256622617,547.7193557926669,523.8612365552019,538.910888671875,41713856
2018-09-24,537.5608273075529,548.82594937841,533.1565644174077,545.3512573242188,22098277
2018-09-25,546.8784539592787,551.083507076302,528.951620573083,544.7095336914062,21250513
2018-09-26,548.4276564018437,555.0450433187049,543.182406037007,553.9163208007812,13992341
2018-09-27,555.5098534087277,559.0509693100778,547.7636845353077,554.95654296875,23642923
2018-09-28,557.6787605123563,562.9019092990245,552.1015119629488,556.8156127929688,24220992
2018-10-01,556.704946131616,556.704946131616,532.9352921219858,545.1963500976562,16039441
2018-10-03,544.2226390246745,548.6932669178199,531.1869568120767,533.4222412109375,16135428
2018-10-04,526.5170610987046,526.915423306167,489.55683702218835,496.74969482421875,50774608
2018-10-05,486.6796898804231,493.67333663354873,459.5238698269349,464.2601013183594,47998260
2018-10-08,464.76915488394985,494.42583411836944,453.946657039451,491.0617980957031,53983473
2018-10-09,496.4840880859601,497.2144483003737,478.5794188244638,482.49676513671875,24042005
2018-10-10,484.2009259167395,493.91683291284284,479.9516108884304,487.83056640625,20784941
2018-10-11,470.9660918957569,493.42991434329895,461.67070791989903,481.5008544921875,28926389
2018-10-12,489.092086637831,499.73750566790204,487.74205181625126,498.6530456542969,19814528
2018-10-15,500.1358791922086,507.66073530336155,494.93492089423233,504.4958801269531,19406012
2018-10-16,507.262341021569,516.7347451698961,504.60647485877587,515.1412963867188,16358598
2018-10-17,521.8694270033175,522.0243161046607,504.606531392762,509.6083679199219,27967162
2018-10-19,486.9010588355972,491.7700782882663,473.7325898521817,487.4764709472656,55606079
2018-10-22,491.32736792200456,493.45202534091646,468.0225300115831,470.3684997558594,28798142
2018-10-23,465.9864311784535,471.27594387522913,461.95842837507354,466.8495788574219,23128845
2018-10-24,475.79080268155826,476.25558811567174,456.5360983859955,462.887939453125,29869514
2018-10-25,458.5722447244144,460.63050852172944,449.896535320371,456.2705078125,30833933
2018-10-26,457.20007470974065,467.86765480715,452.3753473781812,462.51171875,20085933
2018-10-29,462.9986114742478,484.1787928343291,462.9986114742478,481.5008544921875,16781215
2018-10-30,480.4828032954299,480.4828032954299,465.6986956749193,467.8676452636719,19263668
2018-10-31,468.75290522555224,471.78497301426796,463.4412611735673,469.74884033203125,35999348
2018-11-01,472.6923697947122,472.6923697947122,464.7691811842669,467.53564453125,20552752
2018-11-02,472.2939785994359,478.4909010289118,470.5898145896325,475.7908020019531,36739798
2018-11-05,475.1490197847463,483.66978116030407,471.4087230901009,482.6074523925781,16585905
2018-11-06,484.2452241065534,492.2127051462479,483.1828952711081,488.71588134765625,18886485
2018-11-07,493.54055213197415,493.54055213197415,489.8666788739522,491.63720703125,2808599
2018-11-09,489.66748163448926,493.00938629301976,480.2614421518218,484.001708984375,23712291
2018-11-12,485.8829100385789,486.3697971273839,475.6358544653111,478.0482177734375,12690610
2018-11-13,475.39246962124497,488.2289399381306,473.64404303650656,486.6575927734375,14899604
2018-11-14,489.13634567495455,492.50038186216375,480.4827968608081,485.9936218261719,17034346
2018-11-15,485.55100685333554,488.2289452972339,480.92543114923296,485.5067443847656,14943663
2018-11-16,485.993616173096,500.1580193355547,485.6173852021472,499.029296875,24131016
2018-11-19,501.4638099233881,509.785390436092,500.6228230165289,509.0329284667969,15987574
2018-11-20,506.8196621862303,511.6443886770833,500.1800565843624,503.4555969238281,12511640
2018-11-21,503.4999146912165,507.0410301884581,490.0216095734906,492.61102294921875,16422494
2018-11-22,493.31926178986436,498.12188722093686,486.94528922504816,488.16253662109375,12670591
2018-11-26,490.88473683856927,494.6471349635808,485.75014321886636,491.2167053222656,13969873
2018-11-27,490.39787561445803,500.18014730249286,489.31341556409285,499.3834228515625,14896607
2018-11-28,501.26458812722854,512.4633470527494,498.5424168099133,510.2059020996094,17507771
2018-11-29,513.9018766068516,522.2677189108547,513.4592519548756,517.2216796875,27640198
2018-11-30,518.9036440678603,524.9677789775235,514.4772794365788,516.8011474609375,23443212
2018-12-03,520.0546336763155,520.0546336763155,508.36898610935697,511.88800048828125,12182825
2018-12-04,512.5739228299735,512.5739228299735,505.58027632529297,510.0509033203125,11358720
2018-12-05,506.2664299064278,512.9281382181655,504.2966614243573,511.3124694824219,12729759
2018-12-06,508.5901852193306,508.5901852193306,494.9791230877339,497.369384765625,12831451
2018-12-07,499.9367052367765,503.25644935826995,490.5970292196639,501.8621520996094,15779984
2018-12-10,491.32736989959454,493.230715000803,479.42044172228947,482.5852966308594,20521072
2018-12-11,471.8513369923307,487.8305601586093,466.98234748758017,485.8165588378906,29518062
2018-12-12,486.45837456551925,492.8766391720069,481.4787287925514,491.5487060546875,27572962
2018-12-13,499.29485901164674,499.29485901164674,484.7099627810662,490.0216064453125,20337275
2018-12-14,488.2732056825799,493.4963246900918,483.27139901697336,492.30120849609375,15795834
2018-12-17,493.961072137774,501.5080292498539,491.9913333510003,500.1358337402344,11077711
2018-12-18,497.2145007564432,504.1638857257209,495.97509252010303,503.0130615234375,12841994
2018-12-19,505.2704890755681,507.8377713026574,501.596586058375,503.1900939941406,16118419
2018-12-20,496.19640838128,501.2867696752321,494.0496490564129,499.4941101074219,12609700
2018-12-21,497.96691938314893,500.7334121178466,485.1304498257496,486.9895324707031,18115814
2018-12-24,487.29940701814274,488.31747334945453,480.9475654515845,482.0984191894531,9065704
2018-12-26,480.61559723152027,486.90104509867547,471.6964438229025,486.1706848144531,15771193
2018-12-27,490.0880468012935,498.8522818424453,488.6716182052182,495.8423156738281,27294221
2018-12-28,498.18828843578683,502.50402704858533,496.2849431086471,498.21044921875,16768547
2018-12-31,500.600676170901,501.8843468967366,494.07178455752864,496.3070983886719,15799099
2019-01-01,498.077654745739,498.98506492593896,491.37168372531875,496.1964111328125,9746670
2019-01-02,493.31926575244586,498.8522514846727,487.343655344541,489.7339172363281,15628818
2019-01-03,490.22075460323975,493.3634781245717,482.5188791945198,483.6918640136719,16288287
2019-01-04,485.7501554591943,488.8707479276948,478.53516673110533,486.3034362792969,18516544
2019-01-07,489.9994444928243,495.0676442760691,487.34360805334927,489.0035095214844,12060290
2019-01-08,489.15844012280803,491.30522873951855,485.1304376755269,488.9592590332031,12304389
2019-01-09,492.21270373570025,494.42588634089293,486.3256179134447,491.6593933105469,12614237
2019-01-10,490.33142031999716,491.7700094933411,488.2288941876079,490.22076416015625,8925160
2019-01-11,490.26505606504674,493.0094176370213,481.85495103045383,486.0378723144531,14139060
2019-01-14,484.6878651488265,487.12236004562834,480.8811746140079,485.484619140625,8994060
2019-01-15,489.1142147216286,501.0654355760193,489.1142147216286,500.0252380371094,22011407
2019-01-16,502.39332672848343,506.8197509366535,500.3350923620848,502.791748046875,13961606
2019-01-17,506.57629815183714,508.10338294893256,500.1801642588443,502.1499328613281,16379077
2019-01-18,508.5016772065438,526.6940822128304,502.50396544977406,524.2374267578125,56181172
2019-01-21,528.5089422923119,548.8481079387703,526.1408115885986,547.8521728515625,48206814
2019-01-22,545.7054129345357,551.9465982608722,539.8404290416297,546.7234497070312,36207430
2019-01-23,545.9045843376497,550.7293708515431,540.9028070392636,542.80615234375,19313542
2019-01-24,542.2307776252353,554.7131495923924,540.0618573513148,552.16796875,28775487
2019-01-25,553.4958304499542,559.8033797795792,546.8341222864655,551.5260620117188,18703992
2019-01-28,553.5179429525717,555.9303361110078,541.0798348240664,544.2446899414062,18744303
2019-01-29,544.8864613246026,545.1741968816506,531.7622569321205,535.8787841796875,20405845
2019-01-30,537.804303586863,542.2306681873968,527.225220095184,529.2613525390625,17164298
2019-01-31,532.0499778547592,544.3110343342596,531.6073532371764,543.1823120117188,22279301
2019-02-01,546.2144636186489,555.5098184046919,543.1381334083609,553.2744750976562,20187323
2019-02-04,551.9686981888808,574.0784806662556,549.7776764638679,571.4005126953125,25528059
2019-02-05,571.8873820352513,577.3761052108845,565.9560341911196,571.6881713867188,20479210
2019-02-06,573.7685318299614,583.2409946417941,572.883282546338,579.9654541015625,20586783
2019-02-07,579.9655679526219,584.8124564704674,569.2759148250642,571.1792602539062,20150710
2019-02-08,568.7003111247333,575.6497541284344,563.145224334816,565.5576171875,14230054
2019-02-11,564.7610042646434,564.8052667359353,553.7392943404069,554.7352294921875,16457901
2019-02-12,553.9605356558238,563.189525666057,553.9605356558238,556.1294555664062,13998153
2019-02-14,549.3129802008165,549.3129802008165,539.1323153779995,541.8766479492188,14496604
2019-02-15,544.3331455070256,553.252297636153,537.3616008246254,550.8399047851562,20994460
2019-02-18,553.2965993868063,554.4032201240432,537.8043227333932,540.061767578125,21106139
2019-02-19,539.1322466913853,548.7374981100645,536.1223396511388,538.291259765625,13658461
2019-02-20,541.7217676158939,548.8703643454737,539.5749488802703,546.3694458007812,13776558
2019-02-21,547.0996507231351,556.7491632550892,544.1561082536389,551.9243774414062,23142949
2019-02-22,550.9063696321634,551.2162068932724,542.673314598179,545.4840698242188,19152470
2019-02-25,547.0996844102749,550.1981752407047,540.3051890023434,545.4619140625,17176522
2019-02-26,535.369810658872,546.5685699194651,533.8206242395728,540.128173828125,22160532
2019-02-27,543.5808035935923,551.0392370096412,535.148536691583,541.5667724609375,24308835
2019-02-28,546.1037761145965,548.8038457853164,542.916760195535,544.9086303710938,24688859
2019-03-01,547.5422609049652,549.9103912857396,541.0133999644827,542.6953735351562,17329606
2019-03-05,541.5225297931514,548.7818118970608,539.3978719497628,547.8301391601562,15577500
2019-03-06,548.7816838409304,563.5214978834231,546.70128895691,559.8475952148438,26332276
2019-03-07,559.493577776652,566.4872253380775,556.9041346329068,562.2600708007812,17738092
2019-03-08,560.4009981991971,564.1191639460266,558.6083385798502,560.8657836914062,13211934
2019-03-11,562.171592664967,580.7402027272578,561.2641824047415,577.243408203125,21258869
2019-03-12,582.9090423710314,590.4781607218365,581.7360574304449,589.30517578125,24561597
2019-03-13,591.8061426746194,601.9867474570777,587.8666645373902,596.3652954101562,24577591
2019-03-14,597.4497089144025,602.8720089653071,591.4076752180963,593.820068359375,22753310
2019-03-15,595.3470866658552,601.4554838351395,580.3859605307946,585.0115356445312,34764353
2019-03-18,589.1503133216595,601.0794342108596,588.2650638397351,597.5825805664062,22104063
2019-03-19,601.9866738940681,610.8394625509037,594.5061398709255,609.3123779296875,21448030
2019-03-20,609.8656369626848,614.3805267326183,603.7572393047114,608.825439453125,21639437
2019-03-22,607.5197242067311,611.2378899295851,591.6733460571144,593.9086303710938,25078643
2019-03-25,588.9730844650911,591.7395768986418,582.8204251489317,586.2508544921875,17394088
2019-03-26,588.8404374331935,607.1213698963418,588.7076500196026,605.1959228515625,20734876
2019-03-27,609.9320140041797,609.9320140041797,595.0151502686878,597.2283325195312,22079870
2019-03-28,597.6710151211328,606.3245934275687,594.3733726565703,601.9866943359375,22930248
2019-04-01,606.4131020011401,622.7021032334529,603.1154596255492,616.084716796875,22088854
2019-04-02,618.8070210005278,621.0644661420826,610.8838022216285,615.1331176757812,17526740
2019-04-03,616.4831138425319,621.0201646238312,607.2983856558683,608.71484375,17169813
2019-04-04,610.3968352667464,612.4772302504579,596.3430591887059,598.910400390625,18320845
2019-04-05,602.4072136697757,603.7129859979176,594.4618939853823,599.28662109375,14717266
2019-04-08,600.2161424166632,600.8800793688172,585.9189530457305,588.3755493164062,19081843
2019-04-09,588.2206517980837,593.4437406042086,584.7237990427792,590.6773071289062,20774977
2019-04-10,592.2264894127251,596.675014637416,587.1582897123496,589.3272094726562,16651949
2019-04-11,590.0133624275286,598.888252928807,588.264965445455,596.1439208984375,12558520
2019-04-12,597.560333920002,600.6145623846402,591.651146738665,594.5061645507812,12948769
2019-04-15,595.3471988570321,597.0956551150056,590.9208335400103,593.200439453125,9285737
2019-04-16,595.3470744696564,601.9866210579718,593.1338922735513,594.7938232421875,17360317
2019-04-18,608.6262569615424,615.1551181712927,604.1998923495519,613.47314453125,39286534
2019-04-22,601.9867358910117,605.085227013863,593.7094175338176,595.5021362304688,23607922
2019-04-23,596.6749890513453,607.7408996911048,595.7897398383277,603.6907958984375,19807450
2019-04-24,606.5458650761914,617.3904643392481,604.7531466235507,615.0444946289062,16101112
2019-04-25,614.8675328682084,625.180984035765,603.1376235404474,607.4754638671875,30469914
2019-04-26,608.6262916236552,617.8995443334779,606.7229464587433,616.5051879882812,15069884
2019-04-30,618.0986958860659,618.0986958860659,604.9966511607613,616.5051879882812,22348580
2019-05-02,616.1511529555673,625.8449296649861,611.7690500980633,621.9276123046875,18992003
2019-05-03,623.2111958810029,627.4384094458284,620.8652259081734,623.6095581054688,14240262
2019-05-06,618.8069219399775,620.9315793269321,609.9983960458962,613.0083618164062,15832114
2019-05-07,617.3903973068092,617.4789222260629,593.2223852056566,594.68310546875,19417647
2019-05-08,593.1339293378248,593.1339293378248,571.9758802189367,575.1849975585938,31958919
2019-05-09,570.47090294577,570.47090294577,554.0712163675477,556.151611328125,42670173
2019-05-10,559.9361634824019,565.5576740793575,551.083433698049,553.8056640625,24557430
2019-05-13,552.3670646760603,558.0770407016413,543.3372265765931,545.3512573242188,17603659
2019-05-14,547.3209346445572,561.8615963834152,545.1077524862425,557.922119140625,28438234
2019-05-15,563.4772624034616,565.6904447842285,553.5621746080103,556.3507690429688,24419559
2019-05-16,557.700832340462,562.9903444412419,556.881947222031,560.091064453125,14451308
2019-05-17,560.8215462998704,565.2257509949617,554.1819389855777,560.9985961914062,17276949
2019-05-20,581.4484201856392,592.1159710878152,576.9777333643875,586.892822265625,26979100
2019-05-21,589.6814037049653,605.0851552655346,588.7297311552686,593.04541015625,30343560
2019-05-22,595.6348421452735,601.8538661321671,590.96500441242,593.3109741210938,24689918
2019-05-23,607.2983091066549,616.15103811441,586.4943604811834,590.433837890625,38766006
2019-05-24,596.6751596055866,599.2424421525802,582.7320668471959,591.73974609375,22269265
2019-05-27,591.8503232509513,592.0273731116835,578.5269075629556,580.1425170898438,16076686
2019-05-28,584.1925823748207,590.8321283245147,581.3375652064176,585.9409790039062,42594251
2019-05-29,584.7237883590988,590.168248475365,577.2653566726345,581.204833984375,15558515
2019-05-30,582.6214347720608,594.0193465659813,582.6214347720608,588.5970458984375,23494381
2019-05-31,592.2043550827968,593.9749125825582,584.3696632619011,588.77392578125,25724066
2019-06-03,590.9208203021954,605.1959101799933,584.8124221186443,602.0753173828125,18556942
2019-06-04,600.8579314460692,608.2942618509585,596.7193023793029,598.2906494140625,15442761
2019-06-06,602.8277324367702,602.8277324367702,584.7681141139942,587.5346069335938,16764835
2019-06-07,586.9148926672266,587.4903046969813,577.9072153490195,582.0237426757812,14722419
2019-06-10,584.6795298650989,587.3795991628351,579.8990657422914,583.9049072265625,11768468
2019-06-11,585.1000798331271,590.6994293154609,583.3959454068723,588.331298828125,11492074
2019-06-12,590.7879631289733,592.4257334309978,586.4943858289229,589.6592407226562,10297599
2019-06-13,588.7075426938709,590.7879375562793,579.2572408867777,587.4902954101562,15686169
2019-06-14,585.1222242324548,586.4944198237544,579.5892975904819,583.19677734375,14942768
2019-06-17,584.2811083320454,584.2811083320454,565.911656471692,567.5936889648438,14908257
2019-06-18,566.0887397819506,570.0946401914822,561.7509004667241,567.018310546875,16797371
2019-06-19,569.6300461630824,576.3138572230068,558.8739691826669,565.40283203125,14492763
2019-06-20,566.575698269597,575.428486953255,565.6904489489388,573.9898681640625,10748848
2019-06-21,573.6356905902745,573.6578513679913,564.6059123632908,566.3543090820312,23236832
2019-06-24,563.1010185325224,565.0043637095691,556.4393695082755,558.7853393554688,11267228
2019-06-25,557.2361269861518,574.5432253793795,555.1778335046871,573.591552734375,14966899
2019-06-26,571.4447530500222,577.4646257823792,569.3864597139271,572.8390502929688,11593027
2019-06-27,572.3963713113941,574.0562431959233,562.591910883796,563.9862670898438,24905533
2019-06-28,565.2919866149682,567.8371666041128,552.6989331392258,554.668701171875,18942165
2019-07-01,556.8598569334886,563.3223546770223,551.7252923519377,561.640380859375,13478857
2019-07-02,563.8978322942693,567.0184250293855,559.1837315656976,565.9118041992188,10146746
2019-07-03,567.8594159651082,569.4529239698368,564.3847234502912,567.7044677734375,8806492
2019-07-04,567.1954892433374,571.4448046030109,566.5757555607951,568.3463134765625,9351405
2019-07-05,568.8331631776572,571.2234546184956,557.7229883348122,559.205810546875,10926753
2019-07-08,556.8377460255429,561.3083734997786,552.4999059557646,554.2040405273438,14009219
2019-07-09,552.8317924411703,568.1249169517715,551.3047078871608,566.6199340820312,17535754
2019-07-10,566.5978610200226,570.7143885662242,561.5739233692843,566.0667114257812,12018196
2019-07-11,569.6741727579423,570.913580866762,566.265844780248,567.2617797851562,8608376
2019-07-12,567.9036808879804,575.4285371516787,565.7125999850862,566.797119140625,15692436
2019-07-15,568.7889060528559,570.7807762086532,562.3043067510758,564.8494873046875,10659498
2019-07-16,566.5536173225701,573.1710630706701,565.2699466652127,572.3300170898438,10070773
2019-07-17,572.9054171307107,574.100562827648,566.5757071030725,567.3945922851562,9482233
2019-07-18,567.4610232119414,569.4086308695252,556.8377355775831,558.5418701171875,11942908
2019-07-19,561.3526341456075,563.4551309237335,550.065350230861,552.85400390625,16336536
2019-07-22,553.7392768538886,568.5676179363936,543.2487760118573,566.797119140625,29092589
2019-07-23,568.7889053842914,572.7283832232471,557.9000427899266,563.7207641601562,20316348
2019-07-24,563.6986805761317,566.044650794516,554.8680510801075,557.32470703125,15189179
2019-07-25,559.4935652480942,561.7289085810165,543.1159789159576,545.1078491210938,21805071
2019-07-26,545.1078253964605,549.9768149769168,535.5910994760233,537.2731323242188,20387504
2019-07-29,538.6451793231373,540.9026236219621,533.4220323505817,536.011474609375,17626045
2019-07-30,537.3395146524581,540.0174823559394,520.5193056422527,522.7103271484375,20853117
2019-07-31,520.4307600937482,524.5251264768442,514.5215145756243,516.2257080078125,21229950
2019-08-01,514.9641169585354,525.9415616463125,509.18771817142454,522.422607421875,22628222
2019-08-02,523.532441715617,533.5738082205122,517.4764342690546,527.3842163085938,23766807
2019-08-05,519.6584357777235,519.6584357777235,502.2919775930398,509.12725830078125,30399133
2019-08-06,505.2976924922301,511.91033206904274,499.6202036889791,502.425537109375,29067994
2019-08-07,501.62395107472366,506.9897419231289,491.2040367114469,494.0093994140625,25349369
2019-08-08,493.54178609190376,515.6506357007383,487.73071417873945,513.134765625,31198568
2019-08-09,517.3652107876658,523.4434533759943,513.1126227962699,517.4765014648438,21970009
2019-08-13,549.1146074833171,580.1293294107402,545.9307552314694,567.6388549804688,104827144
2019-08-14,580.663783789375,580.8641307811267,570.1325471404525,573.650390625,31688983
2019-08-16,574.9638928058723,575.231061711341,566.8595315394489,569.0859985351562,21977767
2019-08-19,570.4442512567612,577.4576445072138,569.9766758533586,575.58740234375,16317602
2019-08-20,574.3405138780473,575.5873021365318,566.6814339182407,568.1731567382812,14969299
2019-08-21,568.0395377444942,569.3754416760677,563.9651229009006,565.9466552734375,10677848
2019-08-22,565.9467035825179,565.9689379340402,551.6750440617036,555.1705932617188,14031953
2019-08-23,551.7195912204171,571.7577958939527,546.1533935304763,568.128662109375,21307915
2019-08-26,576.2107097858199,576.2107097858199,560.6254400381222,564.0987548828125,19202504
2019-08-27,572.2029847207436,572.2029847207436,561.6049883649061,567.6832885742188,28401906
2019-08-28,567.1935013557762,570.4218813522989,559.3117811362898,562.5401611328125,11605488
2019-08-29,559.4900317737722,561.1821613132624,550.0720583561081,552.9442138671875,18890222
2019-08-30,554.6140294056329,558.5771544234956,543.7043332919267,555.97216796875,24735240
2019-09-03,553.1668553075369,553.5008462348404,534.3531428055209,537.2030639648438,18730619
2019-09-04,534.5979434098722,536.6908258693913,528.141183434771,534.8651123046875,32949395
2019-09-05,537.3811028363892,540.2309641543467,531.3696236710425,533.7296752929688,22995486
2019-09-06,535.6890247215708,547.2667026168646,532.2380032672461,544.3722534179688,23186819
2019-09-09,543.5484313072873,549.0478072829346,540.2087601059558,544.2386474609375,11747929
2019-09-11,544.3722356169108,552.1649008896854,544.3722356169108,549.6712646484375,12127900
2019-09-12,549.9384316970572,552.3652459694027,536.8913250448002,538.9619140625,11880005
2019-09-13,539.6965569354265,547.0438797819412,537.4255619137671,545.7525634765625,12947715
2019-09-16,529.4548132897087,542.8581433798865,528.1634374665119,539.1399536132812,20547730
2019-09-17,539.2513635093034,539.2513635093034,531.4586984555199,533.2175903320312,15640772
2019-09-18,536.5573055032447,541.6113996591116,533.1062843578578,536.8912963867188,14933909
2019-09-19,537.8485728999581,538.6723734072475,522.1742478115991,525.0241088867188,13766222
2019-09-20,528.9872248397661,565.4790838872689,522.9089837818785,558.5547485351562,48165560
2019-09-23,567.3717536957056,570.4220218464667,549.938473640637,551.8087158203125,21610844
2019-09-24,553.7679670566171,578.3481633555577,553.3894480019216,569.3977661132812,34958974
2019-09-25,571.7577776639475,576.6560528769686,565.0116138141937,569.7762451171875,18192270
2019-09-26,575.320108871329,578.3480825353281,571.5350972037298,577.45751953125,18350457
2019-09-27,575.5428572732922,585.561990193842,571.757844897735,582.9124755859375,19058663
2019-09-30,583.3354436432543,594.8017698849055,581.3538516822917,593.2432250976562,25263770
2019-10-01,595.3584688773351,597.5849362038297,575.8990695365911,581.0645141601562,17920384
2019-10-03,572.648469852276,585.428408104072,570.5555869425716,583.8031005859375,13524851
2019-10-04,587.7438805028344,591.6179488730752,580.5969035775893,582.4893798828125,14992253
2019-10-07,582.4893823323844,588.1446363696328,579.6395209613231,583.3800048828125,10061584
2019-10-09,582.7566465089587,592.2191475563906,575.5428471529523,589.903564453125,17588647
2019-10-10,590.0149434034656,609.6078688219752,588.2337575563017,606.8248291015625,35006390
2019-10-11,607.2477366748323,608.0938310517881,595.1580158763934,602.3049926757812,16597126
2019-10-14,607.8043907217964,607.8043907217964,601.525742419961,604.7095947265625,13394275
2019-10-15,606.7134368395299,610.0531675022813,603.0620090789482,607.4481811523438,9672791
2019-10-16,610.0086398066982,614.350224276401,607.2477751806866,611.099609375,19403660
2019-10-17,612.2796025393912,622.9666568670059,610.9436984546371,621.8533935546875,16038940
2019-10-18,625.1930686305542,635.8355938604333,622.8330172017672,630.6924438476562,28121951
2019-10-22,634.54428464092,639.8210196591194,624.9036715114763,629.712890625,27786502
2019-10-23,630.6702340196068,634.967289889059,615.9087056654171,620.0276489257812,18446160
2019-10-24,623.8572069872114,641.8471160772802,617.4227401722367,639.6428833007812,22642488
2019-10-25,641.7136436891757,641.8694625287847,628.421601103786,637.3052368164062,13539957
2019-10-27,641.6690086076726,643.4501942145495,636.7707333262263,638.6632690429688,3014841
2019-10-29,643.6728361854762,659.0354654669868,642.1588194992843,653.2689208984375,25768505
2019-10-30,659.0353968990061,661.0615168704819,650.2631136728371,658.6346435546875,16341366
2019-10-31,660.8166389822482,663.3325688124955,650.886563570956,652.0665893554688,19463741
2019-11-01,647.9031715622959,650.9311456801099,641.669051249015,648.7492065429688,13904301
2019-11-04,652.7567916180376,655.0277868325503,643.4946981510161,649.0831298828125,14063434
2019-11-05,651.5100516103723,654.1149784345749,641.6690319851688,644.474365234375,12685356
2019-11-06,642.4258900642089,644.0957253086756,636.102714813685,638.9525756835938,14625505
2019-11-07,638.9972235731321,651.4654032117422,637.7503758842035,649.5061645507812,14084039
2019-11-08,645.2313964399264,649.973734129593,641.8026095996164,643.6728515625,12019353
2019-11-11,640.8229381763804,643.116227364074,633.4533203520368,635.7911376953125,11357841
2019-11-13,636.770685668936,657.2097012891945,636.770685668936,655.6066284179688,25225749
2019-11-14,657.25431637005,659.7479525828084,648.2593909614728,651.3541870117188,14258133
2019-11-15,652.6455968983422,662.0635700076792,651.5323334784945,654.9611206054688,15691605
2019-11-18,655.7625618479275,661.7072190766786,648.0812471500655,649.7733764648438,14076051
2019-11-19,653.2466682094622,674.5763092701517,652.356105073382,672.2830200195312,30176255
2019-11-20,692.4548091499332,700.1806517569983,687.1780744035942,689.1596069335938,43538120
2019-11-21,687.9795281342566,692.8777434782081,680.6544394680069,684.684326171875,14897371
2019-11-22,686.6881628798455,698.8892327274816,684.6843366720202,688.6474609375,22352865
2019-11-25,690.7181960629307,696.7964379518986,690.6513741041939,695.3492431640625,15146156
2019-11-26,698.2659351892099,701.9395972615475,692.8778499230012,694.7703857421875,35330983
2019-11-27,694.636699251103,701.5610346187405,692.9222763090311,699.0451049804688,9642739
2019-11-28,700.2919340451285,705.4128499201177,696.417925337267,703.698486328125,13747479
2019-11-29,704.4331672085468,704.4331672085468,689.2486511776627,690.7181396484375,18559594
2019-12-02,712.4708300137888,718.9052971997955,702.2290568533912,706.4593505859375,31225364
2019-12-03,709.2424923491538,709.799064609307,700.2698008216605,703.0751342773438,12990426
2019-12-04,700.4478393142873,702.4516656991397,682.9700335019947,691.4083862304688,20987607
2019-12-05,700.8931300628573,703.4535881327247,687.5343269551083,690.5845947265625,19942460
2019-12-06,691.5420265271395,698.2214285325554,686.2429974104203,692.3880615234375,13085234
2019-12-09,692.9446854555637,702.407186386415,688.6475696603118,700.269775390625,12642677
2019-12-10,700.0248677357898,700.7150839240339,692.0540894895513,695.5274047851562,10173333
2019-12-11,692.6995673100904,701.1156245915085,690.4731005898814,695.7276000976562,12364641
2019-12-12,699.2233427990602,700.8264159286773,693.1673349928408,698.3104858398438,10326606
2019-12-13,703.5648862571924,708.0178801238153,700.1806870147386,704.8562622070312,12668303
2019-12-16,708.9084095503324,709.7544444582198,696.5960482571616,697.5979614257812,11892718
2019-12-17,697.664748110966,703.1195956735934,692.6774758966036,695.861328125,20324601
2019-12-18,695.9949630752343,703.5649282550722,695.549681497034,701.7169799804688,14742077
2019-12-19,700.7595267067665,719.1056609955814,699.9134917904707,716.9014282226562,20507816
2019-12-20,719.1502234523015,720.2857211455093,710.7341642408371,712.070068359375,21271510
2019-12-23,694.703552662622,702.4739238931126,693.6794050834533,699.7354125976562,25107772
2019-12-24,698.6221435556297,700.0248101711578,686.8663538680914,688.6253051757812,18048449
2019-12-26,686.4878562421779,691.5196564072455,672.461071963697,674.7988891601562,29761019
2019-12-27,679.9642809467703,688.5139241722563,677.4261167611049,686.799560546875,17677571
2019-12-30,688.4026855518733,689.1596642144276,680.4319077161741,687.6234130859375,17123749
2019-12-31,686.6436378766443,687.4006758831533,671.5259443984595,674.1976928710938,22203005
2020-01-01,675.9567319058502,680.0089133736869,670.3905929951953,672.2162475585938,14004468
2020-01-02,673.2849808364612,686.1762695678455,673.2849808364612,683.6603393554688,17710316
2020-01-03,682.6360622006584,686.4878962665452,678.1831277621862,684.4840698242188,20984698
2020-01-06,676.8473220199032,680.3651059474896,667.0508300218751,668.609375,24519177
2020-01-07,676.4019343098523,683.304036115152,673.9528263419015,678.8956298828125,16683622
2020-01-08,674.6208587574616,683.2817936051865,672.394391396721,673.7970581054688,16047902
2020-01-09,685.1297254143482,690.206053788195,681.8568169732863,689.3154907226562,14982742
2020-01-10,691.0520831577536,693.7461255846073,685.5972357997355,689.1596069335938,12478359
2020-01-13,688.0019166618636,694.0801585291999,685.0407051379933,687.4007568359375,18282382
2020-01-14,685.7531231921615,690.2060574437152,677.6710552541097,681.0330200195312,15816535
2020-01-15,683.9052024938248,685.708622508407,676.068009361063,678.5616455078125,15817859
2020-01-16,680.8548672498658,687.2448055274269,680.4095262908653,684.8179321289062,12847975
2020-01-17,691.7645940988411,705.7690846391494,691.6310096398801,704.0101928710938,29463471
2020-01-20,716.4785568422917,716.4785568422917,679.69722598457,682.3467407226562,32545850
2020-01-21,680.6768744071713,688.3581898620575,677.7378970312928,683.0369262695312,18922720
2020-01-22,687.534328261155,688.7588822425179,681.7900179448524,682.7919311523438,10322817
2020-01-23,684.1946393801801,686.621513138243,677.1590121473655,679.8975830078125,11247739
2020-01-24,679.9642896946181,684.1278207028573,676.201571520967,677.5374755859375,14628445
2020-01-27,674.576343167049,678.8288715307318,670.1678770715025,670.8580932617188,13387750
2020-01-28,671.7708873528463,672.3943409712025,651.7326826089246,655.36181640625,24532236
2020-01-29,656.385937187332,665.4476838598071,651.9330029814765,658.9686889648438,24746565
2020-01-30,658.5901121020851,658.9018091461028,641.2236583343256,642.8934936523438,22402689
2020-01-31,647.0124435342548,647.1237936333738,626.6180159566431,628.5995483398438,34750310
2020-02-03,610.0085691432375,623.3896651574961,606.9583015760081,616.9551391601562,30712290
2020-02-04,623.411935184783,637.8840014691701,622.4323157911366,635.167724609375,25383901
2020-02-05,638.9526598272524,646.9234370233874,636.9043647870463,645.0086669921875,18472100
2020-02-06,647.5023606854987,653.2466113131902,641.2682409254869,649.14990234375,15538577
2020-02-07,646.1220229365763,646.723182814012,636.0138334942661,638.3961791992188,12209212
2020-02-10,635.880267252831,643.6729331779045,628.0653669724759,639.2645263671875,15142476
2020-02-11,644.5188995976021,652.8904307204514,643.4724582072458,646.9012451171875,13999816
2020-02-12,648.4152429768247,656.742245701073,647.9031394730254,654.7161254882812,13533565
2020-02-13,658.0335539553153,658.0335539553153,651.2873305313852,656.4304809570312,13565659
2020-02-14,657.8109261027595,668.5870368609382,647.0570496970056,662.4197387695312,21227841
2020-02-17,663.0431510030807,670.6799378673376,656.4973336908605,658.2562255859375,13149130
2020-02-18,657.2097556655767,657.2097556655767,648.97180932506,653.4247436523438,11127161
2020-02-19,658.7460229239962,670.813509728984,656.8535465958774,669.6334838867188,14084409
2020-02-20,666.6055073331329,671.5037233050037,660.7276124968037,661.6849975585938,16892268
2020-02-24,654.4710730304506,657.6994528379005,641.0232160408293,643.4277954101562,21370214
2020-02-25,646.3000526686237,646.3000526686237,627.8648619763386,630.7147827148438,27745062
2020-02-26,627.8648537048206,628.9112950285784,617.7789594939649,619.8495483398438,29362748
2020-02-27,618.0683975689975,620.6511494965837,609.6078101962304,617.2891845703125,25054993
2020-02-28,603.329103417816,604.264254045817,590.014829470249,591.64013671875,39315769
2020-03-02,603.4182603911414,609.6078528086264,579.3724007114388,586.0740966796875,29500495
2020-03-03,592.1077777316948,602.8838887991839,588.6789907987993,597.96337890625,27398798
2020-03-04,602.0378101189941,602.8393168736188,582.4003001293128,596.5606689453125,22105261
2020-03-05,602.1269086434213,604.6873667976507,581.5543059975552,583.8475952148438,30510390
2020-03-06,565.5236515774449,573.6057788366949,552.654658716733,565.9689331054688,33734039
2020-03-09,552.1870935973562,552.6101407818697,487.59719353402716,496.12457275390625,88187018
2020-03-11,493.3860202311153,524.7569973633897,493.3860202311153,513.669189453125,59578576
2020-03-12,483.14426957764243,490.26895266015714,466.98007386558294,473.3477783203125,55970485
2020-03-13,444.40366683588684,507.6354328669012,419.64532802906,492.1837463378906,73297403
2020-03-16,472.2567802513006,480.7841591374453,447.5206784786443,452.28533935546875,38482258
2020-03-17,466.3344054216944,472.0119237181846,446.7192174587202,448.85662841796875,45445979
2020-03-18,456.5601919681001,461.28032501489446,427.9277857781092,431.2674865722656,44730415
2020-03-19,409.7151896990176,430.5994865298506,397.2914791604129,408.646484375,61404010
2020-03-20,418.3539154289049,460.8349919401429,414.1236220114131,453.2872619628906,63360475
2020-03-23,407.9785404343475,423.02950129195114,389.9218699453738,393.662353515625,40670949
2020-03-24,414.1236553813101,431.9354232678665,398.8946097412174,420.0906066894531,45734887
2020-03-25,429.17459327724464,512.778550360912,428.9296884312166,481.919677734375,73130298
2020-03-26,487.9534251497577,497.34913321338615,464.15244304869213,474.772705078125,45744488
2020-03-27,487.59718710077345,493.0742985498193,465.86682419167437,474.5055236816406,41657940
2020-03-30,463.37318015277566,478.6022243792753,454.2001132600208,458.8534240722656,30229866
2020-03-31,478.2237906959417,503.09345030601094,466.6684068629954,495.9465026855469,44292810
2020-04-01,499.7314374197435,500.7778787446454,465.42154418897144,481.1181640625,41597459
2020-04-03,505.1640473665368,505.1640473665368,470.36428521360847,479.7822570800781,41367807
2020-04-07,490.7588355221403,540.58724198078,489.8237144682163,537.0694580078125,54373624
2020-04-08,525.447103518034,547.2665489797837,516.5412365296276,530.857421875,49880330
2020-04-09,540.5871800325931,548.9587106749909,531.2360300150857,543.2366943359375,33032857
2020-04-13,536.1120125498173,541.0325221376103,525.4471928092958,529.5216674804688,23673784
2020-04-15,533.0394274350746,550.3836477833194,508.97127785494433,512.0215454101562,35321842
2020-04-16,512.0215540116548,528.7646148704049,509.8619089009577,520.1259155273438,37455706
2020-04-17,541.477788467049,547.7119081332823,531.0801379395491,545.0401000976562,33269335
2020-04-20,545.9307453957434,559.7348298724658,535.2436911572639,553.8569946289062,36030932
2020-04-21,538.8059664932713,557.5083250081677,518.3224819342147,550.9848022460938,61371628
2020-04-22,587.7883765401166,616.6879797457742,578.8825082607582,607.2031860351562,142683366
2020-04-23,608.8731391707544,617.1110859522549,602.6167250854138,610.4539184570312,65464502
2020-04-24,601.2140016546114,665.6926093550011,599.9003914322975,630.98193359375,134986308
2020-04-27,638.5519000387314,656.8089776563307,633.6536843523593,636.659423828125,58482901
2020-04-28,645.6766910891598,648.1035053145215,619.9164097345322,635.947021484375,78453401
2020-04-29,643.4056688448253,647.3019715047586,632.3178017703171,635.41259765625,37494672
2020-04-30,647.4356605740215,665.6927417606581,640.3555045759841,652.8014526367188,71345899
2020-05-04,641.2237145072914,652.3560500195231,631.1822890196224,639.0863037109375,53456868
2020-05-05,647.3242698899517,658.5901902105282,644.4298209519568,650.4190063476562,44903763
2020-05-06,651.9107566845831,661.2396721044524,643.6728107196592,650.4635620117188,40489094
2020-05-07,647.9030735523609,674.0195767371007,643.45013963793,671.0360717773438,50026966
2020-05-08,687.9796035544326,703.5203455803562,684.4617604589652,695.4605712890625,84262770
2020-05-11,703.5647933551589,719.1501212050276,700.1360664102885,702.139892578125,67085063
2020-05-12,696.79641276918,698.3772514173569,652.3560664564766,658.7014770507812,100683202
2020-05-13,686.409748828676,686.409748828676,653.5951127082542,672.6770629882812,66430125
2020-05-14,660.3377319199246,672.789324791763,642.8291322565639,645.4812622070312,49266771
2020-05-15,649.0998481549159,659.3038688511236,636.1088647098294,656.0223999023438,62152260
2020-05-18,660.7873261418357,666.181474909855,641.9076865534937,647.6389770507812,62796089
2020-05-19,654.9436171986698,657.0563561877386,630.7821895369445,633.3218994140625,42315854
2020-05-20,633.8164459231173,650.3810982575258,626.1746653038855,644.469970703125,55320985
2020-05-21,645.054274887475,656.9439458804737,640.5591310175457,647.86376953125,39167981
2020-05-22,652.6061872445827,655.3931503743523,641.233434844536,643.5034790039062,37828973
2020-05-26,650.9654432802158,651.6621989470918,636.6483627789014,640.1321411132812,33216635
2020-05-27,643.2562252592883,653.5950802585778,634.7154397533718,649.7966918945312,35667956
2020-05-28,654.0446253357239,665.1701253155293,651.3475506452044,661.7987670898438,40126278
2020-05-29,659.8882522484166,661.6863216286777,652.9882315987021,658.27001953125,40022527
2020-06-01,665.2825298829506,691.5117545227077,663.4619881609007,683.4204711914062,39943702
2020-06-02,685.9601831154127,692.2533963499591,683.622663148201,690.3204345703125,22153960
2020-06-03,694.5009280550352,701.2436433909791,689.2640251716484,692.9950561523438,25381289
2020-06-04,694.0514268333575,714.5044150378368,692.7029193183236,710.1441040039062,34202350
2020-06-05,716.976712812966,727.3155677405333,707.4020299835134,710.9981689453125,33076685
2020-06-08,727.4954324920736,727.4954324920736,703.4913080333477,705.5140991210938,31414953
2020-06-09,701.3785617206731,711.5825840206448,689.1068040465735,690.9722900390625,25857161
2020-06-10,693.6468614517847,710.0317358884901,692.2758817982025,706.705322265625,22132647
2020-06-11,703.9407414982666,704.8172743086072,688.2077385143969,691.219482421875,20385805
2020-06-12,674.2727936948124,716.0777164159133,672.9242267053721,714.1897583007812,38548899
2020-06-15,703.4913585731487,731.3388178242635,701.7382332043936,725.7648315429688,53107403
2020-06-16,738.5534152661882,741.0481806936685,712.6163324095153,727.1806640625,51187003
2020-06-17,722.9327480146142,735.159560417052,720.1682571993283,726.1243286132812,41782053
2020-06-18,722.3709596460744,748.4428198793569,721.7416204317783,744.3522338867188,40471557
2020-06-19,750.6903840730492,804.092782405198,747.094304408189,790.8770751953125,105804173
2020-06-22,797.1702444845414,811.0152901303186,779.90883714488,784.9209594726562,60198705
2020-06-23,786.6515522559022,792.83240486235,771.4129953643138,773.5706787109375,37962078
2020-06-24,780.3133128329378,796.8554906405585,769.4350680793638,776.6947021484375,51586221
2020-06-25,776.3126926255497,786.2020448440715,770.0419514480267,772.2221069335938,39679374
2020-06-26,777.1218971867132,787.5506408989148,771.8175772674693,782.8981323242188,30921913
2020-06-29,776.7847199037966,782.0440358258111,771.1657900960829,774.5820922851562,25621946
2020-06-30,780.807914512527,782.6059245493964,762.1754677566296,766.0188598632812,30276420
2020-07-01,773.1661294381369,786.2020588284339,767.7943931621406,781.0775756835938,28464103
2020-07-02,786.6933471641555,797.7964291606368,783.1051378323464,794.524169921875,28789533
2020-07-03,803.3027790862244,809.2605842388523,797.9769338084662,806.9586791992188,29434266
2020-07-06,814.6766894354603,838.5979258395846,808.8543255351691,835.7996215820312,47016185
2020-07-07,839.5006450288294,841.463976689244,815.2634586435034,823.0039672851562,35189589
2020-07-08,823.2748204715693,828.1944614496679,807.9065609306946,811.517333984375,26204095
2020-07-09,816.4820182311743,828.2169399112072,806.2139095305935,823.364990234375,36418942
2020-07-10,825.2833506758969,850.6037702244128,823.3650864259226,847.6474609375,43759967
2020-07-13,859.066414273634,879.0835514065949,857.5544142629645,873.3515014648438,69608392
2020-07-14,872.9001111198423,876.3754426124376,851.8223070969156,865.2272338867188,67331128
2020-07-15,874.6829238098223,893.1203699369507,811.5173183412455,832.2791137695312,139669773
2020-07-16,833.6331186808312,843.5627139468717,818.039164673242,832.00830078125,60961724
2020-07-17,832.7305263268679,866.5813597597964,829.5710849624811,862.835205078125,49726765
2020-07-20,865.5883422314392,871.9974193757844,857.3964422325445,866.5361328125,36592938
2020-07-21,875.1569121232839,892.3079949125722,874.0285529843062,889.84814453125,42173371
2020-07-22,895.0159986639695,907.202312550526,884.9510213382299,904.4942626953125,59771457
2020-07-23,904.4716734406272,938.6610205330575,898.784750623047,928.776611328125,58333751
2020-07-24,928.8668185460966,976.2579590026274,928.776564146926,968.65283203125,120597372
2020-07-27,983.3892613715004,992.4161339989756,960.4158156178775,973.1888427734375,80304827
2020-07-28,973.1888610354255,990.2496888244225,970.6838835389933,982.8927612304688,55114422
2020-07-29,982.9830381867582,985.1945694094204,934.4860429521891,946.311279296875,72663399
2020-07-30,947.372003332624,965.7416994124951,935.1856889845394,951.8177490234375,72857444
2020-07-31,954.3678774596883,960.9123366610667,926.5199162983887,932.97412109375,74958061
2020-08-03,925.8427641229805,928.4154321923008,904.0879333721077,906.7509155273438,46715383
2020-08-04,911.9865832893145,978.0633706821992,902.8017056351508,970.6613159179688,92041055
2020-08-05,978.9659556657679,991.1522082950584,956.0827672059488,959.76123046875,74549993
2020-08-06,973.549849744725,978.379235802318,951.3436873807514,963.2140502929688,49322975
2020-08-07,961.2733354792168,973.9109808198931,956.9404677314833,968.7882080078125,32984416
2020-08-10,974.497761802115,977.1606844285126,951.4791890501768,956.782470703125,26958997
2020-08-11,963.5300059793976,974.9039101007246,947.9811795142966,963.0786743164062,46828306
2020-08-12,957.3014618538515,968.1337801877427,950.8923849420117,960.2803344726562,30264617
2020-08-13,960.4609991024712,965.3806401973786,952.3367893848268,957.7755126953125,24830322
2020-08-14,958.0010455824508,973.5498723174301,942.9713010071719,954.0518188476562,33224635
2020-08-17,950.0800072856482,950.0800072856482,934.3281075225127,943.919189453125,30979066
2020-08-18,941.0531171539242,963.3044077157676,939.8570673079405,956.1957397460938,30547672
2020-08-19,966.3284079855683,972.1958989128857,957.4594807962734,962.0631713867188,34087543
2020-08-20,956.850185253758,958.6104445458395,942.4071530026558,946.4918212890625,22537845
2020-08-21,955.9475181738237,957.7529046597705,937.4423813079499,939.6314086914062,25280895
2020-08-24,943.9417586729289,949.854317250222,934.5086218851164,945.9050903320312,32717218
2020-08-25,950.5313951315512,952.9235547016002,937.8937489378307,939.7442626953125,19388008
2020-08-26,941.0531605726751,969.4652701628314,923.9020783795879,964.658447265625,59870421
2020-08-27,969.4877405831154,970.3904635913942,949.290096731151,952.6074829101562,28085062
2020-08-28,956.8501848269598,962.6725488024437,950.6442396447251,955.112548828125,27166900
2020-08-31,981.2227244337602,981.2227244337602,929.9274278526689,939.1123046875,62076132
2020-09-01,947.8232164171761,957.9333200606449,930.8526447960281,942.068603515625,38616258
2020-09-02,944.2125354209737,964.9743904615849,941.0531538410881,960.5512084960938,26949439
2020-09-03,960.4609045761807,965.3128543894694,949.177314241105,953.2845458984375,18586429
2020-09-04,940.3986668867657,946.4466666938623,935.2758940537118,937.55517578125,28475945
2020-09-07,940.6017681981718,950.4184857636033,922.6607820696723,939.992431640625,21926473
2020-09-08,944.2124909097532,957.3014676946553,939.0220273942846,951.02783203125,27397082
2020-09-09,941.053135941398,978.4244265500107,939.4508218895586,975.5132446289062,55310877
2020-09-10,985.3300156152798,1058.3801472724467,981.8320607367515,1044.4110107421875,140304404
2020-09-11,1043.5085116113075,1055.1756852691165,1032.2700464158145,1047.00634765625,59470807
2020-09-14,1049.3758922384438,1065.1729199258552,1029.9679721043801,1039.2431640625,44063445
2020-09-15,1043.4858431799203,1049.7143521325797,1032.7437783357252,1046.60009765625,27178393
2020-09-16,1047.1189617708817,1069.3928153950412,1042.8538446608136,1049.172607421875,33952295
2020-09-17,1047.1189158166728,1053.302416097168,1034.4135806713612,1037.5279541015625,25828669
2020-09-18,1044.52376716858,1046.8707395543606,1027.5080681415218,1040.664794921875,33074915
2020-09-21,1038.0921685931473,1054.3405874780703,1014.3288768661703,1018.1654052734375,33627381
2020-09-22,1027.7112111815643,1027.7112111815643,993.6573068799258,997.990234375,34792254
2020-09-23,1020.0382988528453,1027.5982979767925,995.3497831191984,1006.8590087890625,42988708
2020-09-24,996.5234072507043,1004.6926843399245,982.1480654339798,984.4725341796875,29826318
2020-09-25,987.9929866283342,998.7349916951074,978.1988318727759,993.7250366210938,28374935
2020-09-28,1005.1440030800964,1010.1088306263572,996.1396943292455,1000.2920532226562,19666849
2020-09-29,1004.2412750821471,1021.8436272783866,1000.2919888371054,1013.2907104492188,25842539
2020-09-30,1020.0384044786468,1023.1977860425367,1004.2413772750692,1008.4614868164062,24465159
2020-10-01,1021.7534063617467,1021.7534063617467,999.276480594019,1004.3541259765625,20783227
2020-10-05,1012.8168289308439,1015.1412378353376,995.665807141331,998.464111328125,18922799
2020-10-06,1004.3541775876134,1008.2582772733267,993.7024274130506,997.629150390625,18412175
2020-10-07,1008.7547434205927,1042.154241671535,1001.9845893759028,1018.9100341796875,53170865
2020-10-08,1019.5869668804303,1023.6491310362912,1002.9324042401191,1010.6729125976562,21077808
2020-10-09,1008.754766738928,1016.8789756571788,1000.6756850189712,1008.05517578125,18545499
2020-10-12,1008.7548267067875,1018.1201535189876,1004.8055997006869,1009.6800537109375,14226473
2020-10-13,1006.7689180188713,1031.6606295627953,1004.6250177214829,1029.38134765625,23112012
2020-10-14,1028.5689032035948,1039.8976215416956,1023.8748385588287,1032.450439453125,26742011
2020-10-15,1033.5787209899615,1033.5787209899615,990.7010157207518,995.8914794921875,20036197
2020-10-16,999.7279451318866,1007.6263990747995,980.6134716986062,982.0352172851562,21583600
2020-10-19,988.466891534098,1005.9113606750328,972.7149909324551,982.2157592773438,31200385
2020-10-20,983.4795214556434,989.798344269808,971.40602552376,973.053466796875,18482288
2020-10-21,978.5147603722606,989.3470196032074,946.8077683832299,958.9263916015625,34082321
2020-10-22,960.1902106703707,962.4920562448705,943.7612818342515,950.960205078125,30802210
2020-10-23,950.5312523183716,963.620228261292,946.1983849291627,953.7132568359375,23422125
2020-10-26,948.7034169019341,948.7034169019341,911.0387387404159,915.822998046875,37324416
2020-10-27,918.4407016571695,929.7017279504099,904.9455209838884,918.2601928710938,36478896
2020-10-28,921.5549423109278,928.7313602939352,906.0287395604777,907.856689453125,29924017
2020-10-29,901.3348351173212,921.645358569465,898.6267852210569,914.8300170898438,30655304
2020-10-30,917.8088456567091,932.0713684328344,912.5281277212341,927.287109375,34021563
2020-11-02,914.8751840367496,914.8751840367496,839.1170566069392,847.3766479492188,99366895
2020-11-03,853.0409611809424,861.6165021715815,828.2621884933044,835.167724609375,88691623
2020-11-04,829.1197275153525,870.6434375225641,829.1197275153525,863.5121459960938,80180117
2020-11-05,882.3557933334056,885.063843200435,871.9974294692396,882.3783569335938,37205373
2020-11-06,898.1754160907856,920.7425971059893,892.8269476303738,915.8455200195312,66674086
2020-11-09,930.7173580690493,933.831612463532,918.9372485037195,925.572021484375,35838510
2020-11-10,937.4424565059559,943.3099481329342,921.2843506217042,940.85009765625,36934242
2020-11-11,942.858502861752,945.5665526357731,892.8043809348467,901.425048828125,56724780
2020-11-12,894.1133176465529,906.502703689629,886.8917719189561,893.6619262695312,40046527
2020-11-13,894.564633496026,919.2305871473199,894.4518154997988,901.06396484375,45388670
2020-11-14,909.4139110537326,909.5944198559474,900.5901107359409,903.7269287109375,5226220
2020-11-17,941.0532293885002,941.0532293885002,895.9187427136874,899.642333984375,46542562
2020-11-18,899.6422957138947,905.6226647867821,884.6802404612616,896.9116821289062,30402290
2020-11-19,896.9115763734393,907.4053210540029,888.3360360257459,890.5701904296875,27796343
2020-11-20,891.4052025799142,895.3770527052618,855.2976532438502,857.3287353515625,57471248
2020-11-23,880.5730036765486,889.1485449890283,869.4022304000791,880.4376220703125,45327567
2020-11-24,886.4405101290448,890.953946718642,871.9974772270936,886.4630737304688,30936268
2020-11-25,893.6619486348033,899.5068761620935,876.6011807335245,879.128662109375,32637879
2020-11-26,881.4982370696008,886.8917730806558,871.1173098416299,881.2951049804688,25838637
2020-11-27,875.8338420233673,882.8748194602481,867.2131737985623,871.0044555664062,47336811
2020-12-01,875.7661090949532,887.4559636242224,871.1172913559293,882.3331909179688,19750687
2020-12-02,883.9581161119759,885.5378667077028,873.3515518250487,883.8001708984375,22188887
2020-12-03,890.0512832775495,894.1585153494483,884.0257869322113,886.4630737304688,27785372
2020-12-04,888.6970756793756,888.6970756793756,875.608099880793,878.6546630859375,18464552
2020-12-07,875.8790518310219,886.891820126114,875.8790518310219,883.8226928710938,18242188
2020-12-08,885.1541851802805,909.1205496272892,880.1216664908698,899.8679809570312,43403061
2020-12-09,907.179721423537,917.9442894095523,902.3503351540464,914.8525390625,29175254
2020-12-10,912.437912349106,915.552166728337,903.1402167199674,905.8482666015625,16065507
2020-12-11,908.556276462948,919.8399265746882,891.0666814664153,905.306640625,26944202
2020-12-14,906.2770801525107,909.4590851843236,896.5280523361688,898.76220703125,17312747
2020-12-15,898.039915449366,898.039915449366,885.1314481712016,891.11181640625,18551265
2020-12-16,897.272697360613,900.40957493361,887.2077202532149,892.1047973632812,18561011
2020-12-17,895.6929942485893,904.9455622584525,892.3756079246118,896.189453125,20252358
2020-12-18,893.7071594170455,904.9004961820984,886.8918178223723,898.875,18466344
2020-12-21,907.2023343255363,912.6184341659626,837.3567682633857,875.4727783203125,44135540
2020-12-22,879.6703154945026,884.13862467934,852.3413781920493,874.1187744140625,28140001
2020-12-23,871.0948148980669,880.7761519150498,866.8747051215936,877.345947265625,19501410
2020-12-24,878.7675857883312,902.1472362313513,878.2711268911072,900.0485229492188,20776988
2020-12-28,905.7129083554405,910.8131178458168,900.5675716632815,904.1783447265625,17221499
2020-12-29,906.7509753463718,908.2404117114976,894.8128611333499,898.197998046875,18611939
2020-12-30,900.5450189082468,905.9385552751692,891.6535274403722,900.6578369140625,22043630
2020-12-31,899.7551043755919,908.0598221912284,893.0300772883096,896.0540771484375,18781189
2021-01-01,897.27275515116,901.3348599535196,894.5647051802756,897.047119140625,10015175
2021-01-04,900.4772253363753,902.1922975973049,888.2457850636894,898.5590209960938,24513534
2021-01-05,888.6971735420237,895.286819208082,882.8296824610696,887.3883056640625,24123091
2021-01-06,887.2979208301023,887.3430480265655,859.8787914584216,863.9860229492188,46401468
2021-01-07,866.8069639014568,877.8649187321673,859.8788642012053,862.5869140625,32325918
2021-01-08,865.6786654184649,874.8861072218933,863.015742571038,872.7647705078125,27540187
2021-01-11,875.0665066757083,875.0665066757083,854.1692713388484,856.3131713867188,33307825
2021-01-12,858.9085175986027,884.635142526268,857.5093355120424,883.3037109375,41161546
2021-01-13,886.2373008139729,891.3826371793065,865.8817107313442,875.0665283203125,26619458
2021-01-14,877.8649670437152,887.7494361349055,875.1794806347706,884.9059448242188,21553242
2021-01-15,884.9058318391973,890.86357691647,866.6038285437963,874.4572143554688,20593268
2021-01-18,879.7154868801754,901.3348792931557,868.0933816341949,895.44482421875,35100458
2021-01-19,900.2741041573885,916.6804669801634,900.2741041573885,910.0908813476562,32006615
2021-01-20,912.3475752102067,928.8667555895526,903.320643603404,927.3773193359375,30924537
2021-01-21,939.6991037539394,956.8501859101181,936.539722158253,947.552490234375,39087742
2021-01-22,952.7880800202875,954.7514714069698,918.5536065523528,925.0755615234375,30532660
2021-01-25,918.4633177239738,918.4633177239738,871.9974047459384,876.0595092773438,54207104
2021-01-27,868.8380370064367,868.8380370064367,852.13828693381,855.2976684570312,42370131
2021-01-28,848.5952770841457,868.0708291399083,844.0141496085763,846.970458984375,34067814
2021-01-29,854.9817319108826,863.4670185270817,825.9602859922227,831.3538818359375,43712383
2021-02-01,839.2298143671649,859.8111004411335,834.084477925657,855.43310546875,34180952
2021-02-02,863.9860695183817,875.6081736879117,837.2213427448476,869.1990966796875,41470034
2021-02-03,870.3275152709535,881.0243335187519,857.554427887479,871.38818359375,30301696
2021-02-04,868.3866534338506,875.6081993096957,859.8111124753323,868.5220947265625,25626981
2021-02-05,871.1172335221336,877.7068785068558,866.5812340802343,868.2737426757812,20248046
2021-02-08,872.4712846072483,888.6971388465231,870.6659579070334,880.7760620117188,21183400
2021-02-09,885.5152551213864,897.9948961529354,881.1597638793062,882.8973999023438,19604141
2021-02-10,881.8142219915239,895.8058629486737,869.8761074541144,891.0892944335938,21234156
2021-02-11,893.6619528050209,931.6652040177879,890.1640575276463,927.8287353515625,42539278
2021-02-12,927.7384783498696,937.8937101488065,909.6395460369704,921.4647827148438,30497029
2021-02-15,924.375996830397,930.3563061780627,913.9725053748315,917.4027099609375,15791099
2021-02-16,920.6297689320974,938.5255683500038,918.4858688517324,929.5438232421875,21421660
2021-02-17,929.7695608351663,945.9954169139945,925.5269471013708,940.2633666992188,23742994
2021-02-18,941.0531321070791,951.6145681859424,929.3632772705301,933.244873046875,18646877
2021-02-19,928.4155145358285,950.0574695218014,926.745509641073,938.9318237304688,23403483
2021-02-22,938.7964367473062,943.2647459186029,900.4096042931712,906.3447265625,23804335
2021-02-23,924.3534067368045,926.5649977273687,908.8271426020757,913.2728881835938,25644108
2021-02-24,916.2291858661802,932.1390906998175,914.4914901976813,930.2208862304688,10807663
2021-02-25,936.9909986645049,971.2931609562635,935.6369439506498,967.8403930664062,34855693
2021-02-26,955.4961387654923,963.123829134179,934.5988434646592,941.4141845703125,37481215
2021-03-01,952.4270463705083,953.2395150981274,930.8979084680462,948.5906372070312,17680764
2021-03-02,957.752856616694,961.3635697154016,942.9036206682259,950.5313110351562,17150760
2021-03-03,957.3241328149178,1001.9395335212855,951.0730007855624,993.9055786132812,31924461
2021-03-04,983.9307553112692,988.4216276043541,973.8657789482086,982.0576782226562,21435754
2021-03-05,973.0985692708165,998.3512962856287,971.7670781260525,983.3440551757812,25511666
2021-03-08,978.7403773670584,1007.3556183257853,978.5147413680846,988.9407958984375,19506841
2021-03-09,992.9576927650287,999.1862609710787,968.8559482883367,988.9181518554688,15154484
2021-03-10,996.1171267701603,999.7730267712369,979.5301951697431,984.8109130859375,11519358
2021-03-12,990.7010162557301,995.8463528292266,958.6104430105866,964.7938842773438,16864952
2021-03-15,965.899662068002,969.894016181107,939.022056998036,951.8402709960938,16698099
2021-03-16,954.142054646313,959.558213666829,945.7922099765842,948.0940551757812,13873801
2021-03-17,946.9431947370554,949.1773492874154,918.5310260738679,927.6707763671875,19210236
2021-03-18,935.5918936777657,940.9629260845496,903.1402423037733,906.796142578125,20647480
2021-03-19,898.6267197251416,945.9501672736187,894.925692603433,939.6990356445312,41787429
2021-03-22,934.7342566902689,936.0882516774249,917.6734303772165,930.8526611328125,18572478
2021-03-23,930.6497285616952,952.2014305220086,927.9642420903879,942.1815795898438,17421165
2021-03-24,938.6835185270156,938.6835185270156,920.9231603023551,924.0374145507812,16822814
2021-03-25,927.0614339788925,927.0614339788925,895.9186520687285,898.829833984375,22001648
2021-03-26,908.1049928320286,908.8722746334809,890.818529006779,900.274169921875,20180202
2021-03-30,906.2995626603248,924.7595715908199,898.8749446091667,915.9132080078125,20441701
2021-03-31,910.8130997767836,925.210945158364,902.2374989986004,904.0880126953125,16250796
2021-04-01,910.813084242052,916.2291839450849,904.1105608753422,912.5507202148438,11723312
2021-04-05,913.9499154284324,913.9724790288182,885.582933146535,899.3489379882812,14875099
2021-04-06,904.4942743627021,904.9230424620014,888.6971873373794,895.602783203125,14009194
2021-04-07,902.6888544411458,923.8569132620463,899.6648545655975,903.9751586914062,24266353
2021-04-08,907.6537426263076,912.6185111810149,899.5295324880082,905.1036376953125,15369188
2021-04-09,901.989335355401,905.5549215962554,893.6619935421585,894.5872802734375,14037885
2021-04-12,884.1837415365642,885.2669734194948,857.6672732350632,862.5869140625,20901482
2021-04-13,868.3866470158723,875.8790157297038,865.6109063786529,871.9071655273438,19411189
2021-04-15,869.4246806200028,885.0863247656745,863.4218084533044,877.5488891601562,19723716
2021-04-16,874.0736236379038,880.0764962565872,869.492436882543,872.0425415039062,15656948
2021-04-19,859.3598210383852,864.9564895083129,853.0409979470431,858.3217163085938,18478808
2021-04-20,862.2934748740392,866.1298835841033,853.2440391612164,858.0734252929688,17203668
2021-04-22,854.05647971313,864.0763296197583,847.0380660893645,860.4429931640625,14490954
2021-04-23,860.262540485022,866.0848449417196,855.4557174605446,859.517822265625,11828857
2021-04-26,866.5813583165724,885.5378273951245,862.7448895453444,874.6378173828125,20846778
2021-04-27,875.6081964100579,901.4250736005504,874.8183510247649,897.5661010742188,19992524
2021-04-28,901.7184741400474,906.2996013229371,893.7297060704715,901.47021484375,17122437
2021-04-29,913.0245579839406,922.7736442808828,905.9836407520165,913.5436401367188,17412606
2021-04-30,906.5253048610995,918.9372550182458,897.0696639164535,900.2064819335938,19828769
2021-05-03,887.3430555100857,893.2105461727255,877.0073157472597,884.2062377929688,23640186
2021-05-04,880.1216239409943,888.1555786981006,862.5192105636345,865.0466918945312,21849830
2021-05-05,868.0933376376232,874.9311830141904,861.1877417678091,866.62646484375,12393609
2021-05-06,867.4163469186785,873.3515291463112,860.5333143582229,871.546142578125,14624666
2021-05-07,874.5926935213764,882.6717759114722,869.2894115930914,871.8846435546875,12288548
2021-05-10,875.1568754240988,878.677334300937,867.010102487007,869.379638671875,13941237
2021-05-11,864.324640162575,874.9537675806936,862.0678622246373,872.5165405273438,13478264
2021-05-12,871.1398768410697,872.4036175039552,860.7138223730607,863.4895629882812,13177961
2021-05-14,870.2145443263449,876.5108030934095,860.2624453618109,874.3895263671875,13291616
2021-05-17,874.3895393110239,886.1921519936135,871.2752254332202,884.7930297851562,11873078
2021-05-18,894.1133650520243,903.8623926091062,890.2768962963072,897.2501831054688,12064918
2021-05-19,893.6619198826413,910.1134700489604,890.0512067367108,901.3573608398438,16317002
2021-05-20,901.7410386469029,907.6085298258828,894.1133478678807,896.0992431640625,11422532
2021-05-21,899.0780871843959,907.0217278069957,896.3700373777015,903.8397827148438,10785605
2021-05-24,906.2995151967815,907.1119838096187,894.5645936578591,896.2119750976562,8551760
2021-05-25,901.0639435208391,901.3347663974367,884.6350172082499,886.0567626953125,14780102
2021-05-26,891.4052973188182,893.4363796423949,887.0273019371077,889.171142578125,7480204
2021-05-27,889.2839988316376,899.5294855338184,885.6506620923865,891.9017944335938,26819294
2021-05-28,898.1754320907405,950.0800090423911,898.1754320907405,945.476318359375,56469931
2021-05-31,948.7259715836556,989.2115769657272,941.0757172389948,975.0393676757812,59124142
2021-06-01,977.611970938607,993.8603885283871,968.8107347954659,978.9208984375,28013832
2021-06-02,973.5498427606852,997.2454412183025,973.5498427606852,993.5218505859375,24630162
2021-06-03,1002.4359457378657,1015.5249829566307,991.197541606595,997.313232421875,23974257
2021-06-04,999.6376853522006,1000.382403586374,985.8491162192327,988.6700439453125,14468646
2021-06-07,993.8604245557929,1011.9141694726093,986.1875471509084,1005.3245239257812,16336573
2021-06-08,1004.9635840254113,1005.2117836404444,992.1228056254331,999.5474243164062,9674735
2021-06-09,1001.5332651004173,1002.4359284900111,973.9786921208427,981.6741333007812,11409161
2021-06-10,989.97879594458,1006.4980364625192,982.8250009526113,985.2848510742188,14155653
2021-06-11,988.6745798453265,1009.1011952964063,987.4063735342977,1002.3753051757812,13762778
2021-06-14,1003.2133236938203,1022.8019971914159,994.1775627019242,1016.7555541992188,20332436
2021-06-15,1024.0475051449755,1030.3430126999276,1014.6720508016263,1019.0653686523438,15174215
2021-06-16,1016.7554817175181,1017.7292188167856,999.0689992893482,1001.6732788085938,10797349
2021-06-17,996.4193416411849,1012.2714997953356,987.315715260484,1003.5075073242188,15745975
2021-06-18,1007.9688774088152,1012.2716262697277,989.3312995663522,1008.0368041992188,29369026
2021-06-21,998.0045452008349,1017.9328482894455,996.4872742197637,1013.2904663085938,12186448
2021-06-22,1020.8769459855561,1024.0474616919707,1005.1833424900376,1008.08203125,12871913
2021-06-23,1019.0652413259819,1019.336948449686,997.1892837583877,998.8424682617188,16653951
2021-06-24,999.5220147850201,1003.0321047923691,969.2444560255766,975.3588256835938,91461975
2021-06-25,975.3587188779936,975.3587188779936,942.5674531142881,953.14306640625,55355022
2021-06-28,961.0918688993542,963.1299720367883,942.5222185353294,944.7868041992188,20277042
2021-06-29,946.3720075153033,955.2039275943256,943.9262837366043,945.60205078125,27144063
2021-06-30,949.4291830957576,961.3862145219897,947.0740283906408,955.9512329101562,19762858
2021-07-01,959.280142195751,961.6126545352091,948.863024683412,950.1991577148438,12534407
2021-07-02,949.7688855828178,966.0286658416347,947.9345627995748,964.284912109375,14086620
2021-07-05,967.6364952540457,975.3814069298204,965.3945518663345,973.8641357421875,11702287
2021-07-06,971.4863760250655,973.2753544311909,960.2766586567433,962.3600463867188,10070124
2021-07-07,963.6961219133111,963.6961219133111,950.2218196134942,955.679443359375,10454892
2021-07-08,958.8045791709611,958.8045791709611,942.5221577829742,947.7760009765625,11185460
2021-07-09,945.6925548959384,947.3683817256788,935.7736870853545,938.0835571289062,9037675
2021-07-12,941.9559723923293,951.8069732106677,939.5781755914345,943.9262084960938,8585292
2021-07-13,951.1276138236502,952.5090313833667,945.7152147930674,950.9917602539062,6717133
2021-07-14,951.2861518765445,954.2301252196338,942.6354298484742,944.7868041992188,8532544
2021-07-15,948.8630578642602,948.8630578642602,941.3899132919198,943.1336669921875,9448356
2021-07-16,945.5794029707818,957.808201493028,945.5114761829108,956.7438354492188,8828185
2021-07-19,951.1275859545519,961.9976083202988,947.6174964042133,950.6520385742188,8354449
2021-07-20,950.9010950356152,954.7509382666392,943.8809159970199,948.3194580078125,6741464
2021-07-22,959.7330340406753,961.9523350417173,950.289713605715,960.5029907226562,7972397
2021-07-23,966.7306870173245,966.7306870173245,952.0561048845019,953.7092895507812,9937030
2021-07-26,954.750983452507,960.6388700312618,938.0382987131833,940.642578125,12389668
2021-07-27,940.6199201537044,943.745031435626,924.8583903750485,930.7462768554688,10824523
2021-07-28,932.1050093559254,932.1050093559254,913.1956670017476,922.7522583007812,12897848
2021-07-29,930.2933070796137,939.5328466147575,925.4923692829198,929.95361328125,13765738
2021-07-30,932.1050565925411,936.6115854453042,919.9215431668897,921.8238525390625,11350608
2021-08-02,930.4293835078141,941.7975969636952,924.4735097135498,938.6724853515625,10925104
2021-08-03,946.5984271599676,947.0513322851771,934.9131634487219,945.579345703125,11817299
2021-08-04,948.5912889902256,957.468493410625,945.239695070289,952.8261108398438,13169800
2021-08-05,957.6043762856963,975.9475444073931,953.0525626247831,966.64013671875,21252078
2021-08-06,964.6924564242829,972.392083052254,941.5030673967123,946.1681518554688,16620987
2021-08-09,942.5222572127834,946.507954500859,935.9549225779072,940.7785034179688,7494143
2021-08-10,942.9750770172923,957.0155553586313,939.238504866793,945.7152099609375,11919198
2021-08-11,949.7461759426325,960.1859355324891,943.6091647712293,958.9630737304688,9184963
2021-08-12,962.4052906590396,962.9941092821113,953.3922326146494,955.88330078125,8137612
2021-08-13,958.9630848706249,973.7282353115995,955.181228214771,971.8032836914062,12780901
2021-08-16,973.4791039346753,997.7781437654177,963.8772277608733,984.4170532226562,21935444
2021-08-17,982.3110475847799,989.716205298415,972.7997402220516,980.2276000976562,12658169
2021-08-18,984.6436264377176,990.4409443539315,974.9511803260805,984.0321655273438,10075860
2021-08-20,970.6030393085123,983.7376470917055,967.88554870858,972.9808959960938,9426282
2021-08-23,984.6436123486905,984.6436123486905,965.756910089194,979.3671264648438,9854395
2021-08-24,980.5899239821464,992.7960796490014,976.3098177521405,989.036865234375,11864472
2021-08-25,989.8067881266007,1005.4777483729744,987.4062891858803,997.596923828125,13380559
2021-08-26,1000.0427614622415,1016.7554463089577,998.6839861429403,1010.2107543945312,18589616
2021-08-27,1013.1773788430729,1015.7817181947378,1003.6887734868195,1008.829345703125,10480636
2021-08-30,1019.0652631807153,1030.7732288164937,1013.0867479284576,1028.23681640625,14027062
2021-08-31,1031.2486961976206,1034.351165067264,1015.5550939662595,1022.7565307617188,26485463
2021-09-01,1029.482446811587,1038.495504793424,1024.9532755584123,1026.8101806640625,11145486
2021-09-02,1021.3299483032399,1045.2440116453542,1021.3299483032399,1039.1749267578125,9956770
2021-09-03,1046.2404503177634,1084.738529222682,1042.8436314734117,1081.7945556640625,30664428
2021-09-06,1092.8909697996994,1123.2365131929273,1092.4380047519112,1098.5977783203125,33641710
2021-09-07,1100.5904921516135,1113.272195169168,1092.4379602260194,1105.52734375,17349882
2021-09-08,1110.5547152662286,1111.460525484485,1090.01483063056,1101.201904296875,14301651
2021-09-09,1099.6394421897962,1104.145971203985,1094.2950296674799,1098.5977783203125,8963249
2021-09-13,1101.949452386577,1101.949452386577,1072.5324776130421,1074.11767578125,16311160
2021-09-14,1075.6801166083583,1084.2854942866497,1071.6037904973264,1072.7135009765625,8908356
2021-09-15,1072.7360805602518,1085.0780298856923,1072.7360805602518,1077.1746826171875,9071075
2021-09-16,1078.6466838742622,1103.6476943262978,1072.0567074838173,1099.7752685546875,13448882
2021-09-17,1107.8371172912175,1112.2983612101125,1075.9516645338,1082.7227783203125,34882133
2021-09-20,1074.3666078022443,1095.3140549772365,1073.415512979037,1084.444091796875,11779819
2021-09-21,1089.2676895218028,1094.5215333838828,1079.7563812162018,1089.1318359375,9915736
2021-09-22,1090.6264428510565,1106.0255780999046,1086.210482648724,1100.817138671875,10995912
2021-09-23,1108.4713001643795,1130.9360171926044,1107.6107744419755,1127.7203369140625,15748397
2021-09-24,1133.9027316972313,1134.7632574948414,1119.6131874834832,1124.4593505859375,15192163
2021-09-27,1126.4068411721403,1145.8370159244848,1121.1077134942575,1143.3685302734375,15373834
2021-09-28,1147.6939414575027,1161.689135216267,1138.092065214608,1154.0574951171875,18035258
2021-09-29,1163.9989904714507,1163.9989904714507,1141.3757775989957,1144.9085693359375,9719875
2021-09-30,1143.6178894191034,1147.965922997723,1132.4534560345573,1141.0135498046875,13590654
2021-10-01,1133.1778684079156,1150.3208140813133,1130.0301151683525,1143.02880859375,8958928
2021-10-04,1156.2994941506686,1166.1957202690803,1149.0754144086845,1157.7261962890625,10918552
2021-10-05,1157.2505376163047,1183.0216242133338,1153.7403880823629,1181.75341796875,13533634
2021-10-06,1186.6222902143543,1186.6222902143543,1155.4389825506435,1159.4019775390625,10258881
2021-10-07,1175.3220421537414,1177.020571318369,1162.9574494692135,1165.086181640625,6336665
2021-10-08,1170.9058970806193,1215.8128063604343,1169.2074879845059,1209.85693359375,15772493
2021-10-11,1223.5124154081877,1231.9366542030143,1198.1263679197398,1201.4326171875,14768666
2021-10-12,1197.9680041586355,1215.1788796176056,1196.2694750157295,1208.29443359375,6682011
2021-10-13,1213.3671067441883,1231.7103344750674,1208.9737889938256,1220.5911865234375,9959762
2021-10-14,1223.036805981498,1230.7817769408248,1217.0809330176019,1223.0594482421875,8623469
2021-10-18,1208.6567177514992,1243.2596035729455,1205.8033136478314,1226.320556640625,13594479
2021-10-19,1233.6577079515857,1246.1356302424738,1226.5016753447112,1237.3037109375,8833409
2021-10-20,1242.2405578545067,1242.2405578545067,1219.0285268378586,1223.0594482421875,12710570
2021-10-21,1235.2882267218629,1235.5599338327822,1179.0357499377028,1187.777099609375,20831669
2021-10-22,1186.6449281501523,1206.9810344630644,1182.7951444896785,1189.99658203125,11027475
2021-10-25,1213.8202313490058,1213.8202313490058,1163.9992204129485,1178.4019775390625,17198417
2021-10-26,1185.3315195274101,1208.7926167498356,1179.013250231775,1205.2371826171875,9750178
2021-10-27,1201.138372284091,1212.3707315877277,1186.6222858874532,1189.99658203125,9896298
2021-10-28,1186.6449607541927,1194.7748510901267,1173.283988789091,1176.9525146484375,9886181
2021-10-29,1175.843002928945,1175.843002928945,1133.0649360229452,1148.7132568359375,14233025
2021-11-01,1148.7130092033958,1157.6581394917466,1129.6224692481335,1149.4150390625,15481114
2021-11-02,1152.6760985535552,1154.0348738636576,1130.143454028727,1132.6571044921875,10569130
2021-11-03,1135.0348760961226,1141.3531452072293,1114.6309640383438,1124.866943359375,11989430
2021-11-04,1129.101781492045,1134.5142410032367,1127.7657681126252,1131.7740478515625,1705656
2021-11-08,1141.0813257713814,1141.3531527093287,1112.5475239087214,1133.177978515625,20337183
2021-11-09,1134.5593339553402,1145.384011549245,1126.429444729638,1142.123046875,15682497
2021-11-10,1139.8584075840783,1158.5639086571884,1133.947819541091,1154.895263671875,10253470
2021-11-11,1150.4341308509872,1164.2254244154967,1148.3959679290283,1157.00146484375,10722478
2021-11-12,1160.783343266853,1177.0204805624614,1158.1110771767962,1174.46142578125,8712341
2021-11-15,1177.586582367733,1178.583081524526,1163.9990683781703,1167.5318603515625,4803269
2021-11-16,1164.9275032865714,1166.2636363626991,1130.0302662731583,1140.402099609375,11337581
2021-11-17,1131.819202659116,1131.819202659116,1114.6309708056715,1115.98974609375,10202029
2021-11-18,1114.1781038166205,1127.3127730233773,1109.6715745881545,1120.201904296875,8505625
2021-11-22,1103.353466536403,1109.1961291306902,1064.8101030658254,1070.5848388671875,24124307
2021-11-23,1056.6799356820093,1087.5690077245938,1045.787332197155,1080.593994140625,25326999
2021-11-24,1077.9446209027212,1091.4868494573443,1061.4357769402945,1064.9912109375,16820296
2021-11-25,1074.7742721480843,1133.2006528139436,1067.5954770563671,1129.1016845703125,42401936
2021-11-26,1117.7108501017365,1122.149452357917,1087.6824179851199,1092.7098388671875,15763138
2021-11-29,1104.712245845007,1132.2949564813318,1086.5954393266575,1105.7991943359375,24325354
2021-11-30,1117.8013949441001,1121.3794713466475,1081.9529437331894,1089.44873046875,32172299
2021-12-01,1101.9492572911422,1120.5189065172979,1098.3711810133602,1117.3485107421875,10104610
2021-12-02,1118.5714698041102,1130.5737867535804,1114.9028239659328,1124.52734375,12720411
2021-12-03,1131.5702131686844,1131.6154976946157,1087.0030516324528,1090.7396240234375,19222481
2021-12-06,1094.2497321105475,1098.3259382907745,1067.595476803198,1070.0638427734375,10332254
2021-12-07,1076.2008936152106,1088.814549469748,1068.8862454989733,1078.782470703125,11235122
2021-12-08,1097.9183562650253,1101.405743762558,1089.8563933091182,1095.2008056640625,8744178
2021-12-09,1102.85522364802,1120.926625884508,1098.326051956675,1112.5703125,13213547
2021-12-10,1105.2328712872275,1116.8955527047663,1100.7489847314073,1113.7025146484375,8364414
2021-12-13,1120.292622697696,1120.564329866256,1088.8147242582452,1091.373779296875,12901733
2021-12-14,1077.944646457222,1089.7205393231307,1074.9553887174345,1078.0125732421875,12991523
2021-12-15,1079.7563157042177,1089.2676234327396,1069.38448219365,1074.8648681640625,9366969
2021-12-16,1089.5845283011158,1094.0231302341062,1072.8039773873268,1088.769287109375,9761279
2021-12-17,1086.1198166210095,1090.6263454753455,1050.7694958949853,1060.03173828125,21049821
2021-12-20,1049.7957435304404,1049.7957435304404,1017.7517924627566,1031.45263671875,14325846
2021-12-21,1046.8518030785813,1062.5454064146618,1038.1784989493156,1046.8065185546875,12836561
2021-12-22,1052.9887088013688,1074.275907104783,1051.6753379399179,1071.64892578125,17658543
2021-12-23,1075.2271551661324,1077.944705915956,1068.0031950967277,1071.26416015625,9072401
2021-12-24,1073.4155095265614,1083.3796623765666,1058.718285237532,1074.6837158203125,7886494
2021-12-27,1069.5882123719496,1077.038713611814,1063.4964862774043,1073.528564453125,4017223
2021-12-28,1075.9517717574063,1089.1996512774408,1074.7968966086662,1086.2783203125,6374613
2021-12-29,1082.9269385141147,1095.6086434721246,1078.8958965572567,1088.135498046875,15425312
2021-12-30,1087.003127167027,1089.245070757408,1062.3643899373753,1068.478759765625,29333171
2021-12-31,1074.7742955921874,1079.7110276415224,1068.8863489128844,1072.57763671875,9477290
2022-01-03,1071.1509110384136,1090.603728995159,1070.4941656370397,1088.7467041015625,5421611
2022-01-04,1094.2045607530267,1114.6311178916164,1088.8147434123907,1113.317626953125,10847728
2022-01-05,1115.0840198447643,1121.877776996668,1101.9267085410534,1118.526123046875,11643813
2022-01-06,1110.1924425923644,1111.4606489189575,1091.0792578429503,1094.4761962890625,14447422
2022-01-07,1101.0207557139988,1113.294777565113,1092.2341211399646,1103.3079833984375,13112115
2022-01-10,1110.5547786779957,1112.8193642531028,1094.2723568788356,1104.2138671875,9246731
2022-01-11,1103.3079147818855,1120.9489898132053,1102.8549498050875,1112.1624755859375,16205164
2022-01-12,1119.2959115588758,1143.595009691511,1116.4425076278837,1141.8511962890625,14800442
2022-01-13,1141.9192812349345,1150.8644117443653,1136.0992618786104,1148.28271484375,11856712
2022-01-14,1148.1469975068374,1162.7761757448827,1144.0027445379585,1149.9586181640625,19930176
2022-01-17,1149.5058351012956,1161.7345747001148,1149.0528700123114,1155.9598388671875,8036453
2022-01-18,1157.0921041700744,1160.5342073047743,1139.4282640408564,1142.16845703125,6215029
2022-01-19,1145.882379974198,1151.3173615953267,1136.3710722869748,1142.077880859375,9755485
2022-01-20,1132.3173998078944,1136.801286170844,1111.9133687702085,1122.0814208984375,16494486
2022-01-21,1110.5547274570392,1133.3137934671236,1110.5547274570392,1122.2625732421875,13338594
2022-01-24,1120.9717499530957,1134.4461715764583,1066.666981959244,1076.9935302734375,21868937
2022-01-25,1064.1532222498897,1081.8623458947789,1043.9757327083191,1074.887451171875,24510205
2022-01-27,1058.0161903944513,1067.1198169153088,1046.7159051568356,1058.96728515625,20020431
2022-01-28,1071.1508364816766,1076.087568078922,1054.5740661673967,1057.9482421875,14667727
2022-01-31,1068.9768076649402,1089.9016105598887,1067.1650674426833,1080.933837890625,12143683
2022-02-01,1090.6263567842825,1096.333045361315,1063.0436492942567,1077.3558349609375,13200509
2022-02-02,1090.1733881906252,1090.1733881906252,1075.725349000261,1079.552490234375,10017691
2022-02-03,1083.3795890325775,1087.6596951339798,1063.0888887078768,1065.6025390625,9572839
2022-02-04,1060.280768575064,1063.655064440526,1051.2677111603737,1055.887451171875,11061241
2022-02-07,1060.7336971993545,1067.4368843783152,1043.9756693517945,1049.4560546875,10714467
2022-02-08,1055.5931024543218,1068.8862659765236,1046.240291320876,1067.09716796875,12060849
2022-02-09,1073.9363098694528,1081.2056742872649,1067.9805561051007,1079.5299072265625,11486225
2022-02-10,1085.0554293647551,1085.0554293647551,1071.1962083846827,1078.4202880859375,12464491
2022-02-11,1074.887506839841,1079.982854527415,1061.6849113374171,1076.314208984375,15943370
2022-02-14,1059.9413435390645,1066.599247738376,1047.5992723483944,1059.17138671875,10719633
2022-02-15,1064.9006018983252,1097.8278430466569,1057.880422222606,1095.1329345703125,11212671
2022-02-16,1100.5906182455715,1101.9493936888987,1085.1688404247225,1092.868408203125,10392840
2022-02-17,1096.106457779991,1111.867985430717,1091.5320027819646,1106.7047119140625,12853252
2022-02-18,1107.1126644779383,1112.5476464311962,1096.129369451274,1098.0543212890625,6775458
2022-02-21,1092.4379072087868,1103.987376793005,1080.028031731223,1086.9576416015625,11107193
2022-02-22,1065.6705251768456,1085.146105195485,1063.066305633856,1082.0208740234375,13494914
2022-02-23,1087.5012562225045,1089.9696221846223,1072.5096827529123,1075.249755859375,7310110
2022-02-24,1043.975778151862,1059.7827129241718,1016.0760782454672,1021.6695556640625,24846650
2022-02-25,1032.698202879161,1045.3119804850721,1030.954508957098,1034.4420166015625,14570089
2022-02-28,1015.894992677199,1072.2152872381166,1015.894992677199,1068.6824951171875,21297446
2022-03-02,1057.3142599474093,1087.4560239699686,1054.9364629191114,1086.3463134765625,21471786
2022-03-03,1087.002981514595,1093.7288113845136,1073.4381104672327,1077.1746826171875,10186748
2022-03-04,1065.7157207883167,1070.8337101992126,1050.9280486616494,1053.283203125,10805667
2022-03-07,1032.0640445664155,1047.1915918601796,1006.3836454479082,1014.3323974609375,17983310
2022-03-08,1001.6280233273343,1017.253760796074,987.3611211647836,1012.498046875,21289374
2022-03-09,1012.7244638561707,1072.05665089973,1011.8864606126765,1066.2139892578125,20414228
2022-03-10,1087.0029472759036,1089.267532756051,1068.8862634347242,1083.4927978515625,17980493
2022-03-11,1076.1555181267943,1091.9850941858494,1076.1555181267943,1086.617919921875,12257423
2022-03-14,1081.0696038594047,1098.0540530902786,1075.2269427815568,1095.540283203125,8340678
2022-03-15,1099.6621674892272,1099.6621674892272,1060.2129940392667,1070.448974609375,15925769
2022-03-16,1078.8504605069668,1090.5810688907009,1076.6311594559988,1088.520263671875,11149828
2022-03-17,1101.8361008572806,1131.1172183134404,1093.8420644373464,1124.0064697265625,21422098
2022-03-21,1106.9314074851866,1125.0480919172617,1104.6668219311773,1117.5296630859375,11999466
2022-03-22,1114.2232739689239,1148.124249688356,1111.2794206216663,1146.4031982421875,22557065
2022-03-23,1142.7117802254184,1161.6663456315202,1142.7117802254184,1150.0489501953125,15462187
2022-03-24,1136.823891628139,1170.407753742212,1136.823891628139,1167.9166259765625,13168266
2022-03-25,1169.660588741769,1184.833300668766,1167.169460657995,1175.70703125,14222488
2022-03-28,1182.1158606493575,1191.060992805179,1171.4723190412603,1187.5283203125,9891424
2022-03-29,1194.7974641560254,1194.7974641560254,1180.9382429362058,1187.7999267578125,8684065
2022-03-30,1195.6581430818142,1217.4434746814534,1185.331593767139,1210.6270751953125,15811550
2022-03-31,1207.0035184657995,1209.1548925411073,1190.5399600350615,1193.3253173828125,13223718
2022-04-01,1193.891542920345,1207.094137293246,1187.5507515318518,1202.8819580078125,7922880
2022-04-04,1202.7009276541294,1211.555489970758,1196.45070474843,1206.4375,7929162
2022-04-05,1200.7307025551163,1209.2456310104756,1186.9620503043643,1189.3851318359375,13149870
2022-04-06,1171.7441602323938,1193.2123818265243,1171.7441602323938,1186.21484375,12257215
2022-04-07,1175.3671581453982,1180.3040094861121,1162.6401712692125,1165.289794921875,15496499
2022-04-08,1159.4697737682463,1188.909504082465,1159.4697737682463,1184.6746826171875,15152495
2022-04-11,1177.5865608022991,1195.0466201854251,1169.8869936426172,1182.2064208984375,9254209
2022-04-12,1171.6986884850992,1178.7642727503164,1157.3865016457235,1159.945556640625,13217742
2022-04-13,1166.0371790472568,1174.2349955581562,1152.9025109003892,1155.68798828125,10354235
2022-04-18,1147.2410619855225,1159.3792305452218,1142.1683569783831,1152.1551513671875,9974224
2022-04-19,1158.5638600771326,1208.3848547587156,1155.4161069847771,1196.0654296875,26141820
2022-04-20,1203.4481327307994,1238.2775602010167,1199.8247720277507,1231.234619140625,25072240
2022-04-21,1245.9320610290454,1263.1882220689733,1237.3718474027373,1260.0631103515625,21708633
2022-04-22,1249.5552942902013,1269.0760391912017,1242.8973909745034,1249.510009765625,15054154
2022-04-25,1242.0821076628993,1249.3287095526507,1206.414795351199,1220.61376953125,17063215
2022-04-26,1227.4075203143414,1265.9055943331985,1226.3658564890222,1257.1416015625,12227666
2022-04-27,1248.1739283672139,1280.851985416539,1247.811532355269,1258.3646240234375,19338945
2022-04-28,1272.6767577965609,1291.269050141953,1261.874601680994,1277.16064453125,25614076
2022-04-29,1293.6015662528664,1293.6015662528664,1257.8889681093667,1263.7542724609375,18214862
2022-05-02,1250.9592399328203,1270.6611211332292,1249.1701419744186,1259.3155517578125,9467006
2022-05-04,1261.3763141052334,1263.6408994515516,1212.1441352320296,1220.002197265625,19247660
2022-05-05,1233.5219702392728,1236.4659436174286,1192.0800401164388,1196.1109619140625,17210669
2022-05-06,1183.112189870724,1204.3087009820067,1174.6651887519583,1186.9393310546875,19649948
2022-05-09,1166.2410086662385,1176.2732081933118,1135.4652620079833,1140.583251953125,18083752
2022-05-10,1130.0303130323607,1144.3424996019623,1113.2722828322585,1120.8133544921875,19511677
2022-05-11,1119.9073998813726,1125.4783543216395,1096.9444341111473,1109.331787109375,16643899
2022-05-12,1099.458311385817,1102.787203178042,1073.4155164726255,1086.7313232421875,20490321
2022-05-13,1098.7789520224087,1122.3306194635952,1093.9553113783713,1099.0506591796875,19308778
2022-05-16,1102.6059947530612,1123.6892942266647,1094.54403200538,1099.3223876953125,13437911
2022-05-17,1102.9003909379085,1150.366239393939,1101.496331090796,1145.497314453125,16551828
2022-05-18,1150.2530031709177,1163.9990123371506,1136.0313867118257,1149.6641845703125,17276788
2022-05-19,1125.0481241931686,1137.956250241304,1116.918234266966,1123.16845703125,14699118
2022-05-20,1137.9563467189944,1197.6962234407256,1133.200752456055,1188.6605224609375,21793091
2022-05-23,1191.8534622113486,1201.8403770570499,1174.4161648907582,1180.7117919921875,15252755
2022-05-24,1180.7569797022973,1194.7973375363194,1176.5448004718992,1184.7652587890625,13527818
2022-05-25,1193.4387237828619,1203.2670225299603,1178.2658929997126,1183.0216064453125,12714544
2022-05-26,1188.637781781663,1193.3934954511844,1154.0348942869591,1171.7440185546875,17882023
2022-05-27,1174.4388502012214,1179.9191164627784,1150.4568600156867,1166.3089599609375,16521973
2022-05-30,1184.3802630005096,1211.1024440039564,1174.959644745959,1206.9356689453125,13853398
2022-05-31,1196.3373846577454,1213.2765527152142,1184.697464521731,1192.3743896484375,70620653
2022-06-01,1193.121675611818,1202.587698682473,1184.9238588339676,1192.7593994140625,9776989
2022-06-02,1192.98576447725,1237.5755649319342,1192.98576447725,1233.88427734375,22126569
2022-06-03,1242.8068535360608,1276.0283243723425,1241.9009234208313,1258.8853759765625,23939791
2022-06-06,1259.1117816339226,1274.5109147154305,1246.3393903599856,1253.472900390625,11093152
2022-06-07,1254.5372764842177,1264.139152836091,1246.4527910651425,1255.828125,12358255
2022-06-08,1255.8280315270272,1259.564603425916,1230.2608467946977,1233.77099609375,12479250
2022-06-09,1227.4075206691546,1269.5288357275542,1227.4075206691546,1267.60400390625,17278305
2022-06-10,1255.443365625697,1263.5958986630922,1223.5579057416696,1229.3326416015625,18093057
2022-06-13,1200.232652493234,1210.5590824670344,1184.9692504760867,1206.0751953125,17620803
2022-06-14,1200.2552293704455,1210.1288135182253,1183.6783373201108,1190.3135986328125,14714312
2022-06-15,1185.535162159316,1194.4802922065517,1170.520948203621,1175.91064453125,11195535
2022-06-16,1188.0035257051024,1204.3312302745605,1156.7521762440374,1159.4697265625,17111475
2022-06-17,1159.4697388409886,1188.8414216894157,1157.7034029954712,1173.0572509765625,24457187
2022-06-20,1179.8510396489687,1185.3314250139977,1141.8512172581657,1151.7928466796875,12066797
2022-06-21,1159.4698864092793,1174.5973137201734,1145.112415821389,1170.38525390625,11720049
2022-06-22,1158.6093864513275,1158.6999555030718,1132.7477291666964,1134.8311767578125,10617206
2022-06-23,1139.111305663959,1143.6178348788872,1107.3843432520748,1116.4200439453125,19446323
2022-06-24,1123.2363989208543,1137.2767565696067,1117.8012981016543,1132.3173828125,14240234
2022-06-27,1152.6534598644344,1152.6534598644344,1123.9383995696694,1128.9658203125,15474529
2022-06-28,1124.1874785863165,1147.6712157735933,1124.1874785863165,1144.8404541015625,13572847
2022-06-29,1135.555621058676,1176.2277061469952,1132.747501816881,1168.595947265625,19205146
2022-06-30,1168.5282289340553,1184.7880089664673,1162.1874370508547,1175.616455078125,23112959
2022-07-01,1166.2183382001654,1173.9631898181497,1071.150907551117,1090.943359375,81997149
2022-07-04,1077.4691189892487,1106.025565464495,1071.6490989100685,1093.2080078125,41857728
2022-07-05,1097.42011751126,1116.3973279805082,1094.7478514073186,1102.0625,17647327
2022-07-06,1096.106567126978,1106.0027924376789,1081.5679595799388,1092.3699951171875,23943726
2022-07-07,1098.7337103035795,1102.0626023112773,1075.6801717525568,1081.6134033203125,23301033
2022-07-08,1095.155510044553,1095.155510044553,1079.0995110804106,1083.10791015625,19010108
2022-07-11,1076.359301395055,1100.046817658232,1073.4153285810387,1097.82763671875,13847467
2022-07-12,1088.8146344584836,1104.983845261713,1088.8146344584836,1096.26513671875,10778989
2022-07-13,1099.3677256155834,1102.4022679488555,1074.7742754785731,1076.8349609375,14224132
2022-07-14,1081.568146854285,1102.3797424093775,1076.5633677805536,1085.7122802734375,16970315
2022-07-15,1093.7968755659167,1093.7968755659167,1079.348834704648,1087.818359375,9603210
2022-07-18,1096.5143900160117,1098.3260107043704,1083.5155743058108,1097.08056640625,15160908
2022-07-19,1087.1388148491112,1108.2901609105513,1087.1388148491112,1103.8062744140625,16439888
2022-07-20,1150.4117186773553,1151.5439517713457,1126.067329452551,1133.6536865234375,23924246
2022-07-21,1129.5772288514759,1132.2947793542016,1117.484344754926,1126.0897216796875,16523230
2022-07-22,1132.29491466853,1139.6774905895736,1130.0303289124045,1133.698974609375,10969995
2022-07-25,1117.5523977830067,1117.5523977830067,1088.3618480432954,1096.2425537109375,23110452
2022-07-26,1096.5597066124965,1106.8862563190191,1092.1437462800975,1096.7408447265625,11303288
2022-07-27,1096.0387306174957,1099.2317688342157,1087.908840568981,1095.6990966796875,8655086
2022-07-28,1103.3081533989875,1117.7788361232904,1096.5143960795697,1112.86474609375,12496073
2022-07-29,1120.8359411287292,1140.0396942059215,1115.989778235377,1136.5748291015625,15130683
2022-08-01,1140.968245399228,1172.038463313215,1135.7370437974075,1166.19580078125,15700044
2022-08-02,1165.1313691654111,1181.1193216829413,1160.1718752661886,1170.63427734375,13917913
2022-08-03,1177.586478112168,1182.11564904104,1162.8440902328596,1180.4625244140625,14250977
2022-08-04,1182.1156551708407,1185.6258045890304,1148.1468730281574,1164.8594970703125,14467127
2022-08-05,1166.7164604960217,1167.9845468317753,1144.5008098568317,1147.69384765625,13942438
2022-08-08,1146.3351396535795,1170.1359894573532,1146.3351396535795,1162.7081298828125,10165178
2022-08-10,1167.1242318013608,1173.012178752456,1158.133815529184,1169.66064453125,10724688
2022-08-11,1178.990645714219,1182.0704726435374,1168.618812190309,1173.5556640625,8198226
2022-08-12,1173.1933504665235,1196.3148161235515,1169.5248244491684,1192.532958984375,12650587
2022-08-16,1198.511296976361,1203.5387175050762,1189.9512045412775,1200.8211669921875,6607378
2022-08-17,1207.0261894301318,1212.4158859762824,1202.7460834374597,1207.0941162109375,6595965
2022-08-18,1208.6925853891362,1212.7820913718717,1199.6955520359063,1209.2833251953125,7410035
2022-08-19,1204.148579928399,1209.464997552082,1183.6779742626552,1187.72216796875,9460724
2022-08-22,1189.1536549981986,1195.6514326976853,1175.0673642837935,1184.4278564453125,9471680
2022-08-23,1178.7024907985585,1205.6027266806439,1177.4982950302235,1202.694580078125,9678484
2022-08-24,1199.6499778722127,1213.236390851307,1197.4915843453323,1199.4908447265625,10369622
2022-08-25,1203.671444195302,1210.0102083418858,1191.6981161929027,1195.9921875,7871946
2022-08-26,1196.4237108559755,1204.1485194816453,1184.6095168359632,1189.6077880859375,10742038
2022-08-29,1174.6128173581192,1206.4205794013706,1171.4547933496005,1180.3609619140625,19838975
2022-08-30,1187.790261371782,1201.990130578996,1170.795826558723,1198.6729736328125,23139054
2022-09-01,1173.5450568236956,1183.6780172121637,1159.0270403092493,1163.4346923828125,19909939
2022-09-02,1163.4346809089884,1170.2278880627014,1147.6671567250864,1149.8482666015625,12999345
2022-09-05,1150.0753260593585,1173.022349910166,1150.0753260593585,1167.7059326171875,11327815
2022-09-06,1169.1600343727337,1184.1550886922698,1168.705591439244,1179.997314453125,10899618
2022-09-07,1170.0688269822717,1179.1112920563703,1167.7968526449285,1173.135986328125,7488501
2022-09-08,1176.0896159479148,1180.519984126391,1168.2513462113554,1174.7945556640625,7057077
2022-09-09,1185.9728273387254,1185.9728273387254,1165.0706121863568,1167.47900390625,8314850
2022-09-12,1168.046804859231,1186.8816091364133,1168.046804859231,1180.542724609375,7435419
2022-09-13,1189.607769133953,1194.9241864060612,1181.8830808225475,1190.4029541015625,8888657
2022-09-14,1170.0688394223355,1185.9726599528265,1169.046493026583,1176.135009765625,8678219
2022-09-15,1173.704175948456,1183.041952132411,1161.7762789427293,1164.47998046875,10365600
2022-09-16,1155.8690579820689,1160.0722649582217,1131.899684568862,1135.625732421875,20217708
2022-09-19,1135.6256276709717,1146.3038949822844,1127.5146444730447,1137.1024169921875,7580254
2022-09-20,1146.1903481529216,1153.119972213298,1133.5808482063046,1137.2841796875,8411448
2022-09-21,1134.512398474311,1150.9842421176709,1133.7172134827065,1140.4195556640625,9207309
2022-09-22,1129.6276634257686,1137.3523524884633,1123.3116153435435,1129.673095703125,10308170
2022-09-23,1129.1733426023927,1134.1488981287762,1106.9533532004177,1108.498291015625,9528051
2022-09-26,1087.845960638479,1098.6379294477279,1079.257938059937,1080.257568359375,12479523
2022-09-27,1087.8232365030442,1102.3639690673094,1072.4192906698377,1088.845703125,16154822
2022-09-28,1072.5328732525227,1080.5529923156532,1057.4242371952328,1059.855224609375,16997059
2022-09-29,1072.3738473223364,1075.7817488504493,1051.0171916607421,1056.6063232421875,14671827
2022-09-30,1050.1082416737165,1091.4582168624277,1050.1082416737165,1080.439208984375,18613024
2022-10-03,1086.687337582096,1098.2516553264609,1073.7370949613044,1076.690673828125,11852723
2022-10-04,1089.5499554327275,1098.7287171700252,1086.0737854797874,1096.547607421875,8948850
2022-10-06,1103.7271026820092,1113.269322563035,1098.7968595905177,1100.5916748046875,13352162
2022-10-07,1097.2065545320427,1110.4976589700225,1097.2065545320427,1105.2493896484375,7714340
2022-10-10,1092.8216022630288,1098.547030597458,1085.0969133921378,1093.1851806640625,6329527
2022-10-11,1096.9110251312234,1096.9110251312234,1068.32955827905,1071.41943359375,9215177
2022-10-12,1068.7385368720138,1082.2340849282734,1064.6943435675623,1079.30322265625,7417103
2022-10-13,1077.5538882747444,1087.8231445652352,1072.419200033899,1082.7340087890625,7328492
2022-10-14,1097.3654596284905,1097.9789154976827,1076.508681223135,1077.2357177734375,9106089
2022-10-17,1070.1019383497958,1096.9111900194368,1064.9218171343564,1094.525634765625,16729355
2022-10-18,1100.5462980220425,1119.1765361724479,1099.7056807153497,1113.83740234375,12415820
2022-10-19,1115.314085328947,1148.6440655761994,1109.4977929604431,1133.21728515625,19247142
2022-10-20,1129.173323936751,1144.6227018334394,1129.173323936751,1136.2618408203125,8717053
2022-10-21,1139.4879233106462,1143.6229813098248,1120.994103570685,1123.084228515625,8243452
2022-10-24,1117.8133802746593,1137.1252236758137,1115.6778227953112,1126.8331298828125,3370033
2022-10-25,1135.5348605120162,1135.5348605120162,1107.8167232856267,1109.4298095703125,12233241
2022-10-27,1116.90446154382,1121.6529753517277,1105.4537260220727,1113.7918701171875,12513059
2022-10-28,1120.085180684718,1151.8929390234955,1117.5633290375395,1147.87158203125,17609592
2022-10-31,1154.6195667238408,1163.684748855419,1150.620804946696,1158.52734375,12419943
2022-11-01,1181.428644108962,1181.428644108962,1139.6243422706675,1149.5528564453125,13963166
2022-11-02,1150.666129478395,1158.7998289194838,1142.8051438822936,1156.7322998046875,8981896
2022-11-03,1149.5529038103175,1163.048452941367,1147.3717940343818,1161.049072265625,6693449
2022-11-04,1160.4810755593053,1181.428720196316,1159.2088516372303,1178.1343994140625,12575815
2022-11-07,1177.3393389028124,1186.1092114125374,1169.614649236392,1184.4278564453125,11789748
2022-11-09,1186.1090519678319,1191.4027533204435,1176.9074538352093,1183.246337890625,11254205
2022-11-10,1176.8848340514855,1179.8611290593667,1164.616195791804,1168.9329833984375,5966242
2022-11-11,1181.428793587036,1197.787058206641,1175.9760787775724,1195.878662109375,12310132
2022-11-14,1195.4015009715274,1200.5134736804264,1183.7689145270133,1190.0850830078125,9043112
2022-11-15,1191.5617725862496,1193.4247362453084,1176.8847439241665,1184.745849609375,7086433
2022-11-16,1185.9727580356148,1188.6764594316192,1172.954366703904,1177.9527587890625,9716161
2022-11-17,1174.5901593039591,1187.3359568517499,1172.3409009131724,1180.9971923828125,6661451
2022-11-18,1184.495900066872,1185.518366679259,1168.2967693410817,1180.3609619140625,5303197
2022-11-21,1175.9760614312995,1175.9760614312995,1155.5737233322704,1159.1180419921875,6390268
2022-11-22,1156.4369938334312,1167.1152613187112,1152.5746494360667,1165.547607421875,6611488
2022-11-23,1170.0688915510787,1171.3866679891707,1159.7313656787815,1161.9124755859375,6413408
2022-11-24,1165.9794167577484,1178.7024981272687,1157.8911489931052,1171.9320068359375,9389439
2022-11-25,1176.4305937132758,1192.7433068604935,1173.295165319625,1189.42626953125,7349922
2022-11-28,1185.472920181286,1236.4333911015242,1136.8980043426527,1230.299072265625,31527484
2022-11-29,1228.6632233258865,1241.2500078770877,1224.1419904117938,1232.4119873046875,11058913
2022-11-30,1232.54834119291,1247.5206802015884,1226.0504438987869,1241.1136474609375,26164986
2022-12-01,1245.8619813701127,1251.8600031393141,1234.1386516701657,1237.4556884765625,9485801
2022-12-02,1240.50026242272,1248.6793948058917,1227.1410088571656,1236.9332275390625,11589592
2022-12-05,1232.3212015923184,1234.4795955595694,1216.8718218980066,1218.893798828125,14828536
2022-12-06,1211.0099786652759,1225.5051588426245,1209.146894711336,1222.415283203125,8594245
2022-12-07,1220.0522678623734,1224.596216109751,1200.5814147669141,1204.3756103515625,8462111
2022-12-08,1208.6924277820037,1210.9644019630948,1199.6499633297894,1203.8076171875,7757008
2022-12-09,1202.330873974504,1208.6924740397408,1182.2692798901842,1185.563720703125,12655763
2022-12-12,1174.8401159938364,1191.8798642806923,1174.6128344148897,1187.38134765625,9479842
2022-12-13,1187.381293975718,1196.4237590933476,1184.473147579326,1192.7886962890625,8333348
2022-12-14,1198.5367354613884,1199.127475241392,1186.4271108317469,1188.471923828125,7268947
2022-12-15,1182.564761948623,1188.244637773301,1168.2513114103942,1171.591064453125,8688551
2022-12-16,1168.2513090093973,1189.9714223850988,1162.412300039899,1165.7974853515625,15837349
2022-12-19,1172.7952889779006,1183.2463953663826,1166.2973916450521,1181.1107177734375,7729933
2022-12-20,1174.1129983269077,1193.242990634255,1165.9792991040035,1191.3345947265625,7467588
2022-12-21,1190.9710448813423,1196.4237592798247,1170.5687080191292,1174.3856201171875,8527550
2022-12-22,1180.5199485444361,1183.541675654874,1166.3200787009303,1171.3411865234375,7451122
2022-12-23,1164.7524600759673,1177.112082738486,1132.4676588679463,1136.9888916015625,10257115
2022-12-26,1142.6915558359974,1155.0737739248264,1132.5357596211306,1146.9173583984375,5990242
2022-12-27,1149.6210331376262,1158.1636228081527,1142.9186909584178,1156.3006591796875,5763271
2022-12-28,1153.2561494312388,1158.6179988266933,1145.7586226936976,1156.18701171875,7459393
2022-12-29,1148.2580090394192,1158.2092411945277,1147.576404624278,1155.6646728515625,6930648
2022-12-30,1156.4824475075623,1170.97762738263,1154.6649160603042,1157.4366455078125,7289476
2023-01-02,1158.7090222381169,1171.8865462707408,1157.8911210447166,1170.4779052734375,5316175
2023-01-03,1165.5476587645308,1169.160125804233,1157.7093889350726,1161.9124755859375,7658932
2023-01-04,1161.8896870062515,1163.7300547153022,1142.3506838068283,1144.418212890625,9264891
2023-01-05,1146.6673617360877,1152.5290861752228,1137.80662667146,1142.373291015625,13637099
2023-01-06,1148.0988183662998,1157.7774553339088,1144.3046224842542,1152.75634765625,6349597
2023-01-09,1156.5732620005954,1182.3375684218504,1155.687212453628,1179.974609375,10722753
2023-01-10,1184.155127696438,1184.155127696438,1156.891435377878,1162.52587890625,8047142
2023-01-11,1159.8449086559888,1162.344044167369,1145.5767715508584,1147.87158203125,11509553
2023-01-12,1147.280880250268,1150.7569299071174,1120.0852177263125,1123.084228515625,17688773
2023-01-13,1117.0862332620186,1123.6749947373953,1106.2716693328798,1121.2667236328125,20618583
2023-01-16,1123.5840516608462,1126.7420752597088,1102.8181384631341,1110.58837890625,13623855
2023-01-17,1116.9046027544262,1128.2644751675343,1113.5421334042796,1126.3560791015625,10751000
2023-01-18,1123.947854631307,1131.9451378363888,1117.9725482719243,1124.4930419921875,13448286
2023-01-19,1123.674870576832,1127.4236337375953,1116.290924928179,1123.2886962890625,11940054
2023-01-20,1124.6291897175156,1124.6291897175156,1107.4758620574123,1109.9295654296875,14930286
2023-01-23,1112.8150268033937,1120.6305800710875,1101.9094778576764,1104.3177490234375,10954118
2023-01-24,1108.7253859560433,1110.3839043654414,1084.8014472016187,1097.7972412109375,16488755
2023-01-25,1096.2067717974144,1097.2291180769223,1081.4615961665293,1082.6202392578125,12385018
2023-01-27,1083.4611595770739,1084.8015319770323,1050.403768536496,1062.081787109375,25830975
2023-01-30,1059.5144571522903,1077.781116815708,1045.564464693845,1072.26025390625,21772103
2023-01-31,1082.3705756526113,1084.9379802131518,1063.7403362487162,1069.579345703125,22691594
2023-02-01,1081.4391134749721,1081.4391134749721,1047.382090519888,1063.2406005859375,19347800
2023-02-02,1053.2891691648742,1066.9210156997124,1050.1084290116537,1057.3560791015625,13662663
2023-02-03,1067.3752494240246,1067.3752494240246,1041.9290928040316,1058.287353515625,24699575
2023-02-06,1051.9258301558875,1054.652247201578,1047.7454602358487,1050.312744140625,14837879
2023-02-07,1050.5628652677376,1057.560517598404,1041.9292904027159,1047.791015625,15135435
2023-02-08,1051.017186057536,1072.3284093286718,1048.290888887822,1068.7159423828125,21160332
2023-02-09,1069.3976200283605,1077.3040386110727,1060.559599329042,1070.5789794921875,13172763
2023-02-10,1070.0563840638993,1070.0563840638993,1054.7886158361225,1061.763671875,10790445
2023-02-13,1063.3767549774948,1067.8298390073717,1051.267130813873,1055.72021484375,10352493
2023-02-14,1058.7192622894795,1082.3250555378218,1055.8565481440585,1080.598388671875,14321920
2023-02-15,1079.6440602664363,1107.4531801088635,1078.2809718116707,1105.0675048828125,33503591
2023-02-16,1113.019527781497,1119.5401413378127,1101.9322491792432,1104.2042236328125,17264487
2023-02-17,1099.6375221146495,1112.1334412904273,1095.3661670147737,1108.8162841796875,11809520
2023-02-20,1110.9974583087273,1113.1558521216361,1095.1390690194628,1097.093017578125,8836937
2023-02-21,1101.4552961916092,1111.8154187780797,1096.1614739086865,1106.044677734375,13311592
2023-02-22,1102.34116225432,1104.181409716533,1079.2124090771258,1080.9617919921875,11024335
2023-02-23,1080.5528460297141,1088.1639533747034,1072.987170955967,1075.7816162109375,9851910
2023-02-24,1077.8265267799054,1088.800224148405,1076.0089953829322,1083.1429443359375,9434053
2023-02-27,1082.3705449963543,1085.8467152410444,1068.6024012348664,1075.9407958984375,11199715
2023-02-28,1070.6016220746747,1075.55458156191,1051.3126158801917,1055.356689453125,21994038
2023-03-01,1065.1035377480093,1065.7851421281152,1055.6747773158893,1065.05810546875,11551145
2023-03-02,1061.9226969308686,1068.5796069332716,1054.9249246750653,1056.947021484375,9333535
2023-03-03,1067.443561368033,1087.5733043694927,1063.9902277008234,1083.9154052734375,14643807
2023-03-06,1090.5495987349282,1101.7277412564927,1090.5495987349282,1094.5028076171875,10171916
2023-03-08,1094.5028585607813,1099.1832244435238,1083.7337262043,1098.4334716796875,15782657
2023-03-09,1097.8201071650074,1098.2289976932168,1070.1474010143947,1072.0330810546875,16235128
2023-03-10,1063.967514713159,1065.1034417835135,1051.9486346812796,1055.4248046875,13334091
2023-03-13,1058.2876262665352,1065.1035499544928,1033.7502288751577,1038.0670166015625,12771592
2023-03-14,1036.0220100653578,1047.359164622662,1031.0464552108242,1034.1817626953125,16027522
2023-03-15,1037.885231401589,1044.3375763114452,1012.1209234658597,1016.505859375,21728555
2023-03-16,1019.2095111682803,1024.2077825786946,1000.6701381392561,1011.4392700195312,18363159
2023-03-17,1020.0047649704466,1023.2763697645565,1005.4413760837782,1010.1671142578125,34014213
2023-03-20,1006.4864237654998,1008.7583980790381,990.5825434751304,1000.2384643554688,19524589
2023-03-21,1008.2811925498517,1033.2957451749278,1007.3951430408976,1031.341796875,21400360
2023-03-22,1038.2942074878824,1041.2250703817986,1031.4782836063534,1034.477294921875,10920094
2023-03-23,1030.5695100723885,1031.4328435974764,1019.2323531619834,1021.3907470703125,16249370
2023-03-24,1020.2319499604101,1022.3903437977212,998.7617725722084,1001.1700439453125,12375945
2023-03-27,1007.6224178329715,1024.207782359069,999.7613722312702,1016.7329711914062,14054323
2023-03-28,1020.118297683826,1025.3438507677042,1016.4831146440141,1021.4815063476562,12576424
2023-03-29,1017.391938716083,1020.0274916428302,1004.71434981678,1015.4381103515625,18804065
2023-03-31,1024.6623383806666,1064.8536804760474,1024.5260415402947,1059.2191162109375,28171201
2023-04-03,1065.5579119993613,1067.3754434349298,1051.9259454677697,1059.4007568359375,10293043
2023-04-05,1066.9211362151764,1066.9211362151764,1048.9953365251422,1056.8563232421875,16262928
2023-04-06,1053.3572991214214,1069.6474143387793,1053.3572991214214,1063.9447021484375,18435046
2023-04-10,1067.829873819937,1068.0116029231133,1054.9022279148219,1056.4017333984375,12961408
2023-04-11,1060.559540630498,1063.7402807994256,1056.0383079017138,1061.6273193359375,10542367
2023-04-12,1061.6272515959452,1075.9179854968688,1058.7646577412916,1066.3076171875,18179087
2023-04-13,1069.1930541875877,1075.0093475188144,1064.1947822733791,1070.3291015625,12378208
2023-04-17,1101.8867990924884,1101.8867990924884,1067.3981721567704,1075.759033203125,17929479
2023-04-18,1080.0985197030036,1080.0985197030036,1056.9243329412964,1063.4449462890625,10405576
2023-04-19,1062.8542061722762,1071.4195123263064,1059.741614492453,1068.7386474609375,12273475
2023-04-20,1069.692811176778,1071.9193532094926,1059.6961482625013,1066.034912109375,7007330
2023-04-21,1068.1253632194423,1072.8283257021726,1061.6501811091248,1067.3756103515625,7647317
2023-04-24,1079.1896539611616,1081.8705185788936,1066.9208972884767,1071.4649658203125,12936186
2023-04-25,1075.1002048906516,1081.7343994033272,1068.0571198634168,1079.6668701171875,9236126
2023-04-26,1081.0073822687018,1084.2336751201349,1069.6702254865136,1073.328125,8617834
2023-04-27,1079.189733985385,1083.2792397187284,1074.191342363561,1080.1212158203125,9167125
2023-04-28,1082.3704342762564,1101.409681900637,1082.2568535921685,1099.8646240234375,15565210
2023-05-02,1106.9986888116582,1111.3609082117491,1103.3180737047812,1109.2025146484375,12981805
2023-05-03,1110.9974233118683,1110.9974233118683,1096.4795270846325,1099.6829833984375,7061872
2023-05-04,1100.1602273210067,1114.5645439655561,1097.1839321641876,1112.3607177734375,8635233
2023-05-05,1109.1798878043744,1118.4267984938415,1106.9079133744922,1109.5206298828125,8746585
2023-05-08,1113.2692311404737,1128.5597141757223,1110.6110827431748,1123.2205810546875,9153782
2023-05-09,1124.6292481933926,1129.9912183396398,1119.290114376559,1126.69677734375,6464721
2023-05-10,1131.4453248412979,1135.9211253467272,1127.446563252221,1134.4443359375,10872255
2023-05-11,1135.51203899488,1140.3058651251242,1125.3335267806174,1127.03759765625,10557860
2023-05-12,1122.2664514997994,1130.2638545526538,1116.2229969798393,1128.8779296875,6955341
2023-05-15,1131.3996779874171,1138.0564669446687,1123.788450804842,1131.104248046875,6833343
2023-05-16,1133.2628763872494,1135.8074445597895,1113.3375770795326,1114.9962158203125,8717229
2023-05-17,1119.1766035619933,1120.085369338175,1103.7272247932553,1108.407470703125,8798967
2023-05-18,1113.0649351771951,1116.4502407386783,1102.8864225456616,1106.0218505859375,10525531
2023-05-19,1106.0218196807168,1111.4291017814717,1099.1149119209986,1109.6114501953125,8050447
2023-05-22,1106.4536050806153,1120.5398963368386,1105.2495293990407,1115.54150390625,7434906
2023-05-23,1118.1087637100431,1121.4485168171577,1113.9282731003457,1115.3369140625,6092034
2023-05-24,1111.4063935962217,1119.630957590089,1105.749113749558,1108.8389892578125,8112254
2023-05-25,1105.9537453747698,1112.8151011277312,1097.8427615845399,1108.7027587890625,11487863
2023-05-26,1116.904610291511,1140.0787982471202,1113.6102893364032,1138.94287109375,12626260
2023-05-29,1145.5314605509366,1149.6210865747194,1139.2608448772517,1145.3497314453125,10010304
2023-05-30,1145.349753161613,1153.1199946776444,1142.509755067562,1145.054443359375,11342504
2023-05-31,1135.9892890678166,1140.4650896335454,1118.2678159183406,1122.3118896484375,27107927
2023-06-01,1126.969292454815,1129.127685777368,1116.9043623276352,1119.2899169921875,14592692
2023-06-02,1122.8117036497752,1128.1962696801756,1113.7238061790024,1115.6322021484375,15800644
2023-06-05,1121.085068396339,1128.6053121788445,1117.1090229973545,1125.6517333984375,10908682
2023-06-06,1128.4689187387335,1130.4000307352399,1118.7221336360576,1126.6058349609375,7493309
2023-06-07,1130.0821412207565,1135.9892989888378,1123.5388113588674,1135.148681640625,10312545
2023-06-08,1138.7156307485393,1143.6458744813403,1131.8997070078415,1135.8302001953125,12071109
2023-06-09,1139.1699412328312,1139.874261684162,1125.9924180855612,1127.787353515625,5877018
2023-06-12,1124.8564945620458,1131.0816777652867,1120.0852643496842,1128.7869873046875,6391969
2023-06-13,1133.7173319025067,1146.6448585440896,1129.741286337972,1145.46337890625,11248016
2023-06-14,1145.5314201372407,1160.9809175855808,1143.7138887627082,1159.549560546875,13277380
2023-06-15,1159.5268135380984,1164.4116242878063,1152.1201510303479,1159.86767578125,11813494
2023-06-16,1163.3438717544047,1173.431520437393,1163.3438717544047,1171.1595458984375,24171579
2023-06-19,1174.1585755296505,1174.1585755296505,1155.369322961202,1159.5269775390625,6798554
2023-06-20,1157.5957972211602,1165.070488566,1151.893084884151,1161.9351806640625,6921096
2023-06-21,1161.889630244124,1167.7286388194623,1157.8001247424693,1165.206787109375,6961603
2023-06-22,1161.4354185434336,1169.296404389101,1150.52986917785,1152.1202392578125,7619166
2023-06-23,1149.1212794125972,1151.1660925456156,1141.4420223330224,1142.691650390625,6628570
2023-06-26,1139.1700001634836,1142.9869124040958,1130.8545713330911,1133.9671630859375,12641159
2023-06-27,1134.4216529822017,1140.305974461151,1129.9231362063101,1134.376220703125,9689466
2023-06-28,1141.896393407388,1153.1881169201986,1135.0122016455275,1149.3939208984375,11354006
2023-06-30,1157.0731268247234,1161.7306560822208,1151.1886857801614,1158.822509765625,11151555
2023-07-03,1162.3669506539804,1191.425580555085,1161.1400387375704,1188.5628662109375,12154387
2023-07-04,1192.7887391966194,1192.7887391966194,1169.2736896643748,1176.31689453125,8061643
2023-07-05,1185.5183304828597,1185.5183304828597,1170.432411192628,1174.3856201171875,10248062
2023-07-06,1170.546016490242,1201.6266214253383,1170.546016490242,1199.03662109375,19117987
2023-07-07,1197.3325831480681,1210.9417123971473,1194.15172307179,1196.6964111328125,13375267
2023-07-10,1221.8245601360636,1252.3145466417043,1215.5085119378625,1242.794921875,33240016
2023-07-11,1250.9058502676546,1258.6759714064597,1243.9536302912918,1256.2677001953125,20069348
2023-07-12,1256.9946762890331,1273.2166423107678,1254.8817149747802,1257.653564453125,18733835
2023-07-13,1264.992154591986,1271.8535100977601,1243.794632147719,1246.4073486328125,14682934
2023-07-14,1249.5881074417618,1254.5410670168455,1238.2736675009803,1245.3623046875,15124144
2023-07-17,1248.225023984058,1279.1466167196916,1239.5914489485467,1270.8084716796875,22220040
2023-07-18,1280.0325658904894,1289.3249082218795,1269.1270172578058,1281.6002197265625,25867313
2023-07-19,1285.9397747939042,1297.7540895736324,1270.944719940005,1291.3243408203125,39122156
2023-07-20,1270.1421687973038,1295.224991076979,1270.1421687973038,1289.760498046875,38717624
2023-07-21,1284.4190157057792,1287.3235564344566,1242.3763715855305,1249.834716796875,30249238
2023-07-24,1221.4041174807796,1238.117785416934,1215.6441946530279,1224.5548095703125,23727866
2023-07-25,1227.8041962368873,1233.3179681079685,1220.9119513502328,1223.767333984375,12026020
2023-07-26,1223.3732632571832,1253.896056948107,1223.3732632571832,1243.6561279296875,12911012
2023-07-27,1247.5209111436616,1249.2931304965796,1226.0072859774648,1232.087158203125,17226898
2023-07-28,1236.6902137331379,1251.853175548335,1231.0287272255082,1244.4686279296875,20827852
2023-07-31,1244.4686660676819,1257.2930680054526,1239.594792375287,1255.00390625,8551174
2023-08-01,1257.8347690470637,1259.8039819927342,1233.3673222353511,1237.2564697265625,9536632
2023-08-02,1235.2871417271826,1236.665614699006,1212.8381883521488,1224.0380859375,12748214
2023-08-03,1218.5982448556042,1231.2011357970357,1210.1060138900245,1218.8935546875,10168350
2023-08-04,1230.1673350047402,1238.6349265214124,1216.7767111886983,1235.4595947265625,22885610
2023-08-07,1241.0963994857652,1244.7393951840495,1233.2195480808575,1242.49951171875,5982870
2023-08-08,1244.5424722858313,1247.7178038434138,1230.536470478926,1235.016357421875,9844072
2023-08-09,1233.145764124846,1245.034838767312,1221.453562693164,1243.1640625,11486586
2023-08-10,1243.0407844200602,1255.3730020668381,1234.9177826419805,1248.7022705078125,15470598
2023-08-11,1246.733138146324,1259.7300139419374,1236.837916549459,1253.969970703125,22179330
2023-08-14,1249.9577340453427,1271.274485095857,1243.065489745762,1268.788330078125,9575812
2023-08-16,1255.8654425931288,1271.5207081344915,1255.8654425931288,1267.7545166015625,10203112
2023-08-17,1263.791524524126,1269.2068594315797,1246.930140835009,1249.4654541015625,13673744
2023-08-18,1246.142454602955,1268.960755625946,1234.9671961841154,1258.7208251953125,18639978
2023-08-21,1254.8424457661688,1262.5000997685252,1242.8371963360953,1244.986328125,9221746
2023-08-22,1243.4548358358238,1253.8544488619668,1234.6115281978846,1244.68994140625,7713044
2023-08-23,1247.061326610869,1256.2752862282496,1243.4795205761563,1246.0732421875,9517952
2023-08-24,1254.8178429548684,1254.8178429548684,1220.778380707161,1225.1259765625,14140020
2023-08-25,1213.3677682361918,1237.5758385308063,1206.7476503203045,1219.46923828125,22222400
2023-08-28,1221.272366528133,1227.2008731617648,1201.0660879981488,1207.315673828125,12580826
2023-08-29,1211.4162410930335,1212.107851949824,1189.7277154191993,1195.755126953125,16876644
2023-08-30,1201.5106390304122,1206.9451032694478,1193.1119215700844,1194.6187744140625,12168946
2023-08-31,1197.0642209023324,1198.0523052778192,1185.6517981191516,1189.1595458984375,21638600
2023-09-01,1188.937220765019,1198.3733539411996,1186.5163417372542,1191.9508056640625,18112842
2023-09-04,1191.950907028467,1197.3853714174265,1188.3197691016735,1190.987548828125,9347626
2023-09-05,1195.582117616625,1202.4739821466742,1191.852074903386,1197.3607177734375,8675876
2023-09-06,1196.125722417537,1203.5609616798479,1194.2236115362405,1199.88037109375,8200370
2023-09-07,1196.421961377583,1204.5983838407617,1191.1357340059783,1201.5106201171875,13652572
2023-09-08,1205.463038004146,1213.3677136631895,1197.039593881822,1209.51416015625,23109288
2023-09-11,1211.391482722607,1223.668479723262,1211.391482722607,1222.556884765625,13271074
2023-09-12,1226.70693716321,1226.70693716321,1203.4622246012573,1204.89501953125,16255666
2023-09-13,1205.4630504045967,1216.653058753229,1198.6699696902265,1210.9222412109375,12803338
2023-09-14,1215.3437498538372,1218.2092185904667,1207.933117232777,1212.03369140625,9209636
2023-09-15,1219.2962186489121,1219.2962186489121,1210.156437431325,1214.28173828125,25468592
2023-09-18,1205.487828880595,1210.8975674516837,1201.535490839137,1203.709228515625,7516300
2023-09-20,1197.0889665350091,1199.3368826488254,1163.4693709910728,1176.882568359375,57081884
2023-09-21,1173.3256379048928,1180.8104504919372,1165.9397302621942,1168.3111572265625,12226182
2023-09-22,1173.8444381665738,1177.03098669753,1160.9993390957275,1163.44482421875,19176786
2023-09-25,1161.1968240581607,1166.2854832156668,1153.638074334712,1156.2811279296875,14254884
2023-09-26,1155.3423807263628,1161.0979239595738,1153.8849803976213,1157.2938232421875,10087782
2023-09-27,1157.7879239120957,1171.7693426359385,1155.3177128519035,1170.3365478515625,11722778
2023-09-28,1177.3025356797164,1177.3025356797164,1148.648088734931,1153.1439208984375,14518346
2023-09-29,1156.9481416896208,1170.435518964013,1153.1440405649926,1158.529052734375,12342014
2023-10-03,1151.0935156022144,1153.8849261975774,1144.201651539282,1145.2637939453125,8859056
2023-10-04,1140.7434506187415,1145.683872665596,1133.8763122199225,1143.2877197265625,10286386
2023-10-05,1145.8073305142325,1150.821810414835,1140.743398149127,1143.2630615234375,10953682
2023-10-06,1144.7205033692,1148.5493304183171,1142.2502923697696,1145.1898193359375,5431026
2023-10-09,1140.2988590719287,1142.200849187487,1133.826857954507,1135.4324951171875,7576878
2023-10-10,1139.5331157395624,1145.1404226117538,1138.1497733893898,1140.447021484375,10236032
2023-10-11,1143.4359710357805,1160.8509589721596,1142.7196339530417,1158.5537109375,9814118
2023-10-12,1157.9609209243824,1165.6185754357678,1155.1447837404767,1160.7027587890625,12554450
2023-10-13,1156.058947078756,1164.7046870675929,1150.6985400393603,1160.653564453125,10150316
2023-10-16,1158.5290083696577,1163.2471357038708,1154.0826283801794,1158.0596923828125,5929036
2023-10-17,1163.9634271590728,1165.791359182136,1156.701030917525,1163.5928955078125,7928180
2023-10-18,1163.5929949263082,1169.3979912920374,1146.6720480730119,1148.1541748046875,8918320
2023-10-19,1142.2256445327594,1147.0672825471008,1136.7911799610206,1139.33544921875,12032556
2023-10-20,1136.2971288231192,1143.559525479833,1134.4691966955595,1135.8525390625,8913312
2023-10-23,1131.356812199955,1139.38499918609,1114.1888431065277,1118.116455078125,7853962
2023-10-25,1111.6196977984057,1127.0090643806484,1108.1366760976812,1115.5225830078125,11620688
2023-10-26,1112.089019549233,1115.5473150342816,1096.9219477593886,1099.9849853515625,15222534
2023-10-27,1106.654565590137,1123.204979852311,1104.6536704890175,1119.40087890625,11771084
2023-10-30,1123.4519103673986,1148.6480613914696,1121.4510154276281,1142.4725341796875,16813304
2023-10-31,1150.1303563093797,1150.1303563093797,1127.8490026208185,1130.3192138671875,12808438
2023-11-01,1130.9367248364767,1144.9428703315039,1124.0448598372486,1135.0125732421875,10309190
2023-11-02,1143.1889695269997,1148.302354744411,1140.2247162104195,1146.2767333984375,10562104
2023-11-03,1149.7349795725816,1153.5638066087804,1144.078220526126,1146.0296630859375,8850156
2023-11-06,1152.2546386732256,1156.0587394619763,1148.9445800808262,1155.564697265625,10647304
2023-11-07,1153.1192304428853,1155.614167696399,1145.9556184844287,1148.0552978515625,6960204
2023-11-08,1152.1063647972594,1156.5527444212626,1147.0424324477003,1154.0330810546875,7884494
2023-11-09,1154.0085696526105,1154.0331752710283,1138.3720609954937,1141.50927734375,14513610
2023-11-10,1139.0389810755562,1144.3746607841822,1135.333664696756,1143.658203125,7734954
2023-11-13,1147.610585630105,1148.4505538682092,1142.0773370771153,1143.5101318359375,3854810
2023-11-15,1156.0588204395372,1166.9030232858888,1149.6362714370953,1164.185791015625,12220648
2023-11-16,1161.542667627995,1172.9302438744137,1159.4923201233041,1166.285400390625,13134910
2023-11-17,1162.4319266451018,1172.4857343750468,1162.012063114762,1163.7412109375,7758634
2023-11-20,1160.282964728199,1165.1492085814864,1154.2802789468988,1160.67822265625,4490186
2023-11-21,1168.9038812090425,1179.7728099438689,1166.0384122376151,1175.2769775390625,8214450
2023-11-22,1173.3503703767312,1182.9594682341328,1171.9670279221825,1179.8717041015625,8534814
2023-11-23,1179.8716170501546,1185.7013394254852,1179.8716170501546,1183.4781494140625,8531542
2023-11-24,1181.5514214570694,1186.9858858764198,1181.2796741129466,1182.6876220703125,6749486
2023-11-28,1182.6876712625676,1185.5531403805655,1173.4738317237427,1182.9346923828125,13792174
2023-11-29,1189.6536514263266,1191.605094048659,1184.7379555197092,1186.047119140625,12531306
2023-11-30,1183.0828973645985,1186.0471507278282,1170.8306260067593,1174.5606689453125,28439984
2023-12-01,1174.8323419889748,1183.9226701483003,1174.6347733568996,1182.88525390625,14342842
2023-12-04,1210.403389884879,1210.403389884879,1185.009669053603,1195.680908203125,15590990
2023-12-05,1204.9688710813314,1205.8828973561333,1196.3971910542703,1204.351318359375,12693624
2023-12-06,1208.9707381739393,1221.7416569101222,1202.9927791973269,1215.8873291015625,16422442
2023-12-07,1215.3438750518303,1215.813191043024,1206.4511149904754,1213.886474609375,8142096
2023-12-08,1217.2460531905654,1223.594423771572,1207.9333084760417,1213.2442626953125,10204894
2023-12-11,1213.367615499601,1219.098553135076,1211.5890153738967,1215.022705078125,7066138
2023-12-12,1215.3439244936176,1217.7894094868202,1195.6562927549994,1197.5831298828125,9197124
2023-12-13,1196.570218805253,1204.6478570918039,1188.8137803209581,1202.4739990234375,10031182
2023-12-14,1212.3795628682321,1222.7297228698085,1206.7721356331074,1217.39404296875,16972354
2023-12-15,1224.2366929375116,1235.1056224147617,1220.3090811813895,1232.931884765625,15932152
2023-12-18,1232.9318442845902,1252.3476075388428,1230.6344755328585,1245.48046875,14165188
2023-12-19,1262.2777471951172,1271.6150959828576,1247.5552663727806,1263.809326171875,16820604
2023-12-20,1270.207325538083,1283.9417239360823,1244.9864450577063,1248.518798828125,17736722
2023-12-21,1248.44470925444,1271.4176728398502,1244.1218397625619,1266.0079345703125,13765454
2023-12-22,1264.5504141598008,1275.07341611771,1258.6465136069178,1267.242919921875,16541784
2023-12-26,1268.7003790735205,1280.5326657287192,1266.0819312708138,1273.66552734375,7465664
2023-12-27,1275.6169087042356,1284.4602154795425,1271.2199815487345,1278.0130615234375,9204156
2023-12-28,1279.4704228166715,1290.4381347546032,1278.0130225533287,1287.2515869140625,12302636
2023-12-29,1289.9937398232034,1291.4264140714613,1274.2831724837226,1277.074462890625,10864584
2024-01-01,1274.9008072558752,1287.8941431135045,1271.244822078984,1279.6929931640625,4030540
2024-01-02,1277.099135940161,1291.920402508132,1271.1706293129728,1290.2900390625,7448800
2024-01-03,1289.450180352941,1301.3071935056118,1273.2455715878027,1276.25927734375,9037536
2024-01-04,1278.5811975278393,1289.376067708453,1274.1842702494187,1282.8546142578125,9612778
2024-01-05,1285.9424160498672,1294.3165279752034,1283.521657474919,1288.3138427734375,8086406
2024-01-08,1289.4502625359673,1300.2944657165137,1269.1698042070248,1278.26025390625,7734652
2024-01-09,1284.5096770702141,1287.8691880410897,1273.2454911635218,1274.8758544921875,5403074
2024-01-10,1273.146817539874,1313.658280108081,1272.1834593214687,1309.2613525390625,11102740
2024-01-11,1313.6583733689063,1346.2651626289091,1312.6702888458758,1343.6961669921875,23725852
2024-01-12,1343.6960023683716,1356.9609630954171,1329.714583957277,1354.3919677734375,15012164
2024-01-15,1358.616069177015,1379.8104316098675,1349.723309451493,1377.51318359375,8610594
2024-01-16,1373.412554424991,1379.662260463631,1354.169635353321,1358.2454833984375,9069024
2024-01-17,1343.30084717423,1369.7568331827044,1338.8791932605309,1345.35107421875,12197382
2024-01-18,1335.2972997496222,1354.663730119792,1335.1490629645289,1351.6500244140625,10279438
2024-01-19,1359.6041759840746,1359.6041759840746,1342.8067406703178,1351.156005859375,10422704
2024-01-23,1355.4048574857818,1355.4048574857818,1306.791150318716,1312.7442626953125,20055420
2024-01-24,1319.314984194113,1333.4199132911328,1308.1497027138623,1327.8619384765625,21919128
2024-01-25,1326.9479158139593,1347.895377764627,1319.2902616038493,1336.9522705078125,11808872
2024-01-29,1348.241269998228,1435.192704047216,1343.9678528779282,1430.7957763671875,23893438
2024-01-30,1442.5537625848374,1442.5784888178382,1387.690473107798,1390.852294921875,14093978
2024-01-31,1387.2704457772934,1417.159997760743,1385.7883192326594,1409.6258544921875,15130226
2024-02-01,1417.9011153905622,1426.1515960154993,1401.1531330404457,1409.650634765625,13349362
2024-02-02,1416.0980132616144,1457.3258137867138,1416.0980132616144,1440.3306884765625,19652588
2024-02-05,1443.3442832345067,1452.9781061073709,1414.4675408489986,1421.878173828125,8814432
2024-02-06,1424.6695010773788,1424.6695010773788,1402.9069175392074,1410.7869873046875,9047984
2024-02-07,1418.8151411125152,1432.2283386037336,1412.2196294925052,1424.9659423828125,9296568
2024-02-08,1432.7224367107362,1442.0845126481563,1410.515263064875,1432.845947265625,14694634
2024-02-09,1436.6746688077615,1454.4354611714164,1433.660963243804,1443.34423828125,12556798
2024-02-12,1443.3443671360003,1443.5913882496639,1425.163589047209,1435.04443359375,6674430
2024-02-13,1438.1567484987418,1461.3767303535824,1436.674621997369,1447.642333984375,7715594
2024-02-14,1440.1329959711338,1465.9714268487612,1440.1329959711338,1463.7235107421875,7117888
2024-02-15,1465.6751036103208,1467.0337197836,1449.050630318146,1453.0770263671875,10006782
2024-02-16,1458.8819534815811,1459.4007219371786,1441.170612214809,1443.17138671875,9767498
2024-02-19,1444.6288410678121,1461.8708655513933,1436.2053974591388,1456.4364013671875,6729828
2024-02-20,1457.4492860314679,1457.9186020207894,1444.3818933388152,1453.4969482421875,7117496
2024-02-21,1456.4365283424868,1470.7884795851646,1440.1825868389801,1450.2115478515625,12720292
2024-02-22,1450.6561919754163,1467.2559381666686,1440.6271108051608,1464.0941162109375,18493728
2024-02-23,1471.7517883622584,1479.7059164315408,1465.6750448712426,1475.82763671875,14438584
2024-02-26,1475.753583346703,1476.7169415654328,1464.8352018923576,1469.6026611328125,7513106
2024-02-27,1465.3539102526265,1482.0771665679397,1460.4382144226488,1467.9476318359375,10826044
2024-02-28,1465.3292067243183,1473.5056294891751,1432.8953836215212,1438.2803955078125,8647950
2024-02-29,1447.5437052316252,1461.352161163495,1437.1935448412644,1443.393798828125,23628976
2024-03-01,1446.061542580972,1482.1266237591103,1445.0734581651325,1474.345458984375,12132926
2024-03-04,1472.7150995331629,1494.4282305064353,1469.503825173054,1489.4384765625,10024420
2024-03-05,1487.832984359659,1489.4386216961695,1468.3430414288637,1482.3243408203125,7107668
2024-03-06,1475.6545662551582,1491.0193265812127,1460.8827530485903,1485.0908203125,7805676
2024-03-07,1485.0662153094684,1485.1897258668157,1457.968071396935,1461.3028564453125,8315726
2024-03-11,1471.2577496463198,1471.2577496463198,1446.0615961097308,1449.1246337890625,11277130
2024-03-12,1449.1245651727334,1470.269595576354,1447.568380480176,1457.844482421875,9432678
2024-03-13,1462.142657909758,1465.4279903850718,1410.7622676768488,1415.10986328125,13522134
2024-03-14,1422.5450608782721,1431.2649780682007,1408.514310659922,1414.4180908203125,18571102
2024-03-15,1408.9589780840722,1416.1473166057365,1396.0645483366263,1401.3260498046875,19223818
2024-03-18,1403.0799549430176,1424.5460660460144,1399.6463855144648,1422.3228759765625,9169392
2024-03-19,1411.7256294896865,1420.4701525728194,1400.3626585436627,1408.267333984375,8275764
2024-03-20,1410.935092987457,1427.7819805194806,1407.056934025752,1426.546875,8488806
2024-03-21,1435.2173701383908,1440.5283239841642,1427.460931435626,1433.685791015625,13006936
2024-03-22,1432.697625631682,1442.6031956703118,1430.1039041326171,1437.6875,19527608
2024-03-26,1427.7820647176966,1435.0939139473653,1421.853557874578,1424.3978271484375,11415906
2024-03-27,1430.74620650665,1482.1265951381042,1429.7581221098912,1475.061767578125,16326644
2024-03-28,1475.0865810929813,1488.0057370987279,1461.0311038405712,1468.145263671875,21854364
2024-04-01,1474.6912092837645,1476.1733358521226,1464.8350917273362,1467.0830078125,5013880
2024-04-02,1466.3172549197961,1476.198098955644,1457.4244952875333,1469.2320556640625,8910166
2024-04-03,1464.4152240453116,1466.7619246317818,1451.397283687729,1454.0650634765625,7008292
2024-04-04,1462.117879861305,1462.117879861305,1432.7223691832353,1445.493408203125,14490272
2024-04-05,1443.467815909923,1453.274601948929,1438.6509043996564,1442.7020263671875,7442298
2024-04-08,1445.5427357963142,1473.2090987059642,1443.5912932499484,1468.2686767578125,8357118
2024-04-09,1471.2577557160955,1472.0482715276003,1445.0735176190665,1446.2098388671875,7071414
2024-04-10,1448.8776750369068,1469.281643980642,1448.8776750369068,1461.945068359375,9138330
2024-04-12,1458.289226116748,1468.76289779902,1445.6416961431235,1449.668212890625,15551012
2024-04-15,1443.591352839028,1464.4646364315843,1429.0911655763507,1447.3707275390625,12902062
2024-04-16,1436.0323976352518,1453.645073932083,1433.636365403093,1448.28466796875,9366184
2024-04-18,1446.0615875622616,1468.2934876101954,1441.9610129858208,1446.876708984375,19005692
2024-04-19,1439.4167626045175,1456.4364932961696,1425.8306012864564,1452.607666015625,15741778
2024-04-22,1454.9048261235944,1465.1562017707047,1450.3103301575065,1462.2166748046875,10350362
2024-04-23,1461.3770126451404,1475.7042382593086,1438.2064787775075,1441.9364013671875,14605554
2024-04-24,1446.0615625184662,1451.051437133562,1432.2283805059903,1432.8953857421875,10462776
2024-04-25,1425.3117405225619,1450.483166375014,1424.3236561270523,1442.5784912109375,15943926
2024-04-26,1446.5061312694434,1447.5436681516292,1432.7224019248206,1435.2420654296875,9413848
2024-04-29,1432.7223672737166,1450.4091019997668,1432.7223672737166,1447.568359375,7247974
2024-04-30,1450.5079819172845,1465.403306850403,1445.4440490785064,1449.5198974609375,11474262
2024-05-02,1454.460206935621,1459.7217080112785,1446.6790424453916,1449.0751953125,14512646
2024-05-03,1453.4722101911175,1457.3750954799905,1399.275802819383,1416.9130859375,17226958
2024-05-06,1418.3952205864964,1422.841600588335,1401.1037428015688,1402.610595703125,7394208
2024-05-07,1399.1028593353728,1403.8209867220144,1375.4135586957902,1384.775634765625,14517472
2024-05-08,1380.8479912935143,1415.8755361000522,1380.8479912935143,1401.647216796875,9439002
2024-05-09,1396.1632769069981,1406.7851843569276,1373.437335386219,1377.51318359375,11009612
2024-05-10,1380.106935558881,1393.1990543318577,1371.535254832905,1390.65478515625,10505096
2024-05-13,1383.2195197456997,1390.2101693574684,1367.5089520262873,1385.986083984375,8456620
2024-05-14,1384.2815424166113,1410.070521585227,1383.342910466477,1403.1539306640625,7188300
2024-05-15,1403.5740469957013,1412.9361236084007,1396.188139403763,1399.3994140625,5046534
2024-05-16,1401.6471872524828,1410.4904944706304,1381.3667306256436,1408.3660888671875,14711774
2024-05-17,1406.093722836626,1420.0750222861304,1396.4104463053004,1418.5928955078125,10916476
2024-05-21,1408.6132041549795,1424.6448506468714,1408.6132041549795,1419.0128173828125,11176128
2024-05-22,1419.1609264752628,1451.2736690394956,1419.1609264752628,1443.2454833984375,10281604
2024-05-23,1441.1705740518107,1474.4442444107415,1437.6628261266358,1468.3428955078125,14608260
2024-05-24,1465.9467233388211,1470.7636348065282,1458.5113640783345,1462.6119384765625,7094776
2024-05-27,1462.587264504762,1467.2066075031105,1444.134859977049,1448.77880859375,6629010
2024-05-28,1450.5079553599196,1460.8828419616084,1435.4396676765145,1438.8485107421875,7820162
2024-05-29,1429.264181324664,1440.6271526936466,1421.310053120064,1423.607421875,7383556
2024-05-30,1418.3951935729253,1423.2368313836507,1403.178669288835,1407.8720703125,13206858
2024-05-31,1414.245257118902,1425.0647331073133,1405.3030450073677,1413.35595703125,31069832
2024-06-03,1465.3292536675044,1496.4539141466187,1441.6152266357983,1492.32861328125,21527942
2024-06-04,1480.1999676014107,1480.1999676014107,1343.1032493273078,1380.625732421875,36709098
2024-06-05,1405.0560283617258,1414.0970248192752,1367.6076051704213,1403.8209228515625,17464890
2024-06-06,1417.9011371144834,1426.4974232883105,1404.4137607114592,1414.5416259765625,17855722
2024-06-07,1411.478521453965,1454.4601915157414,1409.5023527154926,1452.4345703125,18558696
2024-06-10,1452.4346368701142,1475.5558362929214,1450.5819785928986,1453.867431640625,9251760
2024-06-11,1451.4960860069511,1456.1154291491666,1437.3418242246385,1439.3179931640625,11774902
2024-06-12,1440.1330064471847,1458.41256776401,1437.835758473946,1445.8885498046875,10081742
2024-06-13,1454.4603416652449,1454.7073627830548,1442.7021123343332,1447.790771484375,9181160
2024-06-14,1452.4841280922399,1462.0438933040555,1439.8613252368543,1459.9442138671875,8157998
2024-06-18,1469.6273935638167,1469.6768460329972,1453.8180422457062,1463.3778076171875,7196766
2024-06-19,1469.7756214798555,1469.7756214798555,1438.650961260282,1441.2694091796875,8725874
2024-06-20,1441.6152213906755,1465.181011544537,1432.8212456085912,1456.1400146484375,16113776
2024-06-21,1456.0659025463858,1457.1280450509373,1423.4096642387256,1436.872314453125,31170360
2024-06-24,1428.3007403004744,1432.2283517054532,1420.3713387903338,1424.2989501953125,8878386
2024-06-25,1425.8058325289194,1438.576872033328,1423.8296636688654,1436.822998046875,7045386
2024-06-26,1428.8194845866847,1500.875466568816,1427.905458276952,1495.9844970703125,22014882
2024-06-27,1495.7128766848623,1519.1798830077462,1488.0552219900264,1512.312744140625,28383030
2024-06-28,1512.782033239127,1562.1615299634889,1512.782033239127,1546.7474365234375,28957336
2024-07-01,1543.9066370278445,1560.5805616644209,1537.138282854078,1541.5599365234375,7724306
2024-07-02,1550.798441129772,1554.750778666898,1538.4473863262538,1546.5250244140625,7749246
2024-07-03,1547.661278880494,1556.2329594590622,1524.391963189475,1533.927001953125,9049620
2024-07-04,1538.447461634288,1548.822348177101,1532.321386398175,1535.5079345703125,6837176
2024-07-05,1535.3101717849263,1579.4528899457323,1529.5546284867023,1569.695556640625,12269710
2024-07-08,1570.0661123316786,1589.6302317071045,1563.6682899618515,1581.8243408203125,9500806
2024-07-09,1578.5637202787966,1581.4291893561121,1561.6675000170792,1571.3260498046875,6960002
2024-07-10,1575.9946562525065,1578.4648673124634,1544.5241914718106,1565.3480224609375,7134578
2024-07-11,1568.5840280306456,1585.1344421846698,1551.786592769845,1561.815673828125,11940946
2024-07-12,1565.619788574804,1586.023756297877,1555.7389442164904,1577.6990966796875,12924784
2024-07-15,1585.332123675554,1586.7154660951303,1566.607970695329,1578.1932373046875,5329688
2024-07-16,1574.5125966882063,1580.9351457176842,1550.4280378276635,1557.4681396484375,9386838
2024-07-18,1557.2210712967385,1574.9078068261192,1539.2625884242743,1567.7689208984375,12298374
2024-07-19,1567.1018870092746,1571.0294984478235,1534.2975325767013,1536.6195068359375,13140390
2024-07-22,1518.9328421942273,1519.1798633102128,1481.4103587992008,1482.793701171875,19674376
2024-07-23,1483.1146576505776,1487.8080584659276,1445.5674511277782,1470.1707763671875,18052044
2024-07-24,1467.3053526491226,1491.5134207568017,1458.8078508242754,1477.8778076171875,11913362
2024-07-25,1463.353122317903,1482.5960435405543,1459.474842467878,1474.6173095703125,12519876
2024-07-26,1474.6172851615388,1494.4037007697482,1472.59166375446,1491.044189453125,9859940
2024-07-29,1493.9341486268256,1509.2989091727318,1493.7613062276428,1501.987060546875,7538550
2024-07-30,1498.9488223237445,1506.8287716127938,1492.0075050067665,1495.1199951171875,8228208
2024-07-31,1486.0788700242824,1492.4519658681731,1483.2628537354879,1487.4869384765625,10057346
2024-08-01,1493.983779705346,1499.9122867676688,1486.3755772216791,1497.2445068359375,10764222
2024-08-02,1487.067144475012,1491.3405616106625,1475.4818780540024,1481.459716796875,10268248
2024-08-05,1462.3650548737628,1466.2186085334113,1416.1721046606897,1430.079345703125,17046704
2024-08-06,1437.8110173129378,1459.8946792000177,1434.0315221699125,1438.7003173828125,10236186
2024-08-07,1451.4960282823629,1454.954323788822,1444.0853950542364,1447.3707275390625,8174568
2024-08-08,1440.1577210643813,1447.5436277380477,1428.6959662921352,1431.8577880859375,12387192
2024-08-09,1442.603254689353,1458.9066476361847,1438.6509170052725,1456.73291015625,6249776
2024-08-12,1452.4841167562581,1455.4483700557605,1440.3800824499558,1443.2208251953125,8184584
2024-08-13,1443.3444377180147,1452.5582774619256,1440.6272053348387,1446.1851806640625,6265064
2024-08-14,1446.1109681889411,1454.460233101401,1436.3782403810737,1444.43115234375,6267466
2024-08-16,1451.1502913945535,1462.7602840003062,1440.676620060605,1460.58642578125,9416902
2024-08-19,1469.8067419652286,1485.47150978375,1467.8238660907393,1475.65625,13797742
2024-08-20,1484.4057091952604,1491.0484162933285,1477.2674041310693,1483.1416015625,8411808
2024-08-21,1480.464784262564,1494.964564922092,1477.2426107826689,1485.8433837890625,7769996
2024-08-22,1490.1312336221058,1493.6012664349316,1477.8869991875908,1485.2979736328125,10445782
2024-08-23,1490.8749048344312,1498.3849993365056,1485.5955458508122,1487.1322021484375,9249654
2024-08-26,1494.0723308917522,1509.9601498448217,1490.1313888488291,1499.649169921875,8816114
2024-08-27,1497.5671500638725,1500.516654009415,1486.6117113802566,1487.6031494140625,6251156
2024-08-28,1492.1142662167426,1494.5680511870519,1480.2170096090344,1485.4716796875,9610286
2024-08-29,1490.2303777286736,1523.8401488737275,1481.2083164719252,1507.90283203125,38335358
2024-08-30,1520.865886117465,1526.5418444404818,1490.4534771750382,1496.6995849609375,41620730
2024-09-02,1497.9389648135596,1513.7276641806195,1493.7253530981907,1503.2679443359375,11240852
2024-09-03,1508.2250430567562,1509.9600595401412,1494.5927706873033,1496.203857421875,10923800
2024-09-04,1487.850885016148,1504.50709100704,1486.6612078847159,1501.5823974609375,11983304
2024-09-05,1506.0439573959175,1512.7113538076746,1474.3179410781217,1480.192138671875,16264168
2024-09-06,1479.721175380084,1484.182646260627,1449.110527949692,1452.2830810546875,19394228
2024-09-09,1453.943839140462,1457.3395627288749,1443.1371406451965,1449.928466796875,9010298
2024-09-10,1447.995226435091,1459.446383962114,1445.0952218200862,1449.011474609375,10768260
2024-09-11,1450.5234230036904,1456.1745712275017,1435.1561339115874,1439.072265625,9760202
2024-09-12,1444.5250498204912,1473.2767495080643,1433.4953029575859,1467.1298828125,22349376
2024-09-13,1463.7590600068495,1470.451266381587,1456.918113729867,1460.016357421875,8711328
2024-09-16,1464.8993077290233,1468.2206009201684,1452.2088525514882,1458.7523193359375,5481774
2024-09-17,1461.3796100548857,1464.8248328952707,1454.0677548146177,1459.6942138671875,5935328
2024-09-18,1457.413766699014,1469.3110219373734,1448.0447266088618,1450.9197998046875,8574714
2024-09-19,1453.6959512825117,1463.8581906691413,1443.0876132109174,1457.0916748046875,16955902
2024-09-20,1461.3795684407844,1482.1997658201985,1458.7770437683578,1473.2025146484375,30897320
2024-09-23,1478.2340798324108,1488.6441789861601,1476.2015834923338,1480.5887451171875,8832314
2024-09-24,1475.7554165819738,1487.6526722077606,1475.1357678514642,1476.6229248046875,17137444
2024-09-25,1471.1948125268714,1483.6869066134093,1467.5264194610884,1481.15869140625,7069002
2024-09-26,1477.8870868947113,1491.122760061236,1475.309372285805,1485.12451171875,18818998
2024-09-27,1486.1655345930462,1520.345334807694,1479.2254687210307,1513.10791015625,20597478
2024-09-30,1506.3908994638518,1511.9181178232873,1461.7761901136828,1463.9324951171875,27008814
2024-10-01,1467.9726595996829,1475.2100841908111,1450.3002051077794,1452.2830810546875,16431642
2024-10-03,1424.2750076222521,1436.9902726871705,1390.070396353704,1394.928466796875,37757294
2024-10-04,1391.9046094477658,1405.2145916660443,1369.9442340651563,1374.653564453125,37072876
2024-10-07,1381.568793209071,1384.5431070803497,1349.7188488374588,1358.98876953125,22181340
2024-10-08,1361.2194430814652,1389.004514771482,1353.4118695241307,1385.3857421875,17020808
2024-10-09,1385.5594536683957,1388.979866453412,1360.7486928237201,1362.8306884765625,14310610
2024-10-10,1368.209166456891,1374.132983939481,1357.699948504806,1359.31103515625,22358646
2024-10-11,1358.2700551936466,1371.4314188021033,1357.1050671377104,1360.35205078125,7980122
2024-10-14,1367.6390728953818,1368.2587216327886,1356.5350159311083,1360.7734375,12221432
2024-10-15,1346.8933067731043,1359.9554295521655,1329.2208521541709,1332.5174560546875,33762794
2024-10-16,1328.5270030007441,1352.3215164873245,1326.1723376036346,1342.4814453125,20034438
2024-10-17,1354.0067695283685,1356.7332239102464,1340.4737382347967,1344.811279296875,15543660
2024-10-18,1340.5976258716714,1356.70849216764,1329.840427555484,1347.66162109375,12082452
2024-10-21,1355.4197431686716,1362.2358797577067,1346.1002013000875,1357.4769287109375,14067408
2024-10-22,1357.4767913068545,1364.2186177698431,1328.749900940748,1331.84814453125,15831960
2024-10-23,1326.048205061888,1345.8521531156357,1323.5696102860716,1327.064453125,17214742
2024-10-24,1323.8424540123256,1332.1952468902052,1311.7964576126847,1328.3287353515625,22155934
2024-10-25,1331.996862815434,1332.8395608533488,1310.6809472586556,1316.4808349609375,18597496
2024-10-28,1325.552505604476,1341.4155124030337,1310.7800563182918,1322.9251708984375,10824350
2024-10-29,1316.728719636798,1331.6994085045892,1308.995576227512,1328.52685546875,12008361
2024-10-30,1323.569732267355,1338.4413022928309,1314.0023313459362,1332.3935546875,11984423
2024-10-31,1328.5269031210519,1331.5012170832633,1314.7955112005386,1320.64501953125,9331650
2024-11-01,1321.6364480777281,1330.4601492824747,1321.5868277686543,1327.1884765625,2127335
2024-11-04,1326.3952636738204,1328.52687951389,1274.0969107675833,1291.0009765625,19796890
2024-11-05,1281.9292880644173,1298.337634786513,1275.1379622128013,1294.1240234375,16267479
2024-11-06,1298.7837703539942,1316.9271340293028,1289.0676296160968,1314.0023193359375,21625209
2024-11-07,1312.6639327180499,1312.6639327180499,1291.4471349781516,1294.4710693359375,9611974
2024-11-08,1286.5394340693545,1290.505185727704,1264.0833410989228,1272.7584228515625,19814406
2024-11-11,1267.9994654475693,1274.9891511168566,1256.151830843746,1261.802978515625,9056552
2024-11-12,1264.6287615317467,1278.2610337323058,1256.6476373969983,1263.33984375,10671091
2024-11-13,1259.374078659472,1264.5295076822267,1238.8017408266169,1241.3299560546875,14633633
2024-11-14,1242.866693712679,1261.7040163358736,1240.38809863068,1256.746826171875,12612633
2024-11-18,1256.7467703539512,1262.0014401044657,1233.24973843027,1249.9554443359375,13620611
2024-11-19,1249.9553610165642,1270.5276979121372,1224.5745744010292,1231.0189208984375,14183746
2024-11-21,1231.0190296194417,1233.299264427905,1206.8279179645579,1212.5286865234375,19433843
2024-11-22,1218.8737871048172,1257.9859641270039,1211.983221035894,1254.5655517578125,20471957
2024-11-25,1278.9549045518283,1293.2811339485756,1271.4694999174592,1275.9805908203125,28923341
2024-11-26,1283.8626226527838,1286.737817131633,1273.2046638791435,1284.606201171875,9247557
2024-11-27,1282.4250432843673,1292.6864023015983,1274.9892583407009,1282.1275634765625,9572746
2024-11-28,1278.905374093644,1285.4984608667178,1258.184417128475,1259.91943359375,15027412
2024-11-29,1269.0406134614407,1288.3736540571424,1264.3312830599236,1281.1361083984375,13202307
2024-12-02,1276.9722229086012,1300.1222774340952,1266.1160245478172,1297.941162109375,11024152
2024-12-03,1305.7237413234882,1315.4398813546288,1295.8093621182986,1311.9698486328125,16869482
2024-12-04,1314.6467414933138,1317.0262168141671,1292.884726573221,1297.74267578125,19608540
2024-12-05,1303.0964459866593,1318.5628538088617,1294.966703202915,1310.7305908203125,16858723
2024-12-06,1312.5646685095264,1312.5646685095264,1298.783657405313,1300.3204345703125,9037514
2024-12-09,1291.8436769577456,1303.7409326166044,1282.0284168341586,1284.0609130859375,14650002
2024-12-10,1278.2113501165884,1283.812998621138,1269.238788448007,1273.8489990234375,16043729
2024-12-11,1273.9978081396894,1278.9549980546296,1265.1244866020038,1267.2559814453125,11724373
2024-12-12,1259.1262215126183,1267.25596445406,1249.8066803924569,1252.0870361328125,20906813
2024-12-13,1249.2119494931856,1264.2817595214547,1228.986588963027,1261.951904296875,28630222
2024-12-16,1264.0835044447913,1270.0321327010022,1255.7059013940218,1257.44091796875,9486781
2024-12-17,1250.2528426173371,1253.078416496042,1232.1591005022085,1234.6376953125,17462791
2024-12-18,1230.027558928225,1249.162239402372,1230.027558928225,1242.5196533203125,12670179
2024-12-19,1228.3916379278016,1234.2411461229626,1218.4772582835096,1219.914794921875,14244653
2024-12-20,1213.5200660980383,1228.8873545167635,1191.2127119418244,1194.980224609375,20312896
2024-12-23,1204.5971709809228,1216.6926661807136,1202.8125341694108,1211.834716796875,10052824
2024-12-24,1211.834663048231,1222.9883400626134,1210.5457452942906,1212.28076171875,6734917
2024-12-26,1213.767935093776,1217.1883476811242,1203.8535553911518,1206.1339111328125,10016178
2024-12-27,1207.86900439277,1217.3867853075249,1206.5800865394056,1210.595458984375,7000397
2024-12-30,1205.9852538075309,1212.7269598518426,1197.756269680847,1200.333984375,8818766
2024-12-31,1197.6570485426987,1208.6619856280877,1195.8229125326573,1205.043212890625,6405475
2025-01-01,1204.4483521073844,1215.800389087432,1201.2261788160188,1210.7935791015625,5892590
2025-01-02,1210.7936258321927,1233.7949384205442,1209.554328364606,1231.167724609375,15486276
2025-01-03,1233.2498182568117,1251.244443122699,1224.921714407087,1240.437744140625,15521102
2025-01-06,1243.213556672038,1251.1946805005002,1204.5970973122883,1207.5714111328125,14816766
2025-01-07,1211.5371275851955,1233.8444805890147,1210.7935491517349,1230.2257080078125,10070505
2025-01-08,1238.3060678446636,1260.167324257905,1234.6872949225542,1254.664794921875,19346579
2025-01-09,1256.1518282285128,1258.8782824728921,1237.364128300027,1244.0067138671875,12794704
2025-01-10,1243.114481097643,1245.9896754309787,1225.4173374439545,1231.266845703125,8120332
2025-01-13,1219.4687349455062,1234.5881643828388,1215.899582365329,1229.234375,13764861
2025-01-14,1233.4479678208604,1242.6187691440975,1216.742262047884,1228.143798828125,13095266
2025-01-15,1234.2905907014622,1246.2374660533972,1231.2171573529768,1241.478515625,9578856
2025-01-16,1248.1212833322295,1264.0834104275011,1240.586378973141,1255.6065673828125,14117603
2025-01-17,1310.9288585996749,1314.6467509950228,1273.997794139219,1291.19921875,29366277
2025-01-20,1304.7324245206253,1304.7324245206253,1289.1172758229052,1294.272705078125,14040244
2025-01-21,1299.2795231523412,1301.7581181984158,1259.324522599558,1262.7945556640625,14562976
2025-01-22,1267.3552034506358,1271.9157939003728,1257.83730213362,1266.1654052734375,10273590
2025-01-23,1259.126173066555,1266.4132176584087,1250.7980702365203,1252.83056640625,8720682
2025-01-24,1255.1605533566642,1262.1006196074513,1232.8531975505623,1235.6292724609375,14235970
2025-01-27,1228.4907387555406,1229.8291557820492,1209.5542981292017,1218.82421875,9536019
2025-01-28,1227.400329601704,1234.0925365684338,1208.0672872533735,1223.8311767578125,10568025
2025-01-29,1225.4173498520336,1232.1095562529247,1217.53546627882,1224.921630859375,5928156
2025-01-30,1224.971246456504,1246.237542749693,1221.8481926097397,1242.3214111328125,9269259
2025-01-31,1245.09738698474,1256.1519448799122,1238.306060895825,1254.2681884765625,6584612
2025-02-01,1254.2681799336815,1259.6715896071485,1230.374548522757,1253.7724609375,7118453
2025-02-03,1240.2889757645512,1245.2461659154887,1226.9541826685895,1235.232666015625,9252345
2025-02-04,1237.3642207434832,1277.7653184740125,1235.9265630557768,1274.196044921875,16691069
2025-02-05,1271.6679530846961,1279.4507170461238,1265.7688244708304,1267.2559814453125,10112028
2025-02-06,1262.7945076095025,1276.9721191435924,1259.4732145791813,1270.577392578125,9956001
2025-02-07,1265.2236540965398,1272.7089385364054,1251.1947819010975,1255.8544921875,8764283
2025-02-10,1253.673337746878,1255.6562137259161,1234.8856362555493,1242.916259765625,6970972
2025-02-11,1253.7230036544372,1253.7230036544372,1219.567891058193,1224.2772216796875,8859714
2025-02-12,1209.0089844264594,1216.3952699200001,1183.1324776076385,1206.1339111328125,21131654
2025-02-13,1206.629682868639,1217.4858807075602,1201.622872489872,1205.687744140625,8511216
2025-02-14,1208.56289732395,1213.5200872227356,1195.1288642881832,1206.827880859375,10298145
2025-02-17,1200.7304615718228,1216.9900679473901,1194.1869953911457,1214.412353515625,8166683
2025-02-18,1214.362863790828,1219.3696743222742,1205.6877809072391,1214.908203125,6673250
2025-02-19,1209.0586678925579,1222.1952216847485,1207.125412159616,1216.9405517578125,6217338
2025-02-20,1213.4704313005311,1228.738599945727,1211.5371757067999,1222.4429931640625,7795582
2025-02-21,1218.1797397323817,1229.3830367840985,1211.6858938870325,1217.634521484375,6904025
2025-02-24,1206.1338768607443,1212.7764626626977,1200.1356289010387,1204.1510009765625,7172498
2025-02-25,1200.6313497853835,1210.5457292220917,1191.2126893205104,1193.6912841796875,11552182
2025-02-27,1202.416039651657,1204.597154814102,1190.370043898487,1196.7647705078125,11509215
2025-02-28,1191.7084634163882,1206.9270123506615,1183.0830013175257,1189.82470703125,23007298
2025-03-03,1193.6912720117396,1196.1202465389174,1146.1022512006402,1161.2216796875,17944938
2025-03-04,1152.2491409974891,1163.948157257321,1149.6219272411693,1151.9517822265625,11377373
2025-03-05,1151.0595745918054,1172.8712116641736,1147.0938223968292,1165.5345458984375,8664095
2025-03-06,1186.75131332057,1203.5561393973805,1175.002796955133,1199.243408203125,14468014
2025-03-07,1205.5885908312287,1244.0564330934674,1201.622838887705,1239.0992431640625,16474965
2025-03-10,1234.3402190424754,1247.2289120927182,1224.8224391488623,1227.7967529296875,11931051
2025-03-11,1229.3830600118497,1238.801720552263,1219.2208210077197,1236.62060546875,10089838
2025-03-12,1247.2289270068015,1252.1861167007874,1233.3487958636417,1246.287109375,11977555
2025-03-13,1249.2615727756533,1253.326444606414,1233.2002036288977,1237.215576171875,9505270
2025-03-17,1231.5145912773855,1246.6340190017775,1222.5420300210542,1228.2427978515625,16640917
2025-03-18,1228.2427978515625,1228.2427978515625,1228.2427978515625,1228.2427978515625,0
2025-03-19,1230.4241762433128,1242.5196714129374,1228.1934407470596,1236.471923828125,16162399
2025-03-20,1241.1316434245866,1262.1005814534499,1239.347127629136,1258.2835693359375,15971477
2025-03-21,1264.0833359554676,1270.0319634187874,1259.2252659887295,1265.4217529296875,21780769
2025-03-24,1279.9463572168718,1294.8179260458828,1273.254151243817,1290.9512939453125,20299319
2025-03-25,1296.50346593687,1296.50346593687,1271.6183955406093,1274.4439697265625,13713899
2025-03-26,1279.9464094999762,1282.7224842048433,1257.8869148358597,1262.150146484375,12074747
2025-03-27,1267.2064821612498,1273.9978081396894,1260.4151561828103,1267.2559814453125,15028056
2025-03-28,1269.0405652360093,1284.6557128160619,1258.1347478785124,1264.1824951171875,18147129
2025-04-01,1253.7723771839194,1266.9585500115554,1238.603449529153,1241.8751220703125,12099648
2025-04-02,1236.8685913550723,1244.8000957785905,1233.2498182568117,1240.437744140625,10142590
2025-04-03,1222.4927580494818,1241.08222182284,1222.4927580494818,1238.0086669921875,7434366
2025-04-04,1230.473619610667,1234.7863505024063,1182.9342181609516,1194.38525390625,17908652
2025-04-07,1122.5059464290011,1161.2216449878495,1105.304523000697,1155.7191162109375,22156106
2025-04-08,1161.9653833278503,1186.3547349162204,1153.3399207865864,1172.0780029296875,19555040
2025-04-09,1159.4867811653644,1179.613021672609,1157.9996241138485,1175.2010498046875,10223104
2025-04-11,1184.917153801556,1212.1816988912137,1184.917153801556,1208.5133056640625,11224242
2025-04-15,1240.288998738938,1240.288998738938,1226.5079856590305,1229.4822998046875,13378535
2025-04-16,1223.5336585713449,1230.2754856402491,1218.477348782242,1228.689208984375,8248464
2025-04-17,1229.5813957339365,1269.238916912585,1217.0893007676923,1263.5877685546875,15398401
2025-04-21,1259.126169726638,1289.7616259352505,1256.1518559398821,1284.4078369140625,10429964
2025-04-22,1288.8694787336528,1292.7361113748846,1275.2868257139828,1280.144775390625,13051707
2025-04-23,1285.8950708007812,1294.8180126953125,1274.3944143417477,1288.869384765625,10480888
2025-04-24,1281.3345072026398,1293.3308829080645,1279.2525115884996,1290.4556884765625,10468940
2025-04-25,1292.3394247863746,1313.85358083958,1277.071255478384,1289.2659912109375,14431012
2025-04-28,1328.5269802313521,1362.8307123815491,1308.8964585313056,1357.0804443359375,31104496
2025-04-29,1359.2614765022709,1398.8198762816546,1358.2700385179512,1387.7156982421875,32538970
2025-04-30,1389.9960230274132,1400.3070020394923,1357.2785702742715,1392.9703369140625,25480745
2025-05-02,1401.8932881277126,1414.4845019236116,1397.0352178747166,1407.6436767578125,13007841
2025-05-05,1418.747808269532,1427.1750314493302,1414.6829365878357,1419.0452880859375,12685649
2025-05-06,1418.7477523435755,1419.7391903256466,1398.5223933042987,1408.7342529296875,14084117
2025-05-07,1408.7342420156256,1412.2042749259901,1390.6899982666434,1393.9617919921875,13440169
2025-05-08,1392.0780527042998,1408.6351396947061,1386.030305191398,1394.9532470703125,16106175
2025-05-09,1373.637308764333,1382.8577303043132,1362.731491083779,1365.4083251953125,13668904
2025-05-12,1388.013077711669,1426.6791563050656,1388.013077711669,1424.2005615234375,10674081
2025-05-13,1421.226256646525,1435.304626683893,1400.3069407641844,1403.57861328125,11407896
2025-05-14,1407.8419941921477,1417.6572548355593,1403.3805230837922,1412.204345703125,5570160
2025-05-15,1412.7992032271827,1448.8875719918406,1400.6044669576877,1441.7491455078125,20177211
2025-05-16,1440.757623701411,1448.4908883531898,1434.9082364412498,1443.9302978515625,9036695
2025-05-19,1439.667043567546,1442.1456384779733,1425.886031660542,1428.4638671875,6195791
2025-05-20,1425.88599760598,1432.6278240113834,1409.6265122020175,1412.4024658203125,11270560
2025-05-21,1411.708464386899,1423.9030780659657,1405.9580760983038,1416.9630126953125,6136364
2025-05-22,1409.031659643212,1411.6094953044076,1384.9397884743898,1397.332763671875,12134466
2025-05-23,1394.5567410207764,1421.5239286750705,1394.5567410207764,1414.5838623046875,6474883
2025-05-26,1419.7391840414937,1428.6621258406371,1412.898237790455,1422.5152587890625,4842944
2025-05-27,1413.8897021801247,1424.696400543767,1401.794207036506,1409.9239501953125,12640414
2025-05-28,1407.9411620533203,1410.4197571984832,1398.621620102477,1400.8028564453125,5944611
2025-05-29,1400.0096192804465,1407.842003929875,1396.5395861721686,1405.660888671875,13771917
2025-05-30,1405.8590585766528,1418.3511529457182,1397.6300749154059,1408.7342529296875,13788484
2025-06-02,1400.0095486308933,1405.3633379328091,1383.650821945961,1401.5958251953125,8098668
2025-06-03,1410.1222707307113,1414.2862617875367,1391.3840689247124,1393.466064453125,11252626
2025-06-04,1402.5871874772963,1413.493004678654,1394.0608455067168,1411.3118896484375,8126827
2025-06-05,1415.7734397380668,1442.244785474372,1411.4110884077945,1430.0501708984375,13716817
2025-06-06,1428.6620302216834,1439.0721282906131,1424.6962785763767,1431.140625,8182161
2025-06-09,1444.5251287223314,1445.0208477095387,1432.9253528317358,1436.3953857421875,7885125
2025-06-10,1437.5850079496329,1441.4516401070769,1423.704876838395,1426.1834716796875,7913181
2025-06-11,1433.4210733170682,1456.0257865422643,1430.7441181682645,1436.4945068359375,8195700
2025-06-12,1441.055094094315,1444.5251270006308,1422.1186530105915,1429.2569580078125,8828114
2025-06-13,1411.8076840776937,1423.2092208521976,1402.1907840779525,1415.67431640625,9757276
2025-06-16,1414.6828043278585,1430.050092219024,1412.204209506703,1425.489501953125,8458093
2025-06-17,1435.602128554236,1435.602128554236,1413.5922548276174,1418.9459228515625,10366599
2025-06-18,1417.7563491543892,1430.4468040463896,1413.4931173168031,1417.85546875,6681735
2025-06-19,1417.8554020854735,1427.5715425014369,1413.4930508573852,1421.028076171875,10007230
2025-06-20,1418.7477927518771,1458.4053131642288,1415.8725983169522,1453.6463623046875,29010635
2025-06-23,1440.5593915455418,1451.266970188698,1429.6535737155343,1444.326904296875,5989078
2025-06-24,1452.4565437947847,1462.3709229333156,1430.7440292763747,1438.378173828125,16402744
2025-06-25,1451.4652666586912,1459.7933702625824,1447.9952335758323,1454.737060546875,7525851
2025-06-26,1456.5214458748073,1485.9672251547677,1452.55569413543,1482.4971923828125,14657893
2025-06-27,1486.5620421012081,1508.9685148979506,1484.0834473001275,1502.425048828125,11117052
2025-06-30,1500.838885203447,1511.7447031481738,1483.191240482831,1487.7518310546875,8409527
2025-07-01,1487.7518183386467,1518.2881567329412,1487.256099345396,1515.3138427734375,10368523
2025-07-02,1515.3139235508756,1516.9002002088087,1495.7825215605471,1505.796142578125,6361002
2025-07-03,1507.7788792727886,1518.783816287235,1500.0456148706696,1504.8045654296875,11283291
2025-07-04,1510.9515946827762,1516.900223008299,1504.2097675037892,1514.223388671875,6603501
2025-07-07,1513.5291857359532,1531.5734294639212,1511.9429091838053,1528.3016357421875,7251074
2025-07-08,1522.8487819842126,1531.6726044702705,1517.0983931213486,1524.43505859375,7171261
2025-07-09,1523.5426661942138,1537.7202774459709,1497.1704406377573,1505.9942626953125,8870660
2025-07-10,1506.688311848956,1511.6455019531181,1494.5928164048603,1504.209716796875,10047129
2025-07-11,1499.0542783474266,1502.0285923917668,1477.540121836759,1482.3980712890625,7234991
2025-07-14,1479.4236826617216,1487.1569471972039,1466.4358695278945,1470.9964599609375,10311846
2025-07-15,1473.4750846086956,1483.6869442622558,1469.7076928815193,1472.6820068359375,8132454
2025-07-16,1460.388154594461,1478.234038357326,1458.9009976142222,1472.8802490234375,10409983
2025-07-17,1474.6648507992907,1476.845965908467,1461.2804382949055,1463.759033203125,11854613
2025-07-18,1472.0871292027396,1472.0871292027396,1456.521480639079,1463.3624267578125,10296318
2025-07-21,1452.4566531183941,1463.362470991638,1410.9153771961905,1416.3682861328125,22442744
2025-07-22,1415.178583447059,1419.640054314783,1398.6214967228645,1400.70361328125,20396320
2025-07-23,1413.7905031420296,1413.7905031420296,1402.2898472373465,1412.4024658203125,8354596
2025-07-24,1407.0486714179167,1410.8161839876018,1384.0473596954969,1390.8883056640625,14740507
2025-07-25,1386.9226057137396,1389.0046012536307,1372.2492752918665,1379.7841796875,11854722
2025-07-28,1380.379191620021,1395.746480796028,1373.1416457270684,1375.7193603515625,7748361
2025-07-29,1371.1587845273314,1408.0402305383973,1371.1587845273314,1404.966796875,10750072
2025-07-30,1405.9582375902166,1411.1137879299629,1389.3021514025702,1398.0267333984375,7209849
2025-07-31,1376.215001569177,1390.5908519212596,1370.365493427784,1378.2969970703125,17065827
2025-08-01,1375.025384070285,1393.8627060383,1372.4476694796913,1381.76708984375,10321171
2025-08-04,1383.155066191865,1403.975263237478,1379.7841529413568,1399.4146728515625,6312820
2025-08-05,1398.918980991344,1398.918980991344,1376.2150271869518,1379.7841796875,9315972
2025-08-06,1379.9825595355662,1383.9483114870873,1371.456217044825,1380.8748779296875,5834312
2025-08-07,1375.818389126872,1381.7670168023217,1354.3042341107182,1377.50390625,9976705
2025-08-08,1373.1415514013454,1385.2370458989403,1353.312792536344,1356.0888671875,8793606
2025-08-11,1358.2700517359046,1376.1159356273254,1349.5453489789295,1374.331298828125,9997486
2025-08-12,1370.0682117041065,1389.8969719255274,1363.4255044148417,1368.5810546875,12244664
2025-08-13,1376.115874093997,1379.8833867126677,1365.7057756228248,1370.7620849609375,7457021
2025-08-14,1370.961308962897,1374.3455639562076,1363.794372575189,1367.4774169921875,7126128
2025-08-18,1383.602791829514,1388.4802648218374,1370.6626218339861,1375.3409423828125,11785109
2025-08-19,1383.6027633741608,1414.460091190419,1382.7068811681168,1413.564208984375,14384719
2025-08-20,1406.4969482421875,1418.342205158243,1403.510755146132,1406.4969482421875,8725641
2025-08-21,1418.4417067156319,1425.3099750709036,1413.7633861810953,1418.24267578125,11021323
2025-08-22,1413.464698965694,1416.84907536351,1401.4204113959267,1402.71435546875,5818868
2025-08-25,1408.1890657335161,1412.9670232567023,1399.230486508923,1406.0987548828125,5979407
2025-08-26,1401.519906786198,1403.5107021083375,1375.241384232256,1378.5262451171875,12145259
2025-08-28,1383.50331940736,1385.7926612650012,1360.2109883890075,1379.521728515625,13161813
2025-08-29,1374.7437651325777,1397.0406983353935,1343.7869203796088,1350.9537353515625,18758842
2025-09-01,1349.759256141992,1356.9260708455383,1334.430107544873,1347.6689453125,11232238
2025-09-02,1348.5648331807902,1378.128095842481,1348.2661652716795,1360.2109375,11517006
2025-09-03,1363.3961593284287,1370.1649121838109,1354.2385492379765,1366.2828369140625,7847563
2025-09-04,1365.4865379446771,1367.6763641601647,1350.8541196588233,1353.0440673828125,13223177
2025-09-05,1356.7271022727273,1374.6442613636364,1353.0441792852228,1368.671875,5777575
2025-09-08,1373.6488583038629,1379.6212446443146,1366.0838599076599,1372.15576171875,6986720
2025-09-09,1370.2643943031567,1374.843199236951,1362.4007284883235,1369.8662109375,9754452
2025-09-10,1377.5308659113482,1382.1096709119122,1367.7759200987732,1370.66259765625,7790815
2025-09-11,1369.6672638548873,1379.1235422027225,1368.6718661340626,1376.9337158203125,9766072
2025-09-12,1376.9337291414593,1389.873899637371,1374.146566892781,1388.579833984375,7403368
2025-09-15,1386.5889315301856,1394.3530818320328,1382.2091575524387,1392.8599853515625,5396697
2025-09-16,1398.2350616507645,1401.5199225726963,1391.7649767809332,1398.8323974609375,8686961
2025-09-17,1400.5245819104894,1409.6821922648512,1400.4250664409112,1407.2933349609375,7519417
2025-09-18,1413.8628424954393,1415.4554544293837,1404.2074124117412,1408.4876708984375,9332642
2025-09-19,1408.3882121473878,1410.4785229891424,1397.1401696768169,1400.9227294921875,13461373
2025-09-22,1397.4387885526373,1404.2074196840813,1381.6119415772491,1384.199951171875,7757970
2025-09-23,1384.5982372618869,1388.5798281670254,1370.4636381520502,1383.40380859375,14014702
2025-09-24,1378.9244730635044,1389.5751797778832,1374.0470000648747,1376.635009765625,5922759
2025-09-25,1374.942926360271,1378.128150477363,1362.6994857374575,1366.0838623046875,11411143
2025-09-26,1365.685684712474,1376.3363918134596,1359.7132983361805,1371.2598876953125,9879109
2025-09-29,1375.2413599514077,1382.6073268149732,1361.7039763015719,1366.48193359375,14231999
2025-09-30,1370.7620971908361,1370.7620971908361,1356.5279835173724,1357.722412109375,14604684
2025-10-01,1360.7086293823172,1372.255218175594,1356.4283707523282,1362.4007568359375,12045916
2025-10-03,1356.926091696157,1365.287456651113,1350.6551591113212,1357.125244140625,12842347
2025-10-06,1353.740909090909,1371.0608538471567,1352.7455113636363,1368.671875,12396580
2025-10-07,1369.667209612737,1389.47564777439,1369.5676941462978,1378.4267578125,11244040
2025-10-08,1378.426755451918,1382.6073771032557,1358.2201339506064,1361.1068115234375,8525081
2025-10-09,1367.676424553763,1373.6488106871855,1362.7989515764332,1371.458984375,8826633
2025-10-10,1371.45898859096,1381.6119964455866,1368.7713419175536,1375.3409423828125,6373084
2025-10-13,1370.5631549835205,1371.3594002602317,1361.505059967041,1368.671875,7600682
2025-10-14,1373.6488553790207,1381.612037149334,1363.7943936365562,1369.5677490234375,9768174
2025-10-15,1376.6350089791804,1377.6304066718624,1366.382364141153,1367.97509765625,10882743
2025-10-16,1368.7713249510273,1394.0544503152107,1368.671809484766,1391.8646240234375,12315932
2025-10-17,1394.5522084059296,1416.7496262080865,1392.6609284325848,1410.279541015625,19335561
2025-10-20,1433.3726108781723,1467.0170999313523,1426.7034952504036,1460.04931640625,24721978
2025-10-21,1461.2438272093502,1467.2162134241023,1453.2806455896807,1458.4566650390625,2066169
2025-10-23,1468.2115624957596,1476.0752283864208,1437.9514490416038,1441.7340087890625,18707090
2025-10-24,1443.3266994671071,1453.0816457634617,1434.3681199531734,1444.9193115234375,9700837
2025-10-27,1456.266786847925,1478.16553552233,1451.289798512833,1477.2696533203125,14113867
2025-10-28,1477.26972256393,1485.1333888036675,1470.79963742504,1480.056884765625,17631577
2025-10-29,1483.1425015536738,1501.3583271895798,1481.2512217130793,1497.277099609375,11884745
2025-10-30,1493.0964871305005,1496.1821955688695,1477.1701246011085,1481.6494140625,9318663
2025-10-31,1483.540795005222,1490.6080945575152,1475.4780977270138,1479.5592041015625,8758053
2025-11-03,1479.1610089962214,1488.1195884585134,1472.4918928888083,1477.866943359375,8452085
2025-11-04,1477.07065615293,1485.9297198935935,1463.334119430687,1466.3203125,10007806
2025-11-06,1477.1701896475465,1494.6891648996161,1469.406038969176,1489.2144775390625,16772678
2025-11-07,1487.7213309001133,1491.5038906434634,1469.1074431042953,1471.19775390625,7821765
2025-11-10,1471.0982430243503,1494.0919049344996,1468.7092643110286,1482.44580078125,7068438
2025-11-11,1490.1103850249956,1491.9021495222175,1473.3876547459602,1486.5269775390625,7127506
2025-11-12,1498.0734942427068,1517.6827797499902,1493.0965058897411,1504.5435791015625,12384459
2025-11-13,1508.0275174062697,1515.0948167835015,1499.8653048593553,1503.9464111328125,7196443
2025-11-14,1498.5711928131457,1513.900341239272,1498.5711928131457,1511.9095458984375,7682823
2025-11-17,1513.900387650411,1516.6874283079178,1504.5436249599409,1511.3123779296875,5871416
2025-11-18,1514.696568271851,1520.7685911952462,1503.5481631005248,1512.4072265625,11045042
2025-11-19,1510.4164493928117,1515.2939222795571,1505.0412776708577,1511.9095458984375,5692366
2025-11-20,1522.9585089376258,1543.7623455509595,1519.6736478639639,1541.9705810546875,18171724
2025-11-21,1533.9078528560988,1550.6305827884978,1533.0119706260582,1539.4820556640625,9615271
2025-11-24,1542.8663816107544,1542.8663816107544,1524.7501927010492,1528.831298828125,18433951
2025-11-25,1528.8313312270848,1552.4222077972818,1518.0809876078647,1532.61376953125,15033482
2025-11-26,1535.2018536795324,1564.3669320995493,1533.4100892950657,1562.6748046875,14054299
2025-11-27,1567.7513003642512,1568.2489991897637,1548.8387449947777,1556.2047119140625,9794643
2025-11-28,1560.7835875199362,1574.0224254817672,1555.806599039324,1560.285888671875,8959508
2025-12-01,1567.7513979315313,1570.2398922139623,1556.403839701944,1558.892333984375,8920233
2025-12-02,1553.9152843475838,1560.2858537619331,1534.9032130787248,1539.1834716796875,11389150
2025-12-03,1538.0884656023031,1545.2554018922647,1525.9446623591427,1531.718017578125,6090883
2025-12-04,1528.9308982335338,1553.3181423785347,1510.6155558800758,1528.53271484375,11867930
2025-12-05,1523.356635808528,1538.685784402705,1513.6016899280953,1533.5096435546875,10183266
2025-12-08,1532.1161217020071,1543.861863398969,1527.9354998822807,1535.898681640625,11301491
2025-12-09,1533.211064854301,1535.4008911036892,1513.1039592099478,1522.3612060546875,11503971
2025-12-10,1526.9401045329791,1540.3779737710465,1524.3520947592017,1529.8267822265625,7991629
2025-12-11,1529.826707449835,1542.8663926602953,1516.9860531705099,1537.889404296875,4706197
2025-12-12,1543.6628294631555,1552.62140892391,1538.9843872841,1549.3365478515625,5106655
2025-12-15,1544.060853330096,1551.4268205626304,1539.3825327747268,1549.037841796875,5774543
2025-12-16,1537.8894294536826,1544.5585453663573,1531.7180123854912,1535.201904296875,11731856
2025-12-17,1542.8664391614582,1542.8664391614582,1532.2157323461342,1537.292236328125,7116649
2025-12-18,1528.1345045583196,1544.3595357154854,1528.1345045583196,1537.292236328125,6580829
2025-12-19,1547.2461442463334,1566.9549449740825,1543.8617679066683,1557.8968505859375,13937275
2025-12-22,1566.2582562309594,1570.2398469681211,1558.0960438231807,1568.1495361328125,10184852
2025-12-23,1573.6241984599117,1573.6241984599117,1560.8830596994947,1563.4710693359375,7506564
2025-12-24,1565.4619535362338,1568.448146711295,1546.4498812900458,1551.0286865234375,8815745
2025-12-26,1547.5447581940155,1553.8158123179846,1547.1466963201515,1552.0240478515625,2311495
2025-12-29,1547.7439417510202,1550.9291658570105,1536.495898892566,1538.4866943359375,5972105
2025-12-30,1539.8801935176687,1546.449793829553,1530.7225835687998,1532.71337890625,8815884
2025-12-31,1533.9078900841737,1569.7422080874378,1533.9078900841737,1563.172607421875,5771830
2026-01-01,1566.457230908256,1585.1707553042595,1563.8692213237453,1568.3485107421875,6408128
2026-01-02,1572.7283614795997,1587.2611435561273,1570.9365970213464,1584.9718017578125,6602230
2026-01-05,1585.6684856930358,1604.3820104615531,1568.049995566515,1570.8370361328125,8704973
2026-01-06,1561.77894010158,1561.77894010158,1489.4135782872731,1500.6614990234375,27417125
2026-01-07,1503.0504545946628,1513.004431115157,1491.1056827700695,1497.277099609375,11199340
2026-01-08,1493.0965028672745,1496.9785780764303,1462.040144211037,1463.831787109375,16518684
2026-01-09,1458.2576091430024,1473.0890589574892,1458.2576091430024,1468.51025390625,8335311
2026-01-12,1468.5102348906719,1478.4642116159973,1444.322022844729,1476.373779296875,8883745
2026-01-13,1478.165525590484,1478.9618923221497,1438.050951275772,1446.11376953125,13499760
2026-01-14,1437.3542473990606,1460.2483939989072,1433.5716876182923,1452.086181640625,8321764
2026-01-15,1452.086181640625,1452.086181640625,1452.086181640625,1452.086181640625,0
2026-01-16,1452.0861898343726,1473.1885721290346,1448.4031454989463,1451.1903076171875,17167161
2026-01-19,1443.9238298491432,1443.9238298491432,1396.8415931572963,1407.0941162109375,20392765
2026-01-20,1404.207443054835,1409.4830993039366,1383.6027599099377,1387.5843505859375,13189498
2026-01-21,1383.105138772638,1406.3974698374059,1366.681076311502,1398.1356201171875,17352720
2026-01-22,1403.610286379211,1412.9670491536458,1388.5798052619484,1396.0452880859375,15721693
2026-01-23,1395.348519642108,1400.5245389866304,1374.6441992470054,1379.720703125,9837802
2026-01-27,1373.6487855396595,1385.195374217857,1361.7040134914885,1374.146484375,26302396
2026-01-28,1378.6257466723232,1403.4111724845945,1378.526231208921,1390.2718505859375,11121657
2026-01-29,1396.4434009824272,1396.4434009824272,1377.6303609139109,1384.59814453125,20846683
2026-01-30,1376.236766748553,1391.5659148620384,1372.1556606847782,1388.9779052734375,11239835
2026-02-02,1333.8329085367304,1386.4894707948447,1329.35361891851,1384.0009765625,15711165
2026-02-03,1467.1166446366906,1482.6448239290096,1423.6176937150067,1430.4859619140625,25456171
2026-02-04,1437.3543194605445,1457.2622740237098,1433.6713964697635,1450.095458984375,8333387
2026-02-05,1450.2944646433757,1454.7737543419996,1432.8750047042822,1436.757080078125,11763658
2026-02-06,1434.865799564727,1446.113842295832,1426.9026178813986,1444.123046875,8277304
2026-02-09,1451.2898835062008,1459.153549837875,1446.3128948796364,1454.873291015625,5775864
2026-02-10,1464.2299462371711,1464.2299462371711,1445.5164217743147,1451.7874755859375,10259630
2026-02-11,1452.882456999606,1463.234617369774,1446.91007080626,1461.9405517578125,7106877
2026-02-12,1463.2345557130195,1466.2207486838624,1438.8473131178025,1442.231689453125,11135399
2026-02-13,1438.8473526451965,1444.0233720001163,1409.7817888672503,1413.0665283203125,10755693
2026-02-16,1413.564201587246,1432.9744560797708,1402.8139796964888,1430.4859619140625,5896514
2026-02-17,1424.5136248062843,1425.2104761017015,1412.0711535507119,1416.450927734375,10731630
2026-02-18,1420.4325123887006,1435.4629932986807,1412.6683617554224,1434.666748046875,5521096
2026-02-19,1436.3588845536149,1436.3588845536149,1393.5567833507007,1403.0130615234375,11884664
2026-02-20,1403.013091941889,1420.8307355027325,1399.6287153786739,1412.8675537109375,8177670
2026-02-23,1418.4416634695872,1428.2961245911818,1411.772547760535,1421.4278564453125,7758856
2026-02-24,1418.7403513100855,1426.7035326906043,1408.4877066792656,1422.2242431640625,12529409
2026-02-25,1428.395737725409,1433.8704252219175,1387.0867320699354,1392.063720703125,10728792
2026-02-26,1392.0637118415314,1406.397463315574,1385.4941111892442,1400.3255615234375,16683858
2026-02-27,1391.5659695052796,1403.9089251530934,1381.711508080472,1387.48486328125,12031440
2026-03-02,1369.1694587628867,1372.2551671563263,1335.3259388807069,1351.75,23728722
2026-03-04,1323.8789706886037,1346.5740873609554,1300.9848230751916,1338.8099365234375,32495007
2026-03-05,1346.8726294272453,1392.5614090361375,1346.8726294272453,1383.005615234375,25957532
2026-03-06,1390.0728674061675,1417.7449716586152,1383.9014503612218,1398.334716796875,19311971
2026-03-09,1368.6718029922313,1422.8214608086796,1363.6948146177142,1417.4462890625,24870822
2026-03-10,1424.015880450879,1424.9117626543534,1394.1539503917586,1402.3162841796875,18071259
2026-03-11,1418.34212900751,1427.4002232775151,1377.2321576556008,1383.8017578125,21848087
2026-03-12,1383.6027762448114,1404.4066120742223,1374.7437125844203,1385.7926025390625,20939959
2026-03-13,1378.8248707870416,1394.3531723993444,1372.0562392077015,1374.3455810546875,17265090
2026-03-16,1373.6488401657623,1390.8692691567512,1357.224777946389,1388.6793212890625,22837802
2026-03-17,1392.5613056143347,1399.429573667814,1381.8109624429321,1391.167724609375,19007744
2026-03-18,1390.7696473738063,1406.3974645008152,1390.7696473738063,1401.6195068359375,9559327
2026-03-19,1381.6119817895922,1409.1844489610974,1369.7667250791762,1378.4267578125,16498373
2026-03-20,1391.5659566755692,1423.4186824363833,1389.6746767818195,1407.8905029296875,22994918
2026-03-23,1393.5567722314413,1409.0849519631759,1384.598192981382,1401.3209228515625,18979554
2026-03-24,1413.4647025895886,1415.8536813182018,1400.1263494042955,1405.302490234375,18620893
2026-03-25,1413.464703831985,1423.9163794589117,1401.9181150601291,1406.596435546875,19041331
2026-03-27,1394.552193095842,1398.235116023098,1338.809921280448,1341.8956298828125,23266517
2026-03-30,1328.855902170806,1358.7178325566667,1327.960019957529,1337.7149658203125,24393861
2026-04-01,1377.8294025098971,1378.028554948465,1356.6275051009459,1362.8984375,14404619
2026-04-02,1350.7546307176451,1351.9490593116357,1321.8880984473344,1344.2845458984375,21280051
2026-04-06,1352.7454554606609,1352.7454554606609,1284.0630151171836,1298.6953125,29274881
2026-04-07,1289.040031502862,1302.2788696189978,1285.058440671965,1298.5958251953125,28388922
2026-04-08,1342.7914745147666,1344.3840865060406,1320.0963587364665,1341.5970458984375,21817543
2026-04-09,1339.8052690319548,1343.7868597274437,1320.195983460075,1323.87890625,20725390
2026-04-10,1330.8467605257397,1346.0763943468285,1325.3720730291864,1343.9859619140625,19364461
2026-04-13,1315.1193869938081,1321.4899565481755,1303.970981405046,1309.0474853515625,28753269
2026-04-15,1330.8467629297493,1340.8007402141902,1328.059600686701,1337.9140625,15313779
2026-04-16,1345.7777093601655,1347.5694738488123,1323.8789596516422,1337.1177978515625,30211012
2026-04-17,1333.832952366644,1362.1022720767137,1333.832952366644,1358.7178955078125,13869105
2026-04-20,1356.9261198573818,1366.6810660920328,1346.5740808024586,1357.0257568359375,13614733
2026-04-21,1352.7454957201878,1363.4958396538184,1343.8864317482064,1347.07177734375,27293629
2026-04-22,1344.085556855853,1359.7132520720183,1342.8910067161314,1355.8311767578125,9525953
2026-04-23,1339.8052948565,1349.261572940554,1334.529638479888,1337.21728515625,16385079
2026-04-24,1333.8328899956957,1339.7057606040942,1318.9019248091768,1321.6890869140625,11744802
2026-04-27,1306.9571155871217,1365.2873936261717,1304.9663202853897,1359.51416015625,24673098
2026-04-28,1351.7500009887617,1388.7787447541255,1350.75460334444,1382.5078125,41027699
2026-04-29,1385.5935377241706,1427.2012083655534,1384.896807968084,1418.83984375,30542143
2026-04-30,1402.5153692729207,1430.386505071105,1386.6885214286783,1424.215087890625,30957881
2026-05-01,1424.215087890625,1424.215087890625,1424.215087890625,1424.215087890625,0
2026-05-04,1426.8030702776819,1460.6465916696056,1426.8030702776819,1456.3663330078125,24035700
2026-05-05,1453.280606341501,1466.6189594959255,1443.3266295857375,1456.864013671875,23543341
2026-05-06,1456.2668061036345,1466.519450812893,1420.9301884572374,1431.2823486328125,14221786
2026-05-07,1432.1782190445704,1442.828925531327,1423.717338832762,1429.590087890625,19816903
2026-05-08,1419.4371163507371,1436.1598462687914,1410.9762359236815,1428.5947265625,8663105
2026-05-11,1413.4647305422184,1421.427912122738,1375.6396180347506,1381.81103515625,15261787
2026-05-12,1385.593546668805,1387.0866431630602,1354.0394893602804,1357.722412109375,24357500
2026-05-13,1355.1343963286624,1366.0837705701026,1346.1758174038478,1352.54638671875,13797989
2026-05-14,1358.9168476375535,1371.6579863902991,1352.148216400817,1355.5325927734375,17303059
2026-05-15,1350.5556491178086,1358.5188307246153,1323.082575367519,1330.24951171875,19976192
2026-05-18,1327.860551095503,1335.8237328112184,1312.6309174607939,1329.7518310546875,13022473
2026-05-19,1332.5387892026445,1337.8144453658963,1312.3322897558653,1316.6124267578125,21665501
2026-05-20,1312.6308349443716,1356.6274840630256,1306.558933569541,1353.442138671875,13248515
2026-05-21,1360.9076465750106,1364.590690861155,1339.0088978228712,1343.388671875,17150630
2026-05-22,1343.7868238683554,1361.106767233248,1342.8909416840763,1348.26611328125,7105813
2026-05-25,1360.5095872329855,1364.7897243191815,1350.7546414401118,1360.7086181640625,6750071
2026-05-26,1353.8404218493883,1362.2017870434288,1346.1759079681497,1350.0579833984375,13769747
2026-05-27,1346.7730400596713,1354.736221375619,1342.393266034199,1344.2845458984375,13215138
2026-05-28,1344.2845458984375,1344.2845458984375,1344.2845458984375,1344.2845458984375,0
2026-05-29,1357.7224546740495,1362.6994431442622,1310.9387630540493,1315.119384765625,42634247
2026-06-01,1326.3673976551404,1329.353590670499,1312.4318302501333,1313.9249267578125,10700603
2026-06-02,1301.6815361898255,1321.689127358814,1294.3156903458798,1308.5498046875,23302785
2026-06-03,1308.9480145168118,1317.906594083847,1295.0124463014238,1307.15625,20012293
2026-06-04,1295.0124259474096,1305.1654340270677,1287.1487597049047,1297.699951171875,23474327
2026-06-05,1304.5,1306.0,1288.0,1291.0,17785223
2026-06-08,1277.0,1282.5999755859375,1259.199951171875,1263.300048828125,16494759
2026-06-09,1269.0,1274.199951171875,1257.5,1269.199951171875,23620214
2026-06-10,1275.0,1300.5,1254.4000244140625,1258.800048828125,21012796
2026-06-11,1258.0,1276.0,1253.199951171875,1263.0,13117486
2026-06-12,1277.0,1297.0,1262.5,1293.0,11988785
2026-06-15,1315.300048828125,1325.0,1303.300048828125,1307.0,18633321
2026-06-16,1313.4000244140625,1333.4000244140625,1306.4000244140625,1328.800048828125,18513223
2026-06-17,1333.0,1334.0,1317.0,1332.699951171875,10029170
2026-06-18,1330.0,1333.9000244140625,1322.0,1328.0999755859375,15494549
2026-06-19,1328.0,1338.199951171875,1305.300048828125,1309.5,24887034
2026-06-22,1316.699951171875,1344.9000244140625,1314.0999755859375,1326.5,12931213
2026-06-23,1328.9000244140625,1333.0,1304.0,1309.5,15400184
2026-06-24,1305.699951171875,1322.0,1297.5,1313.5999755859375,11030917
2026-06-25,1318.0,1328.0,1314.5999755859375,1318.0999755859375,12694362
2026-06-26,1318.0999755859375,1318.0999755859375,1318.0999755859375,1318.0999755859375,0
2026-06-29,1308.0,1313.699951171875,1292.5999755859375,1301.0,13757656
2026-06-30,1306.9000244140625,1306.9000244140625,1290.0,1293.9000244140625,15695263
2026-07-01,1298.9000244140625,1312.199951171875,1296.5,1308.0,7001401
2026-07-02,1310.0,1313.199951171875,1299.0,1303.5,17795024
2026-07-03,1312.0,1312.0,1302.0,1304.0,7839550
2026-07-06,1304.0,1325.5999755859375,1299.4000244140625,1321.300048828125,7610709
2026-07-07,1323.5,1328.0,1304.0999755859375,1308.4000244140625,14335554
2026-07-08,1297.0,1302.300048828125,1271.5999755859375,1275.9000244140625,19960868
2026-07-09,1277.0999755859375,1296.5,1274.199951171875,1279.800048828125,14651963
2026-07-10,1291.9000244140625,1311.0999755859375,1287.800048828125,1307.800048828125,8412537
2026-07-13,1300.0,1306.4000244140625,1295.0,1296.9000244140625,9488352
2026-07-14,1290.0,1308.0,1286.9000244140625,1293.0,13511284
2026-07-15,1294.0999755859375,1310.9000244140625,1294.0999755859375,1295.5,9577965
2026-07-16,1295.5,1309.4000244140625,1291.800048828125,1296.5999755859375,15631046
2026-07-17,1300.0,1330.300048828125,1296.0999755859375,1327.199951171875,18302218
2026-07-20,1317.199951171875,1345.9000244140625,1314.9000244140625,1323.0999755859375,14305844
2026-07-21,1321.0,1326.9000244140625,1302.699951171875,1303.699951171875,12753410
2026-07-22,1302.0,1304.5999755859375,1280.699951171875,1288.5999755859375,10840383
2026-07-23,1283.0,1287.300048828125,1268.0,1272.199951171875,12580741
2026-07-24,1265.0,1283.4000244140625,1249.800048828125,1278.0,9817000
2026-07-27,1288.199951171875,1288.699951171875,1278.0,1280.0,7163132
2026-07-28,1275.0,1279.199951171875,1265.9000244140625,1267.699951171875,9312184
2026-07-29,1275.0,1282.4000244140625,1268.699951171875,1275.9000244140625,9448307
2026-07-30,1279.800048828125,1297.0,1275.300048828125,1292.9000244140625,12158451
2026-07-31,1295.0,1309.699951171875,1293.5999755859375,1307.800048828125,8624996
2026-08-03,1315.199951171875,1319.0,1306.0,1319.0,7508023
2026-08-04,1315.0,1315.0,1286.4000244140625,1290.9000244140625,10759546
2026-08-05,1293.0,1299.0,1270.0999755859375,1280.0,24820782
2026-08-06,1285.0,1325.199951171875,1281.199951171875,1325.0,20342297
2026-08-07,1320.0,1337.0,1316.5999755859375,1334.800048828125,9885638
2026-08-10,1330.0999755859375,1332.9000244140625,1321.300048828125,1327.300048828125,8207102
2026-08-11,1326.5999755859375,1328.699951171875,1314.0999755859375,1323.9000244140625,9953124
2026-08-12,1323.9000244140625,1329.0,1309.199951171875,1329.0,7901012
2026-08-13,1327.800048828125,1327.800048828125,1307.199951171875,1317.0,9397301
2026-08-14,1317.0,1317.5,1301.5,1310.0,10497358
2026-08-17,1314.0,1320.800048828125,1298.0999755859375,1316.0,13383867
2026-08-18,1314.0,1328.5999755859375,1311.199951171875,1322.0,10180567
2026-08-19,1320.300048828125,1321.5999755859375,1303.5,1311.0,7489365
2026-08-20,1315.5,1316.5,1307.0,1313.199951171875,5546227
2026-08-21,1314.0,1316.0,1308.0,1316.0,5434871
2026-08-24,1316.5999755859375,1320.0,1302.4000244140625,1309.800048828125,7277167
2026-08-25,1304.300048828125,1317.0999755859375,1300.0,1317.0,7115355
2026-08-26,1310.0,1315.5999755859375,1298.0,1298.0,5744474
2026-08-27,1305.0,1308.4000244140625,1282.199951171875,1282.199951171875,11271497
2026-08-28,1284.9000244140625,1291.800048828125,1280.0,1287.0,6830228
2026-08-31,1278.699951171875,1297.5999755859375,1271.0,1277.0,34871137
2026-09-01,1285.0,1311.800048828125,1280.0,1309.0,12617528
2026-09-02,1298.0,1321.9000244140625,1293.0999755859375,1313.0999755859375,13497841
2026-09-03,1313.0999755859375,1316.800048828125,1302.5,1302.5,9721454
2026-09-04,1304.0999755859375,1333.0,1304.0999755859375,1322.0,13031534
2026-09-07,1323.0999755859375,1324.199951171875,1301.9000244140625,1309.5,10210522
2026-09-08,1304.0999755859375,1306.800048828125,1288.0,1294.9000244140625,9799528
2026-09-09,1283.5,1294.699951171875,1277.199951171875,1279.0,12152819
2026-09-10,1278.5,1285.300048828125,1266.300048828125,1274.0,9296079
2026-09-11,1267.0,1267.4000244140625,1253.0,1257.5,8777736
2026-09-14,1257.5,1257.5,1257.5,1257.5,0
2026-09-15,1252.5,1259.4000244140625,1235.300048828125,1235.300048828125,13754376
2026-09-16,1243.0,1255.0,1240.0,1240.0,10023997
2026-09-17,1244.800048828125,1253.4000244140625,1238.5,1243.9000244140625,7752895
2026-09-18,1245.0,1247.300048828125,1226.4000244140625,1226.4000244140625,15122715
2026-09-21,1234.0999755859375,1249.0999755859375,1232.5,1247.4000244140625,10007218
2026-09-22,1247.5999755859375,1251.9000244140625,1237.4000244140625,1240.4000244140625,10684376
2026-09-23,1242.0,1252.800048828125,1238.9000244140625,1248.0,8352048
2026-09-24,1236.5999755859375,1241.5999755859375,1219.199951171875,1219.199951171875,13900316
